Run,Cost
1,74923.87097616128
2,74923.8709762243
3,74923.87097632908
4,74923.87097617851
5,74923.87097622085
6,74923.87097631759
7,74923.87097617605
8,74923.87097625734
9,74923.8709762662
10,74923.87097626008
11,74923.87097625172
12,74923.87097635823
13,74923.87097621821
14,74923.870976276
15,74923.87097616457
16,74923.87097621041
17,74923.87097621754
18,74923.87097608879
19,74923.87097622863
20,74923.870976226
