Run,Cost
1,63435.79887569748
2,63435.798875405526
3,63435.79887543969
4,63367.48724503348
5,63435.79887543347
6,63367.48724508769
7,63435.798875516666
8,63367.4872450564
9,63435.79887539808
10,63367.48724515114
11,63367.487245082
12,63367.48724498183
13,63367.48724510588
14,63435.79887546257
15,63367.48724505937
16,63435.79887550183
17,63435.798875379485
18,63435.79887554243
19,63367.48724506299
20,63435.79887531845
