Run,Cost
1,65748.26534168186
2,65748.26534168494
3,65748.2653416724
4,65748.2653415884
5,65748.26534157334
6,65748.26534155145
7,65748.2653417154
8,65748.26534153617
9,65748.2653415725
10,65748.26534173112
11,65748.26534169681
12,65748.26534169757
13,65748.26534159013
14,65748.2653417493
15,65748.26534165416
16,65748.26534151177
17,65748.26534161647
18,65748.26534149966
19,65748.26534177225
20,65748.26534155486
