Run,Cost
1,65927.72082715589
2,65927.72082719133
3,65927.72082708491
4,65927.72082709587
5,65927.7208270581
6,65927.72082706357
7,65927.72082708534
8,65927.72082712855
9,65927.7208271946
10,65927.72082683371
11,65927.72082710451
12,65927.72082706603
13,65927.72082728041
14,65927.72082717739
15,65927.72082706916
16,65927.72082707052
17,65927.7208270075
18,65927.72082719493
19,65927.72082711852
20,65927.7208271611
