Run,Cost
1,74915.48504161222
2,74915.48504171715
3,74915.48504154265
4,74915.48504165716
5,74915.48504160576
6,74915.48504174489
7,74915.48504151993
8,74915.4850415088
9,74915.48504182955
10,74915.48504170186
11,74915.48504155336
12,74915.48504162484
13,74915.48504155698
14,74915.48504148968
15,74915.48504153195
16,74915.48504158139
17,74915.48504167455
18,74915.48504161398
19,74915.48504168943
20,74915.48504151254
