Run,Cost
1,63529.606733423825
2,63529.606733526176
3,63529.60673351566
4,63529.60673357936
5,63529.60673346851
6,63529.60673355369
7,63529.60673351758
8,63529.6067335679
9,63529.60673348812
10,63529.60673363429
11,63529.60673354853
12,63529.60673365443
13,63529.60673364122
14,63529.6067334765
15,63529.60673337396
16,63529.60673375664
17,63529.60673355104
18,63529.6067334878
19,63529.60673351255
20,63529.606733510795
