Run,Cost
1,85804.24926351802
2,85804.2492632212
3,85804.24926335741
4,85804.24926341015
5,85804.24926339647
6,85804.24926338338
7,85804.2492632824
8,85804.2492635335
9,85804.24926346577
10,85804.24926343223
11,85804.24926357491
12,85804.24926331553
13,85804.24926333525
14,85804.24926334653
15,85804.24926355878
16,85804.24926343202
17,85804.24926347402
18,85804.24926343693
19,85804.24926348611
20,85804.24926336316
