Run,Cost
1,58170.36169400612
2,58170.36169425306
3,58170.361694086714
4,58170.361694058374
5,58183.126338001384
6,58170.36169407949
7,58183.12633789991
8,58183.12633798408
9,58169.605240195444
10,58169.605240123376
11,58169.6052401995
12,58170.36169407244
13,58183.12633802464
14,58169.60524020245
15,58169.60524028835
16,58183.882791904325
17,58169.60524012254
18,58169.605240208904
19,58183.12633791153
20,58170.36169412423
