Run,Cost
1,85813.03016663318
2,85813.0301669222
3,85813.03016668306
4,85813.03016672187
5,85813.03016682465
6,85813.03016693433
7,85813.03016666352
8,85813.03016671723
9,85813.03016672088
10,85813.03016681065
11,85813.03016666857
12,85813.03016665958
13,85813.03016673487
14,85813.03016680924
15,85813.0301668237
16,85813.03016679709
17,85813.03016668418
18,85813.03016669517
19,85813.03016668449
20,85813.03016676195
