Run,Cost
1,42064.294758051685
2,42060.7654497656
3,42060.765449838684
4,42060.76544982189
5,42060.76544987862
6,42060.76544972652
7,42060.765449733015
8,42064.29475803453
9,42060.76544980184
10,42060.76544983719
11,42060.76544970159
12,42060.76544972491
13,42064.29475809493
14,42060.76544980026
15,42060.76544974425
16,42060.7654496106
17,42064.294758215045
18,42060.765449731145
19,42060.76544971153
20,42064.29475806233
