Category,Mean_Instance_Improvement
CREMI,-0.157778650197944
image_seg,-0.191527306130016
knott-3d-150,0.10845904537570891
knott-3d-300,0.0478445841023725
knott-3d-450,-0.09065930556215315
