Run,Cost
1,0.3111861484214711
2,0.30969687539278734
3,0.311186144352581
4,0.31161800739549206
5,0.30969686954198156
6,0.31118617007731375
7,0.3130851267396964
8,0.3096968762793973
9,0.3111861935192461
10,0.3111861548173779
11,0.3096968715927259
12,0.3130851167488767
13,0.31118613849678656
14,0.311617996803164
15,0.3111861170191788
16,0.3111861793710062
17,0.3096969016126133
18,0.3096968745641233
19,0.31118613584954935
20,0.31118612940203705
