Run,Cost
1,0.5137257190407856
2,0.5137257220486299
3,0.5137257319081667
4,0.5137257068012275
5,0.513725744911215
6,0.5137257234722582
7,0.5137257133905632
8,0.51372573056612
9,0.513725729389351
10,0.5137257192640006
11,0.5137257119829356
12,0.513725711359648
13,0.513725727786994
14,0.5137257145983334
15,0.5137256981566528
16,0.5137257192136734
17,0.5137257425928637
18,0.513725702948459
19,0.5137257171150579
20,0.5137257518070065
