Run,Cost
1,0.5814888887572309
2,0.5814888559342534
3,0.5814889295615214
4,0.5814888791385742
5,0.5814888932724491
6,0.5814888728347757
7,0.5814889283023847
8,0.5814888512594256
9,0.5814889035516986
10,0.581488895327789
11,0.58148888736708
12,0.5814889068975414
13,0.581488852845534
14,0.5814889209809433
15,0.5814889278983187
16,0.5814889175609509
17,0.5814888730383132
18,0.5814888848011178
19,0.5814888949943253
20,0.5814889201468509
