Run,Cost
1,0.43047338036572214
2,0.4304733745968325
3,0.43047337000931285
4,0.4304733701201134
5,0.43047337961243376
6,0.4304733759121632
7,0.430473378933712
8,0.43047336022433735
9,0.43047337441354305
10,0.4304733681339315
11,0.4304733658660238
12,0.4304733686702634
13,0.43047336717068085
14,0.4304733941548688
15,0.4304733754007693
16,0.43047338700062887
17,0.4304733727931159
18,0.4304733792414369
19,0.4304733610760992
20,0.4304733719466057
