Run,Cost
1,0.4304733779003218
2,0.43047337173628497
3,0.43047338024994514
4,0.4304733629752902
5,0.4304733725168362
6,0.4304733666627171
7,0.43047337975238525
8,0.43047337087553594
9,0.4304733608774436
10,0.4304733756049644
11,0.4304733751563225
12,0.4304733856936833
13,0.4304733772786616
14,0.43047336080126003
15,0.430473362980547
16,0.4304733678799586
17,0.4304733832368245
18,0.4304733658486796
19,0.4304733598382853
20,0.4304733640838972
