Run,Cost
1,0.524327302047559
2,0.5243273094313412
3,0.5243273079227776
4,0.5243272885945459
5,0.5243273087730932
6,0.5243273050292023
7,0.5243273097249149
8,0.524327294565041
9,0.5243272888751399
10,0.5243273054118236
11,0.5243272945620069
12,0.524327275634797
13,0.524327318992631
14,0.5243272808354287
15,0.5243272939514868
16,0.5243272793621546
17,0.5243272739082797
18,0.5243272929762367
19,0.52432728895348
20,0.5243272845804151
