Run,Cost
1,0.5243273176235462
2,0.5243272883315975
3,0.5243273269143097
4,0.5243272722289071
5,0.5243272844941468
6,0.5243273096265118
7,0.5243273025042179
8,0.5243272666682652
9,0.5243272874884171
10,0.5243273179214247
11,0.5243272815503048
12,0.5243272998092992
13,0.5243273112735017
14,0.5243273004907679
15,0.5243273061526158
16,0.5243273132045777
17,0.5243272825897349
18,0.5243273012618261
19,0.5243273170244119
20,0.524327313673809
