Run,Cost
1,0.5155053612632079
2,0.5155053693545316
3,0.5155053463098855
4,0.5155053644537639
5,0.5155053420151887
6,0.5155053687674599
7,0.5155052934865996
8,0.515505390759429
9,0.5155053798022498
10,0.5155053826080569
11,0.5155054283065308
12,0.5155053985464643
13,0.515505385081392
14,0.5155054133268342
15,0.5155053634965278
16,0.5155053622973608
17,0.5155053620343035
18,0.5155053406790565
19,0.5155053724589385
20,0.5155053149864892
