Run,Cost
1,69.00000000608809
2,73.00000000111527
3,68.00000001520544
4,72.00000001215292
5,77.00000000664025
6,74.00000000175203
7,72.00000000522641
8,73.00000000161651
9,73.99999999878631
10,71.00000002125603
11,74.00000001478577
12,73.00000000493351
13,74.00000001294393
14,74.00000000327394
15,71.00000001046554
16,75.0000000054289
17,75.00000000267731
18,74.00000000710448
19,73.00000000426836
20,67.99999999903254
