Run,Cost
1,77.0000000300772
2,82.00000001929328
3,79.0000000219028
4,83.00000002205637
5,79.00000001747264
6,90.00000001884011
7,87.00000000732173
8,74.00000002486482
9,95.00000001303147
10,89.00000002422271
11,83.00000002116776
12,77.00000002192752
13,79.00000003007047
14,83.00000001513104
15,83.0000000271411
16,74.00000002941583
17,84.00000002232308
18,84.00000001752565
19,86.0000000192091
20,83.00000001812911
