Run,Cost
1,46.000000015742266
2,41.000000018870104
3,42.00000002006425
4,46.00000001883553
5,36.00000002014358
6,39.0000000179553
7,43.00000001367181
8,45.00000001290439
9,35.00000002467092
10,41.000000016422604
11,40.00000002310468
12,44.000000014648094
13,41.000000018613264
14,42.00000001635387
15,40.000000016856895
16,41.000000019301964
17,43.00000001247414
18,37.00000001764004
19,38.00000002984489
20,43.000000011563344
