Run,Cost
1,146.0000000001691
2,146.00000000112112
3,144.99999999936716
4,146.00000001580835
5,146.00000000911706
6,147.00000000731552
7,146.00000001450624
8,146.99999998686812
9,146.99999999049552
10,146.000000004081
11,147.00000000271396
12,146.000000019569
13,146.00000000408983
14,148.00000000636481
15,146.00000001805162
16,146.00000001610317
17,145.9999999850297
18,145.99999999613402
19,145.99999997405808
20,147.00000001855184
