Run,Cost
1,55.00000000975821
2,53.00000000089642
3,52.000000010645344
4,52.000000009566804
5,51.00000001784332
6,51.000000008178205
7,51.00000000289036
8,53.00000000921134
9,52.00000001103113
10,52.000000003010506
11,51.00000000732584
12,51.999999999515985
13,52.00000001366993
14,51.00000000480611
15,52.99999999956023
16,55.00000000587982
17,51.000000016142025
18,52.000000005184916
19,51.000000010091085
20,53.00000000749686
