Run,Cost
1,81.00000001413261
2,84.00000002728808
3,77.00000001422906
4,70.00000002666194
5,78.00000002318399
6,78.00000001462895
7,78.0000000202829
8,76.00000001209389
9,74.00000001983098
10,83.00000001753303
11,86.0000000158931
12,78.00000002829204
13,78.00000000988936
14,83.00000003214308
15,76.00000002376186
16,79.00000002360795
17,81.00000001782554
18,77.00000002803714
19,72.00000003416677
20,71.0000000281273
