Run,Cost
1,55.0000000217892
2,60.00000001546931
3,59.00000002166011
4,58.000000024355444
5,53.000000032813254
6,50.00000004075681
7,58.00000001853054
8,62.00000002642515
9,51.00000002505634
10,55.000000019215896
11,57.000000018345546
12,57.00000002112164
13,51.00000002115738
14,61.000000013233695
15,55.00000001179731
16,55.000000026023734
17,55.00000002142419
18,57.00000001502419
19,58.00000001506374
20,49.000000031058306
