Run,Cost
1,63.00000001021556
2,64.0000000060028
3,63.0000000172226
4,64.00000002047778
5,64.00000000817082
6,66.00000002332945
7,64.00000001025845
8,68.00000001660541
9,66.00000001788445
10,64.00000000489406
11,67.00000001068071
12,65.00000001542193
13,66.0000000096731
14,65.99999999681661
15,65.0000000058353
16,63.000000006116814
17,63.000000008182894
18,65.00000001082407
19,66.00000000629409
20,63.00000001673527
