Run,Cost
1,106.00000001262877
2,119.00000001544521
3,110.00000002125931
4,110.00000003102099
5,109.0000000197994
6,127.00000001827803
7,121.00000001156774
8,104.00000001391751
9,120.00000001193087
10,107.00000002675411
11,102.00000003730156
12,112.00000001981343
13,104.0000000272448
14,110.00000001651969
15,107.00000002262894
16,115.00000001453124
17,112.0000000055348
18,114.0000000154575
19,114.00000002203946
20,104.00000002265139
