Run,Cost
1,87.00000001280272
2,91.0000000091999
3,89.00000000675223
4,90.00000001058355
5,89.0000000159076
6,95.00000001247513
7,90.00000000810776
8,88.00000000438615
9,91.00000000932731
10,88.00000001161266
11,87.00000001795685
12,87.00000001025904
13,89.0000000064542
14,89.00000001323706
15,89.9999999973605
16,87.00000001039557
17,88.00000001368952
18,87.00000000233237
19,88.9999999911172
20,94.00000000894673
