Run,Cost
1,180.99999998294652
2,156.000000001782
3,168.00000002281666
4,156.00000003158462
5,151.00000001310306
6,166.00000003636129
7,149.99999998575035
8,162.00000000295572
9,156.000000021404
10,171.00000000380777
11,179.9999999994085
12,171.00000001330326
13,158.00000002753143
14,158.0000000017356
15,158.9999999945377
16,151.00000000558887
17,164.00000002841924
18,154.00000004093351
19,166.00000001892073
20,174.00000000437754
