Run,Cost
1,368.9999999875199
2,367.0000000186932
3,366.9999999812304
4,368.9999999990399
5,369.0000000406587
6,369.0000000255234
7,370.00000000936967
8,368.9999999971682
9,368.9999999977611
10,368.9999999991487
11,368.9999999822815
12,366.999999993728
13,369.0000000177567
14,369.0000000005749
15,369.0000000146554
16,370.0000000168136
17,369.00000002595226
18,367.0000000049024
19,369.0000000103369
20,363.00000000523477
