Run,Cost
1,142.99999999984982
2,141.9999999925591
3,140.9999999940788
4,141.0000000033816
5,144.0000000068101
6,140.00000000003368
7,137.9999999908177
8,140.00000000158775
9,142.9999999924911
10,143.00000001098715
11,143.00000001523557
12,142.00000000705427
13,141.9999999953993
14,141.9999999962948
15,142.99999999717159
16,137.9999999937257
17,141.00000000193023
18,140.00000001256907
19,142.99999999617933
20,143.00000000324147
