Run,Cost
1,490.9999999866367
2,490.0000000173802
3,490.9999999783942
4,490.0000000024859
5,490.0000000040418
6,491.00000000897984
7,490.9999999960063
8,490.00000004046535
9,489.99999996253393
10,490.0000000296627
11,491.00000003835686
12,490.00000003079174
13,491.0000000696215
14,490.999999984282
15,491.00000001414907
16,489.9999999599733
17,490.99999997986856
18,490.00000005438346
19,490.9999999742238
20,489.9999999948371
