Run,Cost
1,147.00000002018533
2,143.0000000270732
3,138.00000002121385
4,131.00000003113502
5,153.00000001984068
6,129.0000000248573
7,142.0000000235498
8,140.00000003544517
9,129.0000000254089
10,132.00000002914817
11,140.00000002040744
12,129.00000003488293
13,149.0000000146655
14,122.00000002423985
15,133.000000031126
16,135.00000003762338
17,150.0000000293201
18,137.0000000254799
19,147.99999999600638
20,124.00000004618845
