Run,Cost
1,215.00000001511305
2,212.0000000059906
3,196.00000002961448
4,220.00000001319577
5,234.00000001725186
6,242.00000002792646
7,210.00000002698215
8,217.00000004032316
9,213.00000004551268
10,244.0000000245328
11,227.00000002254203
12,207.0000000343641
13,236.0000000045069
14,213.00000003744356
15,220.0000000165784
16,236.99999999934698
17,216.00000002589346
18,229.99999998739662
19,209.00000000315205
20,228.00000001873872
