Run,Cost
1,119.00000000820951
2,112.00000000352878
3,119.00000001546086
4,116.00000002656232
5,119.00000000558846
6,120.00000000834858
7,112.00000000448577
8,116.99999999446699
9,116.00000001022995
10,117.00000000640513
11,115.00000002532505
12,118.00000000741188
13,118.00000000147244
14,117.00000001224451
15,118.00000001124445
16,114.0000000018009
17,119.00000000505051
18,120.0000000030925
19,112.00000001274275
20,117.00000000786423
