Run,Cost
1,491.00000001082987
2,489.9999999629486
3,490.99999996986577
4,491.0000000225058
5,490.99999993286957
6,490.9999999999831
7,491.0000000039125
8,490.0000000270087
9,491.0000000027425
10,490.0000000015436
11,490.00000003006716
12,491.0000000278612
13,489.99999998645126
14,491.0000000329775
15,491.0000000574406
16,489.99999998197313
17,491.000000057877
18,491.0000000317139
19,490.99999997773364
20,490.9999999745434
