Run,Cost
1,161.0000000059983
2,162.00000001994647
3,163.0000000040706
4,162.00000000084742
5,164.00000001104453
6,165.00000001922228
7,157.00000001088446
8,165.00000000529457
9,166.00000003022006
10,155.0000000094265
11,160.00000002260856
12,163.99999999522473
13,161.00000001836236
14,160.9999999862295
15,164.0000000060636
16,164.00000000109
17,164.00000002196825
18,164.00000001289044
19,164.0000000192183
20,164.00000001284607
