Run,Cost
1,73.00000002742998
2,69.00000002992098
3,72.00000002591217
4,72.00000002755137
5,65.00000003057457
6,70.00000003016704
7,70.00000003432116
8,66.00000002845955
9,76.00000002733468
10,66.00000003018096
11,77.00000002694597
12,73.00000002469531
13,71.00000002650667
14,75.0000000163913
15,66.0000000408447
16,68.0000000280125
17,78.00000003266008
18,70.00000002595114
19,67.00000002833862
20,65.0000000260347
