Run,Cost
1,87.00000001394992
2,83.00000000760316
3,81.00000001699567
4,86.00000001028772
5,79.00000002389005
6,85.0000000033795
7,83.00000001565044
8,83.00000000684246
9,87.0000000074393
10,82.00000001466088
11,79.00000001234629
12,86.99999999740987
13,84.0000000093535
14,84.00000000933959
15,89.00000000416036
16,76.00000001990344
17,88.00000001524474
18,84.00000000880064
19,84.00000001376563
20,83.00000000948629
