Run,Cost
1,93.00000004136004
2,97.00000003944254
3,93.00000003373759
4,101.00000001728647
5,96.00000003879823
6,94.00000002319182
7,105.00000002410478
8,94.00000001914289
9,91.0000000316177
10,92.00000002598001
11,103.00000001216225
12,99.00000002636212
13,99.00000002679845
14,98.00000001997024
15,93.00000002884184
16,94.00000003656835
17,95.00000003071776
18,97.0000000279394
19,105.00000003026162
20,110.00000002603616
