Run,Cost
1,656.9999999839308
2,641.000000014735
3,657.0000000443996
4,657.0000000188892
5,657.0000000085845
6,657.0000000194894
7,657.0000000214242
8,656.9999999910235
9,657.0000000253408
10,657.0000000381752
11,657.0000000443691
12,656.9999999584116
13,651.9999999990096
14,651.9999999954374
15,656.9999999986073
16,652.0000000093412
17,656.9999999953012
18,657.0000000159124
19,657.0000000059842
20,657.0000000443551
