Run,Cost
1,198.00000000319199
2,193.0000000178483
3,191.00000000772403
4,190.00000000702727
5,193.00000001267546
6,196.99999999802856
7,202.0000000180371
8,193.00000001469508
9,196.00000000337977
10,191.0000000084888
11,192.0000000185915
12,198.00000000207382
13,191.0000000239447
14,199.00000000223625
15,203.00000001128495
16,192.99999998863004
17,190.0000000138387
18,188.00000001164116
19,191.9999999996846
20,193.00000000009354
