Run,Cost
1,656.9999999996757
2,657.0000000140114
3,657.0000000124306
4,656.9999999905156
5,657.0000000248868
6,657.000000029262
7,657.0000000547735
8,656.9999999867395
9,657.0000000563315
10,657.0000000155295
11,657.0000000311431
12,656.9999999719131
13,657.0000000345591
14,657.000000037695
15,656.9999999996572
16,656.9999999804639
17,656.9999999542644
18,656.9999999382889
19,657.0000000071763
20,656.9999999927137
