Run,Cost
1,271.0000000225655
2,263.0000000238661
3,265.00000000479156
4,257.9999999983709
5,255.00000004338472
6,273.00000002427566
7,258.00000004673336
8,221.0000000645354
9,261.00000001013973
10,281.00000001510904
11,288.00000002442204
12,250.99999999329762
13,232.0000000134213
14,248.99999999173227
15,226.00000004531537
16,269.0000000217452
17,267.000000001816
18,241.0000000209264
19,277.0000000146555
20,253.00000002254436
