Run,Cost
1,309.0000000198084
2,309.000000036176
3,312.9999999577034
4,312.0000000014335
5,308.0000000009458
6,308.99999997816724
7,311.00000003348174
8,305.00000002435723
9,312.0000000074682
10,310.9999999881743
11,318.99999999379645
12,309.0000000294633
13,312.0000000137689
14,311.9999999987498
15,310.99999999778794
16,311.9999999956966
17,311.000000007115
18,311.9999999961296
19,309.0000000016841
20,309.00000000935955
