Run,Cost
1,104.00000003065348
2,113.00000003435537
3,116.00000003200533
4,104.0000000384898
5,113.00000003548863
6,120.00000002503721
7,114.00000003178027
8,113.00000003757715
9,120.00000002789814
10,120.00000002418541
11,107.00000002716237
12,113.00000003523368
13,107.00000002990434
14,114.0000000342645
15,119.00000003858995
16,114.00000003821555
17,117.00000004432758
18,124.00000003191847
19,121.00000002836937
20,105.00000005216852
