Run,Cost
1,136.00000001808894
2,140.00000000876034
3,141.00000000276643
4,136.0000000154905
5,132.99999999852196
6,134.00000001187567
7,139.00000000815052
8,133.00000001301277
9,135.00000001111
10,135.00000001532638
11,139.00000002550843
12,140.99999999945427
13,133.0000000155612
14,135.00000002138046
15,140.00000001239883
16,140.00000000973532
17,133.00000000045117
18,137.0000000101313
19,140.99999998556999
20,134.0000000084503
