Run,Cost
1,159.00000002462144
2,177.00000004199347
3,163.0000000436023
4,181.0000000289323
5,175.00000003422218
6,152.00000003514023
7,172.00000004520282
8,175.00000001999678
9,161.00000005175377
10,172.00000002427345
11,172.00000003627656
12,165.00000001632608
13,158.00000004406817
14,176.00000002557695
15,167.00000003344397
16,187.00000000188052
17,174.00000002374458
18,170.00000001838737
19,159.00000002304313
20,163.00000001986166
