Run,Cost
1,80.00000003258691
2,78.00000002372677
3,82.00000002609987
4,78.00000002615506
5,82.0000000343599
6,78.00000002243185
7,77.0000000320233
8,90.00000003276953
9,80.00000004207313
10,80.00000003184125
11,82.00000004300378
12,84.00000002833777
13,80.00000003407128
14,84.00000003522776
15,84.00000002982495
16,79.00000003048753
17,82.00000003970412
18,88.00000003310967
19,83.00000003030581
20,82.00000003700065
