Run,Cost
1,94.00000001077325
2,93.00000001288382
3,96.0000000142273
4,93.00000001491804
5,94.00000001052192
6,92.0000000141203
7,90.00000002512624
8,93.00000001766935
9,92.00000001658736
10,93.00000001046378
11,94.00000001632003
12,94.00000000522117
13,95.00000000235569
14,92.00000002312305
15,92.0000000213243
16,92.00000001945205
17,94.000000007804
18,90.00000002343249
19,90.00000001755043
20,94.00000000701749
