Run,Cost
1,71.00000000145263
2,71.00000000077831
3,72.00000000829104
4,72.00000001109112
5,68.00000000495935
6,71.99999999934501
7,72.00000000701796
8,71.99999999986599
9,72.00000001342286
10,60.9999999962672
11,71.00000000834382
12,72.00000001327139
13,71.99999999972388
14,71.99999999352475
15,72.0000000036262
16,63.00000000487078
17,71.99999999869523
18,70.99999999912649
19,71.9999999928757
20,69.00000000380396
