Run,Cost
1,53.00000000973775
2,57.000000010911904
3,54.000000007809966
4,54.00000000621984
5,53.00000000685512
6,57.00000000637635
7,55.00000000564853
8,58.000000002540794
9,54.00000000407239
10,56.00000000798044
11,51.0000000122748
12,51.000000005849756
13,51.00000000837488
14,50.00000001596378
15,55.00000000886593
16,49.000000009386866
17,53.00000000357432
18,57.00000001249636
19,54.000000011803664
20,50.999999997561964
