Run,Cost
1,77.00000000715482
2,78.00000002147046
3,77.99999998902759
4,77.99999999450054
5,77.99999999395216
6,76.00000001262384
7,77.99999999907797
8,77.99999998482267
9,78.00000000584728
10,76.99999999886087
11,77.99999998659254
12,78.00000000180924
13,78.0000000063914
14,77.00000000389896
15,75.99999999713486
16,75.9999999991158
17,77.00000001046745
18,78.00000000012768
19,64.99999998705636
20,76.00000000157819
