Run,Cost
1,72.00000000200917
2,72.00000000738343
3,71.99999999940147
4,66.00000000568193
5,63.000000009929906
6,61.99999999885828
7,67.00000000823778
8,69.0000000015443
9,69.99999999614094
10,71.00000000058779
11,66.99999999806221
12,61.99999999792249
13,70.9999999890909
14,66.99999999476955
15,69.00000000628032
16,67.00000001195427
17,66.00000000321462
18,67.00000000218824
19,63.999999998214506
20,71.99999999562884
