Run,Cost
1,58.00000000217973
2,54.99999999441481
3,56.99999999691859
4,50.000000009018564
5,53.00000001237093
6,51.00000000642947
7,49.000000010388625
8,49.99999999791602
9,51.99999999665134
10,48.999999999881204
11,52.99999999974995
12,52.00000000864704
13,47.00000000902377
14,55.00000000410284
15,53.000000009625225
16,53.0000000056801
17,52.99999999998997
18,48.999999997098804
19,50.00000000437491
20,50.00000000285519
