Run,Cost
1,50.00000000783082
2,51.00000000990834
3,51.000000011029385
4,46.00000000922728
5,53.000000008688396
6,44.000000009876025
7,50.000000010328705
8,42.00000000335128
9,51.00000001253169
10,48.000000010384966
11,50.00000000941813
12,49.000000004294506
13,51.00000001546877
14,44.00000001035929
15,44.00000000622924
16,49.00000001116465
17,53.00000001690679
18,54.00000000140533
19,52.000000012435365
20,49.000000002790344
