Run,Cost
1,59.00000001276419
2,57.00000001103711
3,56.000000007876004
4,56.00000000828125
5,46.99999999602006
6,57.9999999976134
7,58.99999999433175
8,59.000000007649724
9,59.00000001713289
10,58.00000000627379
11,56.000000007766346
12,59.00000000076616
13,59.00000000260967
14,60.00000000804753
15,61.00000000052175
16,55.00000001441935
17,57.00000000969771
18,53.99999999423815
19,56.000000010999024
20,57.000000001672625
