Run,Cost
1,43.00000000373562
2,44.99999999933444
3,47.999999998051614
4,47.000000001227114
5,43.00000000789658
6,43.99999999949739
7,47.00000000303671
8,46.00000000860938
9,44.00000000850421
10,46.000000000251255
11,43.00000000271464
12,45.00000000571342
13,45.00000000911428
14,45.99999999960732
15,44.00000000685865
16,46.00000000534696
17,42.000000002660045
18,44.00000000277951
19,44.00000000990201
20,48.000000004846015
