Run,Cost
1,56.00000001437573
2,55.000000002036955
3,58.00000000833808
4,56.000000016656806
5,57.00000001222392
6,56.000000006202534
7,59.000000012048936
8,59.99999999830501
9,58.0000000132145
10,54.999999995805595
11,56.99999998913081
12,59.99999999881159
13,57.00000000972266
14,56.00000000908593
15,58.000000005721915
16,52.00000001292426
17,53.00000001265099
18,55.99999999941778
19,56.00000000706201
20,56.99999999574443
