Run,Cost
1,89.00000000582672
2,89.00000000432875
3,83.99999999424445
4,81.99999999872368
5,89.00000000644867
6,89.00000000215823
7,89.00000000086229
8,80.99999999644236
9,83.99999999994876
10,89.00000000202661
11,88.99999998987683
12,84.0000000059688
13,86.99999999446409
14,79.00000001128106
15,89.00000000259818
16,89.00000000216309
17,88.99999999962954
18,89.00000000151047
19,89.00000000007525
20,88.9999999893461
