Run,Cost
1,58.000000007205664
2,60.00000000637755
3,59.000000006828714
4,60.000000000203976
5,59.000000018016976
6,59.00000000435742
7,59.99999999964594
8,57.00000000208063
9,57.00000000606289
10,55.0000000137539
11,60.00000000110869
12,57.99999999886049
13,59.99999999612355
14,59.00000000462851
15,60.00000000544018
16,57.0000000099709
17,57.000000005709985
18,59.00000001169848
19,45.000000011527234
20,59.000000007242164
