Run,Cost
1,60.00000000395605
2,58.99999999480731
3,59.00000000057732
4,59.00000000016921
5,55.999999997351566
6,60.00000000597715
7,60.000000004368005
8,56.00000000802133
9,60.00000000296757
10,54.999999999826144
11,55.99999999775723
12,53.99999999515769
13,61.00000001310052
14,60.00000000201764
15,58.00000000544174
16,57.00000000671265
17,52.00000000737038
18,57.00000000439395
19,58.0000000070424
20,59.00000000056557
