Run,Cost
1,66.00000000667656
2,62.00000001368604
3,70.00000000486746
4,60.00000000450231
5,67.99999999528679
6,67.00000001248792
7,57.00000000084288
8,52.00000000157906
9,68.99999999759801
10,66.00000000590437
11,63.000000004987356
12,65.0000000050458
13,68.0000000024501
14,69.9999999968856
15,69.00000000015173
16,64.99999999053091
17,66.99999999903402
18,63.000000011334784
19,69.99999999921424
20,57.000000009333974
