Run,Cost
1,75.99999999543365
2,73.00000000207987
3,78.00000000402008
4,78.00000000053956
5,70.99999999127243
6,78.00000000408313
7,76.00000000626721
8,75.99999999160269
9,78.00000000498476
10,77.99999999329948
11,78.00000001316876
12,77.00000000547445
13,78.00000000026309
14,78.00000000711638
15,75.99999999942065
16,78.00000000665361
17,77.99999999876748
18,77.99999998603496
19,75.00000000496948
20,77.9999999988673
