Run,Cost
1,59.99999999761447
2,60.00000000357866
3,60.00000000738371
4,59.99999999164674
5,59.99999999424219
6,60.00000000452377
7,60.00000000338403
8,60.00000000323174
9,59.9999999960626
10,60.000000012446925
11,58.99999999464212
12,58.00000000265902
13,57.00000000113486
14,60.00000000286651
15,60.00000000577386
16,58.99999999514834
17,60.00000000632433
18,57.00000000092268
19,60.00000000849567
20,58.00000000351642
