Run,Cost
1,66.00000000803672
2,66.00000000166429
3,65.9999999960149
4,69.99999998797772
5,70.00000001751278
6,69.00000000663753
7,65.99999999994353
8,69.99999999407594
9,65.99999998469221
10,63.000000008403624
11,66.99999999743471
12,66.99999999490055
13,66.00000000550028
14,68.00000000568285
15,61.99999999374117
16,69.00000000036677
17,70.00000000076065
18,64.99999999917263
19,63.000000008745104
20,70.00000000577546
