Run,Cost
1,64.00000000791958
2,60.00000001748001
3,62.00000000790279
4,63.00000000458123
5,63.00000000486052
6,55.00000001117797
7,60.000000012859246
8,61.00000000605383
9,62.00000000428526
10,62.000000010535096
11,56.00000001432377
12,61.00000000450734
13,57.99999999782872
14,64.00000000919327
15,56.00000001524836
16,59.0000000075786
17,62.0000000136095
18,63.99999999982622
19,63.00000001123522
20,58.00000000447985
