Run,Cost
1,98.00000001022342
2,96.99999999512836
3,98.00000000858357
4,92.9999999998775
5,98.00000000151644
6,98.00000001581411
7,96.99999999990631
8,96.99999999974747
9,98.00000000272091
10,98.00000000332611
11,95.99999999446611
12,96.99999999784136
13,97.99999999947076
14,96.00000000707976
15,94.99999998282736
16,96.00000000508867
17,90.99999999996925
18,97.99999999476485
19,98.00000000934193
20,97.00000000166497
