Run,Cost
1,60.00000001204183
2,64.99999999369199
3,63.00000000270314
4,65.00000000134447
5,64.00000000924445
6,64.00000000901169
7,62.00000000090494
8,63.000000004275265
9,63.99999999709703
10,64.00000000974384
11,63.999999996559666
12,64.00000000196324
13,63.99999999359318
14,60.00000000309408
15,64.00000000379961
16,64.00000001142598
17,64.00000000084617
18,61.99999999935036
19,63.00000000415448
20,64.00000000566781
