Run,Cost
1,96.99999999663466
2,95.00000000191042
3,94.00000000443472
4,96.00000000311202
5,97.00000000897944
6,92.00000001310715
7,97.0000000011773
8,95.0000000000122
9,95.0000000056023
10,98.00000001276905
11,97.00000001162833
12,96.00000000297233
13,96.99999998904846
14,97.00000000186635
15,97.00000000306831
16,93.99999999928416
17,94.00000000769955
18,94.00000001537879
19,98.00000000292191
20,95.00000000491147
