Run,Cost
1,60.00000001409388
2,70.00000000702654
3,59.00000001318789
4,66.00000000443787
5,67.00000000315626
6,67.00000001712353
7,64.0000000164048
8,64.00000001170022
9,63.00000001008591
10,61.00000000161186
11,64.00000001031111
12,65.00000001570737
13,64.00000000678764
14,65.00000000458022
15,64.00000000912412
16,64.00000000351193
17,60.00000000071429
18,61.00000001149299
19,65.00000001229687
20,65.00000000838683
