Run,Cost
1,99.0000000065548
2,99.00000001267016
3,98.99999999771026
4,97.00000000607191
5,101.00000000455537
6,98.00000001091873
7,102.00000001262832
8,101.99999999894234
9,100.99999999426329
10,94.99999998334549
11,100.00000000899871
12,101.00000000521374
13,100.00000000411552
14,98.99999999889285
15,96.0000000015548
16,96.00000001324057
17,98.00000001248218
18,101.00000000086024
19,99.99999999834479
20,98.99999999762042
