Run,Cost
1,500.0000000025032
2,515.0000000069634
3,521.999999997469
4,504.99999999646496
5,552.9999999989112
6,499.00000000495174
7,477.99999999647264
8,506.00000001182707
9,509.000000007619
10,523.0000000034769
11,504.99999999716795
12,562.000000004977
13,521.0000000039837
14,520.9999999939997
15,529.9999999949895
16,526.0000000080278
17,558.0000000065353
18,508.00000000475126
19,506.00000000870307
20,561.0000000125327
