Run,Cost
1,443.0000000002077
2,431.99999999702254
3,437.0000000022006
4,420.00000000215334
5,443.00000000307415
6,428.9999999989916
7,421.99999999869675
8,443.000000003304
9,425.0000000035226
10,427.00000001186356
11,425.000000006811
12,388.000000002905
13,426.0000000000301
14,414.9999999940016
15,455.000000007115
16,402.99999999974415
17,430.0000000137387
18,433.00000000606656
19,407.0000000026052
20,414.00000000703915
