Run,Cost
1,627.000000004758
2,634.0000000153985
3,646.0000000032057
4,641.9999999916002
5,633.0000000053763
6,635.9999999986221
7,657.9999999830637
8,621.999999999456
9,659.0000000160554
10,682.9999999952641
11,688.0000000006085
12,603.0000000041224
13,650.9999999917476
14,641.999999998448
15,703.0000000067886
16,629.999999987224
17,643.0000000234569
18,617.9999999904369
19,652.0000000140313
20,614.0000000111637
