Run,Cost
1,419.00000000002973
2,406.99999999619985
3,409.9999999982354
4,410.0000000016927
5,440.0000000070429
6,409.9999999903347
7,409.9999999918461
8,406.99999999528694
9,447.99999999710525
10,419.0000000121452
11,436.9999999964482
12,444.9999999897061
13,410.00000000428463
14,447.9999999939256
15,440.0000000096487
16,418.9999999953678
17,444.99999998847954
18,447.9999999960571
19,436.999999992961
20,407.0000000090164
