Run,Cost
1,552.9999999912611
2,553.0000000067188
3,553.0000000079431
4,552.9999999880495
5,552.9999999989989
6,552.9999999977695
7,552.9999999924753
8,552.9999999881985
9,553.00000000163
10,553.0000000108147
11,553.0000000065004
12,552.9999999924131
13,553.00000001229
14,552.999999996539
15,552.9999999978171
16,552.9999999936326
17,553.0000000048474
18,553.0000000101961
19,553.000000004668
20,552.9999999928366
