Run,Cost
1,405.99999999647764
2,406.00000000734013
3,419.99999999889866
4,404.0000000076207
5,423.99999999962995
6,411.9999999957624
7,442.00000000427843
8,425.9999999960323
9,403.00000000223775
10,422.0000000010761
11,412.9999999963543
12,427.9999999912841
13,422.00000000546254
14,423.9999999881433
15,432.00000001173214
16,412.00000000786497
17,433.0000000021503
18,413.9999999945419
19,421.0000000024623
20,444.9999999959917
