Run,Cost
1,503.99999999683394
2,509.00000000511983
3,524.9999999960562
4,515.9999999932709
5,513.0000000016912
6,481.00000000499796
7,508.00000000238396
8,487.00000000137686
9,525.0000000049379
10,497.00000000038483
11,485.9999999986014
12,526.0000000004578
13,526.9999999996631
14,487.99999999315355
15,482.0000000086706
16,487.9999999935475
17,498.99999999916184
18,489.00000000970147
19,506.9999999916484
20,525.9999999977343
