Run,Cost
1,519.0000000096485
2,523.9999999913429
3,523.9999999982773
4,518.9999999949114
5,519.0000000009657
6,519.0000000075507
7,519.0000000000906
8,519.0000000110158
9,523.9999999961909
10,518.9999999970281
11,524.000000002168
12,523.9999999999333
13,524.0000000019584
14,524.0000000044106
15,524.0000000029598
16,524.0000000070081
17,523.999999998489
18,523.9999999958108
19,518.9999999989496
20,523.9999999962712
