Run,Cost
1,658.9999999966001
2,685.9999999966941
3,659.0000000068563
4,658.9999999973078
5,685.9999999964496
6,679.0000000126722
7,679.0000000015082
8,685.9999999920202
9,686.0000000110052
10,694.000000006909
11,693.9999999928685
12,694.0000000077741
13,659.0000000007411
14,686.0000000054207
15,694.0000000093496
16,678.9999999970826
17,659.000000015892
18,678.9999999995126
19,678.9999999888379
20,658.9999999996836
