Run,Cost
1,513.9999999989594
2,537.0000000047232
3,537.000000002621
4,537.0000000058726
5,522.0000000018454
6,514.0000000016613
7,504.99999999809415
8,537.0000000095848
9,536.9999999998299
10,513.9999999885133
11,523.999999990573
12,551.0000000030167
13,514.0000000086278
14,505.0000000006081
15,504.9999999967783
16,514.0000000100544
17,529.0000000046232
18,505.0000000011395
19,504.9999999923107
20,504.99999999343123
