Run,Cost
1,495.0000000125349
2,552.9999999977871
3,497.00000001365663
4,573.0000000098865
5,530.000000008323
6,511.9999999967368
7,533.000000010667
8,575.0000000047579
9,498.00000001425394
10,508.00000000165903
11,527.9999999921057
12,543.9999999979498
13,481.9999999929472
14,533.0000000053359
15,534.0000000161442
16,536.0000000062729
17,451.9999999959921
18,522.9999999948805
19,536.9999999979759
20,473.99999999936966
