Run,Cost
1,4081584.5350102033
2,4081584.535009724
3,4081584.535010883
4,4081584.5350105986
5,4081584.5350107006
6,4081584.535010084
7,4081584.535009252
8,4081584.53501065
9,4081584.5350096463
10,4081584.535010162
11,4081584.535009953
12,4081584.5350092775
13,4081584.535010261
14,4081584.5350110303
15,4081584.535010795
16,4081584.5350101255
17,4081584.535009725
18,4081584.5350102754
19,4081584.535010545
20,4081584.535009764
