Run,Cost
1,387361.2864877322
2,387361.28646256315
3,387361.2864628665
4,387361.2864631218
5,387361.2864893308
6,387361.28648750717
7,387361.28648786544
8,387361.28646354127
9,387361.28646187164
10,387361.2864642785
11,387361.28648779844
12,387361.28646241606
13,387361.2864873754
14,387361.2864866003
15,387361.28646346886
16,387361.28648765956
17,387361.2864624303
18,387361.28648906073
19,387361.28648835304
20,387361.28646388656
