Run,Cost
1,619924.2334359308
2,619924.2334358966
3,619924.2334359281
4,619924.2334356806
5,619924.2334356337
6,619924.2334360515
7,619924.2334362
8,619924.2334358356
9,619924.2334359365
10,619924.2334360611
11,619924.2334361
12,619924.2334358287
13,619924.2334358909
14,619924.2334359742
15,619924.2334362831
16,619924.2334361136
17,619924.2334360229
18,619924.2334361258
19,619924.2334357484
20,619924.2334361766
