Run,Cost
1,479.99999999301417
2,545.9999999992929
3,476.0000000023083
4,551.0000000157987
5,534.0000000146392
6,469.00000000392316
7,458.0000000127578
8,548.0000000071706
9,490.00000000488035
10,567.9999999991047
11,495.0000000012247
12,543.9999999948857
13,490.9999999879917
14,551.9999999967539
15,459.9999999986116
16,468.0000000154161
17,524.0000000017886
18,531.0000000062645
19,476.0000000054798
20,505.99999999491945
