Run,Cost
1,296.9999999991948
2,305.00000000444095
3,305.0000000053849
4,297.0000000034056
5,296.9999999970532
6,304.0000000012947
7,296.99999999797416
8,297.0000000000495
9,303.0000000074845
10,297.0000000089736
11,302.9999999973853
12,302.99999999342054
13,297.0000000010277
14,297.0000000070568
15,296.99999999695893
16,305.00000000244364
17,304.00000000536323
18,304.99999999298984
19,304.00000000149475
20,297.0000000001106
