Run,Cost
1,577.0000000066099
2,576.999999996291
3,577.0000000015532
4,535.0000000038858
5,556.0000000051367
6,577.0000000021885
7,556.0000000021272
8,555.9999999910125
9,576.9999999970549
10,535.0000000050567
11,576.9999999997325
12,576.9999999957997
13,577.0000000068526
14,535.0000000017914
15,555.0000000017191
16,577.0000000022927
17,534.9999999989318
18,576.9999999880458
19,577.0000000037162
20,577.0000000133996
