Run,Cost
1,414.0000000053082
2,432.0000000061396
3,426.00000001395887
4,423.00000000587653
5,406.00000000094263
6,449.0000000062649
7,409.0000000083142
8,430.0000000000117
9,441.0000000070443
10,441.00000000459147
11,417.00000000316857
12,412.0000000003166
13,433.99999999246535
14,418.9999999944953
15,419.0000000025896
16,404.0000000110974
17,441.0000000162594
18,420.0000000117229
19,411.00000000139767
20,441.00000000030275
