Run,Cost
1,528.9999999888672
2,520.9999999977091
3,504.0000000061004
4,519.0000000068867
5,537.000000011016
6,509.99999999921835
7,505.99999999321744
8,546.9999999897437
9,509.0000000132664
10,522.9999999963856
11,480.0000000025492
12,476.00000001651654
13,490.0000000068722
14,535.000000011823
15,500.0000000032499
16,505.00000000692165
17,533.0000000091956
18,504.000000003775
19,522.99999999335
20,516.0000000021864
