Run,Cost
1,531.9999999933424
2,595.0000000084368
3,534.9999999899885
4,566.0000000120028
5,587.0000000009744
6,573.0000000119726
7,550.0000000014594
8,522.0000000060091
9,574.9999999987447
10,578.0000000003549
11,570.9999999841413
12,584.0000000065336
13,574.0000000045017
14,528.9999999865249
15,573.9999999979796
16,593.0000000119842
17,561.0000000068198
18,606.0000000024447
19,530.0000000023698
20,549.9999999938935
