Run,Cost
1,417.0000000126093
2,417.0000000015717
3,416.9999999949596
4,417.0000000048721
5,417.0000000032604
6,416.99999999236485
7,417.00000000212333
8,416.99999999562186
9,416.9999999956102
10,416.99999999958214
11,417.00000000110936
12,417.000000000731
13,417.00000000127807
14,416.9999999908319
15,416.99999999888917
16,416.9999999935459
17,417.00000000296916
18,416.9999999959014
19,416.9999999970849
20,416.99999999864417
