Run,Cost
1,602.0000000144582
2,602.0000000074133
3,602.0000000049275
4,602.0000000035659
5,601.999999988585
6,602.0000000028737
7,602.0000000051898
8,602.0000000062093
9,601.9999999967572
10,601.9999999988626
11,602.000000008788
12,601.9999999956095
13,601.9999999882286
14,602.0000000155541
15,602.0000000011731
16,601.9999999854346
17,602.000000006623
18,602.0000000018726
19,601.999999989626
20,601.999999998146
