Run,Cost
1,308.0000000031888
2,310.999999998276
3,300.9999999971434
4,313.9999999973045
5,304.999999997354
6,308.00000000119456
7,315.99999999795705
8,316.00000000608674
9,301.00000000374115
10,310.99999999517036
11,316.0000000030489
12,313.99999999520395
13,308.99999999514796
14,306.0000000036183
15,315.9999999943571
16,307.99999999562186
17,301.00000000564575
18,316.0000000050433
19,309.0000000002235
20,315.9999999975712
