Run,Cost
1,548.9999999984141
2,495.9999999947546
3,518.9999999989818
4,496.9999999910758
5,541.0000000064026
6,541.0000000051509
7,497.00000000422756
8,495.9999999996625
9,548.999999987931
10,540.9999999900883
11,541.0000000113558
12,520.9999999921286
13,521.0000000007467
14,541.0000000008656
15,496.99999999639317
16,549.0000000021591
17,518.9999999979896
18,541.0000000043417
19,496.9999999911306
20,541.0000000062333
