Run,Cost
1,1498.999999989947
2,1499.0000000055434
3,1498.9999999949896
4,1498.9999999994445
5,1498.9999999983986
6,1498.9999999961256
7,1499.0000000141847
8,1498.9999999970735
9,1498.9999999912288
10,1498.9999999923398
11,1498.9999999977472
12,1499.000000002447
13,1498.9999999946613
14,1499.0000000113246
15,1499.0000000077891
16,1499.000000000723
17,1498.999999997815
18,1498.9999999842767
19,1499.0000000007592
20,1498.9999999854729
