Run,Cost
1,966.9999999936766
2,966.9999999869183
3,966.9999999977973
4,967.0000000044004
5,967.0000000096693
6,967.000000000283
7,967.0000000123811
8,967.0000000016981
9,966.9999999944455
10,966.9999999977781
11,967.0000000045372
12,967.0000000071809
13,967.0000000061028
14,967.0000000088355
15,966.9999999969517
16,966.9999999947747
17,967.0000000025537
18,967.0000000114208
19,966.9999999955331
20,966.999999995118
