Run,Cost
1,81801.9999999995
2,81801.9999999149
3,81801.99999999662
4,81801.99999992893
5,81802.00000003449
6,81801.9999999517
7,81801.99999999785
8,81802.00000007587
9,81802.000000014
10,81802.00000000054
11,81801.9999999617
12,81802.00000010524
13,81802.00000003008
14,81801.99999997874
15,81802.00000002925
16,81802.00000006915
17,81801.99999998281
18,81802.0000000158
19,81802.00000012244
20,81801.99999997737
