Run,Cost
1,3472.0000000059695
2,3472.000000016115
3,3471.999999987844
4,3471.999999991087
5,3471.9999999898387
6,3472.0000000000014
7,3472.000000001758
8,3472.0000000120813
9,3472.0000000120726
10,3471.9999999970864
11,3471.9999999984057
12,3471.9999999872316
13,3472.0000000141185
14,3471.999999993918
15,3472.0000000011887
16,3471.999999997665
17,3472.000000014572
18,3471.9999999965758
19,3471.999999995571
20,3471.999999999387
