Run,Cost
1,323614.00000011735
2,323613.99999994494
3,323614.00000003655
4,323614.00000009796
5,323613.99999997934
6,323614.00000006414
7,323614.00000001024
8,323613.99999994517
9,323613.99999971956
10,323614.0000000866
11,323613.9999998135
12,323614.00000005506
13,323613.99999994494
14,323614.000000077
15,323613.9999999467
16,323614.00000011857
17,323614.0000000866
18,323613.9999998257
19,323613.9999999806
20,323613.99999984365
