Run,Cost
1,3040.999999985247
2,3041.000000015203
3,3040.9999999919983
4,3041.0000000025134
5,3041.000000016525
6,3041.000000017413
7,3041.000000021334
8,3041.000000009707
9,3041.0000000070677
10,3041.000000007765
11,3041.000000017304
12,3041.0000000160853
13,3040.9999999746287
14,3041.000000010363
15,3041.0000000029995
16,3040.999999983184
17,3041.000000007064
18,3040.9999999895203
19,3040.9999999954857
20,3041.000000008897
