Run,Cost
1,14612.99999999606
2,14613.000000019429
3,14613.000000004833
4,14612.999999992626
5,14613.000000019716
6,14612.999999994408
7,14612.999999990501
8,14613.000000004195
9,14612.999999976286
10,14613.000000022515
11,14612.999999993366
12,14613.000000003214
13,14612.999999986367
14,14613.00000002608
15,14612.999999945001
16,14613.000000003767
17,14612.999999985861
18,14613.000000012144
19,14613.000000010854
20,14612.999999977586
