Run,Cost
1,315802.00000000594
2,315802.0000000525
3,315801.99999998667
4,315801.9999998999
5,315802.0000001438
6,315801.9999999619
7,315801.99999986426
8,315801.9999999431
9,315801.9999998711
10,315802.0000002127
11,315801.99999983073
12,315802.000000059
13,315801.9999997648
14,315801.9999999018
15,315802.0000000286
16,315801.9999999411
17,315801.99999988097
18,315802.00000012486
19,315802.0000002286
20,315801.9999998571
