Run,Cost
1,73067.99999995553
2,73068.00000002176
3,73067.99999981895
4,73068.00000006698
5,73067.9999999718
6,73068.00000006024
7,73067.99999997405
8,73067.99999997114
9,73067.9999999379
10,73067.99999997068
11,73067.99999998244
12,73068.00000003354
13,73067.99999986807
14,73068.00000002226
15,73067.9999999738
16,73067.99999999875
17,73067.99999998612
18,73067.999999997
19,73068.00000003894
20,73067.9999999851
