Run,Cost
1,73067.99999999862
2,73067.99999993182
3,73067.99999997127
4,73067.99999994124
5,73068.00000001858
6,73067.9999999079
7,73067.99999995029
8,73067.99999992989
9,73068.00000002168
10,73068.00000000306
11,73068.00000001011
12,73067.99999995218
13,73068.00000011236
14,73067.99999997504
15,73067.99999993634
16,73067.99999997947
17,73068.0000000041
18,73067.99999998313
19,73067.99999994264
20,73067.99999998206
