Run,Cost
1,11774.999999997362
2,11774.999999910384
3,11774.999999967573
4,11774.999999977063
5,11774.9999999561
6,11775.000000032069
7,11774.99999999373
8,11774.9999999742
9,11774.999999940865
10,11775.000000038532
11,11774.99999998484
12,11775.000000067117
13,11774.999999951446
14,11774.999999923948
15,11775.000000000537
16,11775.000000021508
17,11774.999999988504
18,11775.000000019176
19,11774.999999953432
20,11775.000000041351
