Run,Cost
1,955.0000000096472
2,954.9999999932821
3,954.9999999934944
4,954.999999987098
5,954.9999999805613
6,955.000000005402
7,954.9999999999404
8,954.9999999981123
9,955.0000000013038
10,954.9999999873801
11,954.9999999939175
12,954.9999999975705
13,954.9999999882075
14,954.9999999925777
15,954.9999999963816
16,955.0000000072378
17,955.0000000074942
18,955.0000000104262
19,954.9999999824228
20,955.0000000008336
