Run,Cost
1,594331.999999951
2,591104.9999999752
3,605531.0000000619
4,605530.9999999269
5,594332.0000002078
6,594332.0000000359
7,591104.9999999701
8,594331.9999997662
9,591104.9999998247
10,594332.0000000045
11,594331.9999998963
12,605530.9999999934
13,594331.9999998914
14,605531.0000000126
15,594332.0000000137
16,594331.9999998886
17,591104.9999999593
18,605530.99999981
19,594331.9999997419
20,591105.0000001988
