Run,Cost
1,31752.000000009473
2,31752.000000010426
3,31752.0000000176
4,31751.999999996915
5,31752.000000019412
6,31751.99999999172
7,31751.99999999606
8,31752.000000020555
9,31752.00000002206
10,31751.999999995514
11,31752.00000000165
12,31751.999999995543
13,31751.99999996309
14,31752.000000028744
15,31752.00000000173
16,31752.00000000399
17,31752.0000000172
18,31752.000000011067
19,31751.999999969135
20,31751.999999992975
