Run,Cost
1,27758.000000004464
2,29327.000000004235
3,29399.0000000165
4,28027.000000000393
5,28879.000000000324
6,27779.999999994325
7,30804.00000000898
8,28376.000000001375
9,29072.00000001429
10,28307.999999988548
11,27350.999999982614
12,27476.99999999455
13,29076.999999998287
14,30447.00000001781
15,29154.999999986747
16,31735.00000002761
17,29779.999999996355
18,27775.00000001875
19,28322.000000008127
20,29009.00000001037
