Run,Cost
1,29633.999999981726
2,27990.000000011492
3,27283.99999999871
4,29714.000000012584
5,28899.00000000609
6,29797.999999993426
7,28508.999999994212
8,27521.000000010292
9,28869.000000005446
10,28970.000000017084
11,29161.99999997573
12,27703.99999997068
13,30141.000000004697
14,28155.000000002154
15,30213.000000020475
16,29294.999999991185
17,27751.99999998755
18,29495.99999997511
19,28993.999999996104
20,29808.000000008895
