Run,Cost
1,6518.000000016593
2,6733.000000004179
3,6732.999999998126
4,6246.999999996555
5,6549.999999993985
6,6518.0000000028085
7,6230.999999999581
8,6231.000000001789
9,6549.999999992016
10,6550.000000004152
11,6230.999999997228
12,6549.999999998633
13,6517.999999993266
14,6550.000000007087
15,6580.999999992073
16,6230.999999996102
17,6246.999999995553
18,6733.000000005934
19,6246.999999993295
20,6517.999999996363
