Run,Cost
1,6706.999999988564
2,6707.000000013107
3,6706.999999996736
4,6706.999999997714
5,6706.999999993007
6,6707.000000008838
7,6707.000000002653
8,6707.000000004729
9,6706.999999994441
10,6707.0000000114405
11,6707.000000004756
12,6706.999999995714
13,6707.000000009961
14,6707.000000004375
15,6706.999999992963
16,6707.00000000469
17,6706.999999993056
18,6707.000000000101
19,6706.999999996761
20,6707.0000000072405
