Run,Cost
1,7209.000000000101
2,7208.999999987955
3,7208.999999988051
4,7208.999999993144
5,7208.999999996601
6,7209.000000000197
7,7209.000000005593
8,7209.000000006145
9,7208.999999996255
10,7208.999999992242
11,7208.9999999917145
12,7209.000000008504
13,7208.999999988524
14,7208.999999988744
15,7209.000000003463
16,7209.000000000068
17,7209.000000006469
18,7208.9999999994
19,7208.99999999332
20,7208.999999997675
