Run,Cost
1,7222.999999995553
2,7222.999999989305
3,7222.999999999087
4,7222.999999995
5,7223.000000002782
6,7223.0000000048385
7,7222.9999999985685
8,7223.00000000168
9,7223.000000001019
10,7222.999999989414
11,7223.000000003335
12,7222.999999995113
13,7223.000000001442
14,7223.0000000007585
15,7222.99999999841
16,7223.000000011217
17,7223.000000005386
18,7223.000000010707
19,7222.999999997084
20,7223.000000002133
