Run,Cost
1,6301.9999999937145
2,6272.000000005488
3,6301.999999997616
4,6301.999999996496
5,6308.999999999478
6,6301.999999996203
7,6302.000000009964
8,6272.00000000801
9,6271.999999993015
10,6302.000000011085
11,6308.999999990153
12,6271.99999999084
13,6308.999999997393
14,6301.999999998133
15,6302.000000005556
16,6301.999999998121
17,6272.000000002637
18,6308.999999995447
19,6272.000000001664
20,6301.999999997376
