Run,Cost
1,6673.0000000055325
2,6673.000000003989
3,6672.999999988041
4,6672.999999995239
5,6673.000000005013
6,6673.000000003963
7,6672.999999993393
8,6673.000000003132
9,6673.000000006259
10,6673.000000001369
11,6673.00000000469
12,6673.000000000387
13,6673.000000009085
14,6673.0000000012515
15,6673.000000005508
16,6673.000000006722
17,6672.999999997966
18,6672.999999993357
19,6673.000000011602
20,6673.000000000167
