Run,Cost
1,6698.000000005996
2,6697.999999999259
3,6070.000000009547
4,6990.000000008353
5,6698.000000008911
6,6285.000000004909
7,6698.000000001469
8,6990.0000000023
9,6697.999999997188
10,6989.9999999951215
11,6507.999999991743
12,6508.000000005135
13,6284.9999999967395
14,6697.99999999371
15,6989.999999994635
16,6284.999999998421
17,6697.999999993033
18,6697.999999989858
19,6507.999999995924
20,6697.999999999403
