Run,Cost
1,10568.000000012207
2,9725.000000005906
3,10053.000000006232
4,10052.999999999818
5,9725.000000001417
6,10145.999999998734
7,10052.99999999174
8,10093.0000000028
9,10264.000000002201
10,9725.000000003647
11,9725.000000006368
12,10093.000000001271
13,10093.00000001049
14,9725.000000002194
15,9724.999999996553
16,10093.000000016274
17,10567.999999995822
18,9724.999999997628
19,10264.000000003474
20,9724.999999997348
