Run,Cost
1,8492.00000000197
2,8263.999999992087
3,7726.000000008913
4,8636.999999994609
5,8968.000000002108
6,8718.000000014064
7,8717.999999987465
8,8840.000000010137
9,8968.000000003396
10,8307.000000002681
11,8798.999999994214
12,8307.000000009992
13,8198.000000001011
14,8663.00000000779
15,8818.000000005926
16,8839.999999987214
17,7797.999999998631
18,8419.999999991182
19,8517.000000003241
20,7821.999999993619
