Run,Cost
1,9157.000000019214
2,9157.000000012882
3,9156.999999996355
4,9157.000000010925
5,9156.999999983871
6,9157.000000001632
7,9156.999999992158
8,9156.999999993039
9,9157.000000004758
10,9156.999999997313
11,9157.000000008633
12,9157.000000001717
13,9157.000000014612
14,9157.000000002896
15,9156.999999997079
16,9156.999999995545
17,9156.999999999232
18,9157.000000008924
19,9157.000000007094
20,9156.999999992162
