Run,Cost
1,10073.000000007556
2,9986.000000006232
3,10671.999999999047
4,10190.000000002778
5,9985.999999994137
6,9602.000000007438
7,9552.000000003847
8,9986.000000002974
9,10112.000000001955
10,9836.999999995307
11,9607.000000007203
12,10728.000000008358
13,10728.000000001515
14,9837.000000009124
15,10033.999999995998
16,10728.00000000902
17,9985.999999986594
18,10671.999999994872
19,9837.00000000126
20,9836.999999999562
