Run,Cost
1,12155.99999999966
2,11875.000000001899
3,12171.000000008597
4,11031.999999989515
5,11984.000000014035
6,12171.000000008655
7,11843.000000000717
8,11874.999999999125
9,11031.99999998938
10,11079.000000000704
11,12170.999999998277
12,11744.999999999714
13,11745.000000008686
14,11794.000000000984
15,11842.999999998015
16,12171.000000003161
17,12156.000000017022
18,11843.000000005253
19,11842.999999998414
20,11289.99999999655
