Run,Cost
1,11471.000000009064
2,11470.999999997708
3,11471.000000000337
4,11471.000000009328
5,11471.000000010996
6,11471.00000000807
7,11471.000000003078
8,11470.999999996337
9,11471.00000000286
10,11471.000000003707
11,11471.000000001379
12,11471.000000004764
13,11471.000000011307
14,11470.999999993055
15,11471.000000005264
16,11471.000000003525
17,11471.000000004053
18,11470.999999996491
19,11470.999999999316
20,11471.000000008591
