Run,Cost
1,11212.999999995218
2,11171.999999996975
3,10883.999999995807
4,10660.999999987744
5,11457.000000003734
6,11119.000000004537
7,10660.999999985464
8,10660.99999999377
9,11172.000000001035
10,11172.000000001184
11,11474.999999998015
12,11172.000000000304
13,10884.000000000362
14,11172.000000011945
15,11171.999999997566
16,11172.000000005073
17,10200.999999996624
18,10660.999999999894
19,11118.999999988611
20,10884.000000002248
