Run,Cost
1,11008.000000008935
2,11008.00000000192
3,11007.999999985943
4,11008.000000003303
5,11007.999999997826
6,11007.999999996999
7,11007.99999999804
8,11008.000000003585
9,11008.000000002956
10,11008.000000003556
11,11008.000000002954
12,11008.000000006572
13,11007.999999993697
14,11007.99999999385
15,11008.000000004187
16,11007.999999986123
17,11008.000000006961
18,11007.999999991383
19,11008.000000001237
20,11007.999999994567
