Run,Cost
1,16273.999999994623
2,16216.00000001546
3,15450.999999994285
4,16252.999999989359
5,16003.00000000487
6,16439.000000013537
7,14963.999999996837
8,16799.999999990272
9,15119.00000000874
10,16675.999999999145
11,16842.00000000082
12,16441.000000002186
13,15333.000000026097
14,15689.999999997648
15,16432.999999995038
16,16148.999999988171
17,15995.99999999833
18,15923.000000013511
19,17683.999999997395
20,15525.00000002156
