Run,Cost
1,16787.99999998128
2,16545.000000010077
3,16134.999999987353
4,16395.00000000727
5,17047.999999993
6,16683.000000006043
7,17048.000000022363
8,16233.000000004333
9,16604.99999998798
10,16380.999999993164
11,16380.999999996942
12,16374.999999987143
13,15797.000000003243
14,16410.99999999544
15,16397.000000008476
16,17048.000000007214
17,16682.99999999951
18,15775.000000012697
19,17086.000000003263
20,16152.000000004491
