Run,Cost
1,17803.999999980417
2,15631.9999999976
3,16702.99999999267
4,15610.999999983163
5,16382.00000001609
6,16702.99999999339
7,16924.000000027576
8,16293.99999999478
9,16810.000000013646
10,16577.000000001273
11,16680.000000013883
12,17961.0000000069
13,16150.000000011405
14,16703.000000008622
15,16237.000000003138
16,16150.000000007853
17,16382.000000009262
18,16382.000000008866
19,15239.999999989883
20,16703.00000000138
