Run,Cost
1,678827.000000219
2,686832.9999998944
3,661145.0000000023
4,668312.0000000737
5,669565.999999772
6,676449.9999998542
7,673358.0000000818
8,666485.0000002042
9,686639.999999903
10,678102.0000001342
11,681077.9999999614
12,678981.0000004435
13,661031.9999998919
14,676708.0000001392
15,667106.9999999491
16,662658.9999994627
17,672405.9999996042
18,654415.0000003788
19,650305.0000000583
20,681759.0000003248
