Run,Cost
1,1267396.0000000617
2,1267395.9999997497
3,1267395.9999998307
4,1267395.999999848
5,1267396.0000005236
6,1267395.9999995213
7,1267396.0000002435
8,1267396.0000003458
9,1267395.9999990899
10,1267396.0000003392
11,1267396.0000006894
12,1267395.9999997527
13,1267395.999999981
14,1267395.999998725
15,1267395.9999997094
16,1267396.0000004102
17,1267396.0000005264
18,1267396.0000008545
19,1267396.0000002214
20,1267396.000000067
