Run,Cost
1,1924955.0000004
2,1884677.9999996773
3,1893577.0000010417
4,1947874.0000004526
5,1882402.0000010454
6,1899176.0000001402
7,1904762.999999772
8,1870657.000000718
9,1871266.0000002468
10,1909437.9999998652
11,1880934.9999997045
12,1877885.0000003572
13,1922948.999999627
14,1924405.0000001302
15,1914100.9999999648
16,1846102.9999995767
17,1910606.9999998598
18,1885923.999999634
19,1851652.9999994573
20,1853393.000000095
