Run,Cost
1,1865640.999999783
2,1885352.9999996822
3,1854149.000000046
4,1914061.0000003064
5,1902228.9999994102
6,1880685.0000002712
7,1913911.0000000393
8,1890036.9999994827
9,1900111.000000344
10,1931027.999999406
11,1883688.9999996591
12,1874351.0000002694
13,1871629.9999997036
14,1912702.0000001786
15,1838276.000000107
16,1864746.9999996265
17,1861067.9999995655
18,1886507.9999995881
19,1866620.9999989723
20,1915571.9999997828
