Run,Cost
1,241498.00000013676
2,244150.99999990544
3,240223.99999977296
4,245394.9999997873
5,235242.00000002055
6,250306.00000011
7,246662.99999989037
8,229362.9999998061
9,244831.99999999916
10,243211.9999998147
11,240972.9999997718
12,247392.99999997174
13,246432.99999987328
14,241770.99999992552
15,250317.00000006644
16,252436.9999999511
17,250571.00000024904
18,242932.00000013327
19,236138.9999996838
20,241806.00000000978
