Run,Cost
1,14824.000000182727
2,14470.000000059637
3,14866.000000056967
4,14567.000000062439
5,14751.000000098946
6,14313.00000010192
7,14327.000000217442
8,14585.999999932925
9,13925.000000106367
10,14771.9999999082
11,14898.000000056543
12,14303.00000015356
13,14350.00000020208
14,14744.000000114385
15,14612.999999931255
16,14024.999999942265
17,14855.000000025904
18,14634.999999979824
19,14851.000000096943
20,14169.0000000066
