Run,Cost
1,242291.99999994645
2,231125.00000015303
3,237131.99999994517
4,234868.999999769
5,241282.00000006723
6,245345.0000001283
7,236873.99999986403
8,237645.99999991196
9,233854.99999989985
10,242617.00000005617
11,235810.99999992285
12,235110.99999992512
13,233395.00000021674
14,245806.99999998268
15,248498.00000020937
16,245733.0000000628
17,230927.00000018466
18,239481.00000005777
19,244292.0000000647
20,244144.99999989217
