Run,Cost
1,240013.00000001755
2,240660.9999999397
3,239735.99999994927
4,236732.00000003193
5,230572.00000009325
6,234822.99999991615
7,235892.0000000223
8,235773.0000000272
9,239985.99999998213
10,241886.9999998415
11,232414.99999990218
12,233490.0000000761
13,232618.00000002587
14,231997.99999987156
15,227196.99999996665
16,227855.9999998771
17,236774.00000004243
18,235597.0000000354
19,239075.999999986
20,238005.0000002292
