Run,Cost
1,240311.00000007777
2,240311.0000000141
3,240311.00000017905
4,240311.0000000588
5,240311.00000010387
6,240311.00000006397
7,240310.99999984828
8,240311.00000033938
9,240311.00000000987
10,240310.99999997517
11,240310.99999999063
12,240310.9999998206
13,240311.00000012713
14,240310.99999996144
15,240311.00000005175
16,240311.0000000693
17,240310.99999990073
18,240311.0000000428
19,240310.99999997113
20,240310.99999995928
