Run,Cost
1,12783.000000104756
2,13209.000000158987
3,12914.99999990258
4,12638.999999914766
5,13156.99999997888
6,13493.999999864953
7,12824.999999881451
8,12866.999999860713
9,13400.999999999398
10,13180.000000070968
11,13165.999999903905
12,13049.999999847843
13,13639.999999873673
14,13056.000000045957
15,13265.000000093894
16,13245.000000130056
17,12554.00000000202
18,12830.00000004839
19,12731.999999880536
20,12967.000000214266
