Run,Cost
1,222011.9999999601
2,222012.00000007896
3,222011.99999993658
4,222012.00000021505
5,222011.9999996836
6,222012.00000024543
7,222011.99999978673
8,222012.00000013426
9,222011.99999998428
10,222012.0000000231
11,222011.99999997125
12,222011.99999981184
13,222011.99999993664
14,222012.00000026834
15,222012.00000003216
16,222012.00000010766
17,222012.0000003931
18,222012.0000001596
19,222012.00000016313
20,222012.00000005533
