Run,Cost
1,235305.99999995655
2,235305.99999991976
3,235306.0000000135
4,235305.9999999415
5,235306.00000003853
6,235305.99999990105
7,235305.9999999928
8,235305.99999980166
9,235305.99999989127
10,235306.00000013693
11,235305.99999962695
12,235306.0000002668
13,235306.0000001541
14,235306.0000000463
15,235306.00000005597
16,235305.9999998794
17,235305.99999997305
18,235305.99999984534
19,235305.99999998524
20,235305.9999999969
