Run,Cost
1,12794.000000000193
2,12608.000000037795
3,12352.000000056307
4,12547.999999911925
5,12309.999999904801
6,12419.999999906315
7,12125.000000069434
8,12693.999999925109
9,12539.000000051947
10,13175.999999978609
11,12561.999999875048
12,13154.999999841608
13,12771.000000017433
14,12718.000000000557
15,12654.000000201542
16,12342.999999944328
17,12734.000000117712
18,12808.999999901787
19,12727.000000143486
20,12828.0000002402
