Run,Cost
1,228815.99999990372
2,233665.99999994345
3,223672.0000001899
4,233483.00000033242
5,230503.99999997314
6,240208.99999994593
7,228340.00000007972
8,234997.99999989086
9,243410.00000011068
10,236892.00000006886
11,235671.99999999613
12,231326.9999999615
13,234508.99999993405
14,237457.000000115
15,227570.00000006915
16,239757.00000013076
17,232315.0000001004
18,230727.00000005355
19,239251.00000017558
20,238750.99999997567
