Run,Cost
1,13825.0000000981
2,13825.000000027792
3,13824.99999994302
4,13824.999999747633
5,13825.000000050946
6,13825.000000265505
7,13824.999999958542
8,13825.0000002251
9,13825.000000120497
10,13825.000000107264
11,13825.000000041024
12,13824.999999838132
13,13825.000000115333
14,13825.000000023798
15,13825.000000099348
16,13825.000000056096
17,13824.999999913345
18,13825.00000008578
19,13824.999999925076
20,13824.999999969372
