Run,Cost
1,229836.0000000378
2,241168.0000000431
3,237473.99999989348
4,240093.99999988105
5,240925.99999968865
6,245140.0000001062
7,240894.99999991167
8,234548.9999998702
9,233546.99999989214
10,244506.99999995556
11,235244.99999997547
12,237409.99999993946
13,240626.0000000543
14,233478.00000020693
15,239904.00000011196
16,239931.99999992963
17,240404.00000009258
18,235765.00000011746
19,239791.00000020117
20,231762.99999980684
