Run,Cost
1,242392.99999984304
2,242392.9999997672
3,242392.99999990538
4,242392.99999983574
5,242393.00000004226
6,242392.99999994755
7,242392.99999997613
8,242393.00000000128
9,242393.00000009176
10,242393.0000000345
11,242393.0000000044
12,242392.99999996138
13,242393.00000000355
14,242392.99999999098
15,242392.99999995707
16,242393.00000002637
17,242393.0000000723
18,242392.99999996152
19,242392.99999992637
20,242393.0000001952
