Run,Cost
1,12655.000000144528
2,12864.999999838148
3,12866.999999977124
4,12866.999999958132
5,12866.999999965088
6,12865.00000019337
7,12679.999999933862
8,12867.00000011711
9,12679.99999987866
10,12864.999999944386
11,12866.999999995542
12,12865.00000012335
13,12865.000000161117
14,12680.00000010663
15,12826.999999887046
16,12680.000000064805
17,12679.99999995967
18,12867.00000014211
19,12864.999999901802
20,12865.00000013956
