Run,Cost
1,13888.000000223437
2,13590.000000124859
3,13064.999999943862
4,13811.000000096572
5,13688.99999999213
6,14143.000000036216
7,13510.000000235606
8,13404.000000019954
9,13815.999999985776
10,13591.00000009157
11,13503.999999884889
12,13758.99999991703
13,13330.000000108988
14,13968.999999890795
15,13525.000000030746
16,13323.000000177051
17,13977.999999912123
18,13955.999999932817
19,13417.00000008148
20,13838.999999957236
