Run,Cost
1,59448.00000003625
2,56276.0000000977
3,59155.999999986874
4,58450.00000001793
5,58402.00000001783
6,58693.9999999224
7,62080.999999928696
8,59109.99999992037
9,58467.99999997197
10,59699.99999999127
11,59068.00000002444
12,59700.999999992215
13,62896.99999999113
14,59486.99999998433
15,57994.00000003066
16,59879.99999993262
17,56581.00000002688
18,61754.000000058324
19,59249.99999992848
20,59241.999999990076
