Run,Cost
1,1129.9999999850904
2,1003.00000001196
3,1091.0000000189125
4,1069.0000000147131
5,1156.0000000062023
6,1185.9999999818162
7,1142.0000000207735
8,1144.0000000283035
9,1185.0000000218265
10,1110.0000000135233
11,1140.000000048913
12,1092.999999973433
13,1094.0000000470448
14,1159.0000000222842
15,1145.9999999832708
16,1212.0000000044986
17,1127.9999999956626
18,1158.0000000139144
19,1169.000000015191
20,1068.0000000042567
