Run,Cost
1,6001.000000136968
2,6001.000000102215
3,6001.000000100868
4,6001.000000040987
5,6001.000000214527
6,6001.000000086824
7,6001.00000011673
8,6001.000000027276
9,6000.999999990447
10,6001.000000005755
11,6000.999999949326
12,6001.00000001803
13,6000.999999966373
14,6001.000000036062
15,6000.999999953154
16,6001.000000059946
17,6000.999999963132
18,6001.00000003444
19,6001.000000094187
20,6001.000000059241
