Run,Cost
1,9291.00000001509
2,9290.999999850563
3,9290.999999981706
4,9290.999999916383
5,9290.999999922973
6,9291.000000009852
7,9290.999999983207
8,9290.999999772277
9,9291.000000073342
10,9290.999999961878
11,9291.000000020693
12,9291.000000164977
13,9291.000000081573
14,9291.000000093703
15,9290.99999993395
16,9291.00000001603
17,9291.00000001873
18,9291.000000073414
19,9290.999999921636
20,9291.000000136199
