Run,Cost
1,399330.99999986973
2,389861.9999994628
3,387120.9999997701
4,381693.0000000293
5,381033.00000049383
6,388399.00000018516
7,407835.99999984563
8,392099.999999711
9,397160.9999999472
10,394888.9999997386
11,390100.9999998392
12,393710.00000017346
13,403838.00000004674
14,381129.9999997718
15,401248.0000000871
16,398169.9999998577
17,403320.0000000398
18,409893.0000002733
19,391770.99999986094
20,403628.9999998101
