Run,Cost
1,392945.00000015675
2,385945.0000000897
3,393757.99999970733
4,395059.000000075
5,380989.00000019756
6,386229.0000000736
7,370132.00000012305
8,390265.00000022247
9,378733.0000000338
10,369764.99999989074
11,388537.99999969924
12,376122.9999997486
13,391432.0000001112
14,388404.0000001952
15,400089.9999999977
16,395087.99999989924
17,391952.00000008236
18,374612.00000039965
19,402169.999999735
20,381542.000000043
