Run,Cost
1,106917.0021443267
2,106923.74642722566
3,106917.17862090611
4,106917.0021443601
5,106922.93487697146
6,106955.76949150326
7,106917.17862087446
8,106949.83675896135
9,106926.81794424458
10,106944.08050312549
11,106917.00214436054
12,106926.81794443777
13,106917.00214432665
14,106943.9365962699
15,106917.00214425908
16,106941.51182949782
17,106917.17862087421
18,106943.93659613979
19,106944.0805030409
20,106917.00214441482
