Run,Cost
1,65927.72082710224
2,65927.72082721542
3,65927.72082698034
4,65927.72082710662
5,65927.72082700903
6,65927.72082714153
7,65927.72082709652
8,65927.72082702539
9,65927.72082701017
10,65927.7208270883
11,65927.72082697805
12,65927.72082726134
13,65927.72082709864
14,65927.7208269669
15,65927.72082723046
16,65927.72082703756
17,65927.72082708016
18,65927.72082728801
19,65927.72082699942
20,65927.7208271458
