Run,Cost
1,43618.758180039855
2,43618.97224953693
3,43618.9722494527
4,43618.972249478975
5,43618.758180063225
6,43618.97224955692
7,43618.972249437174
8,43618.758180105666
9,43618.75817995949
10,43618.97224935461
11,43618.75817989534
12,43618.75817994884
13,43618.97224942793
14,43618.972249522834
15,43618.7581800793
16,43618.97224944713
17,43618.75817997523
18,43618.758180020166
19,43618.758179969656
20,43618.97224940945
