Run,Cost
1,74674.33528765831
2,74758.3318712091
3,74611.57491859136
4,74609.91041439757
5,74674.33528752846
6,74758.33187115005
7,74674.57605124565
8,74697.95323548648
9,74760.7136045545
10,74759.99637571862
11,74760.71360459607
12,74758.3318712208
13,74695.57150226993
14,74593.63043707612
15,74679.29152507526
16,74609.91041423274
17,74697.95323567149
18,74700.53776427463
19,74760.7136045735
20,74674.33528778417
