Run,Cost
1,74915.48504160764
2,74915.4850415407
3,74915.4850416639
4,74915.48504162548
5,74915.48504167065
6,74915.48504169247
7,74915.48504161274
8,74915.48504148534
9,74915.48504159099
10,74915.4850416035
11,74915.48504160065
12,74915.48504153067
13,74915.4850416288
14,74915.48504172577
15,74915.48504149128
16,74915.48504170302
17,74915.48504164253
18,74915.4850415662
19,74915.4850415104
20,74915.48504166417
