Run,Cost
1,85804.24926337197
2,85804.24926338754
3,85804.24926342878
4,85804.24926330472
5,85804.24926340125
6,85804.24926342399
7,85804.2492633623
8,85804.24926342817
9,85804.24926345133
10,85804.24926336235
11,85804.24926343707
12,85804.24926349576
13,85804.24926328029
14,85804.24926335187
15,85804.24926343215
16,85804.24926329037
17,85804.24926329684
18,85804.24926343169
19,85804.24926338591
20,85804.2492634007
