Run,Cost
1,63529.60673352778
2,63529.606733580404
3,63529.606733470915
4,63529.60673373267
5,63529.60673362074
6,63529.6067334869
7,63529.60673366316
8,63529.60673351135
9,63529.60673361968
10,63529.606733388915
11,63529.606733524924
12,63529.60673366107
13,63529.60673358896
14,63529.60673353011
15,63529.60673354975
16,63529.60673355502
17,63529.60673347534
18,63529.606733563574
19,63529.60673347798
20,63529.60673354381
