Run,Cost
1,62793.966344490305
2,62805.374882434524
3,62988.47572561508
4,62785.233075979784
5,62791.300094481856
6,62791.408853292225
7,62805.374882475924
8,62848.673354169245
9,62926.16867612586
10,62844.6910663128
11,62903.299642634534
12,62847.22229497335
13,62795.51083910241
14,62793.55262426156
15,62977.47850503888
16,62790.22836037404
17,62907.013120837175
18,62919.266320697585
19,62900.8373435507
20,62852.41133815923
