Run,Cost
1,107130.976349315
2,107130.97634942488
3,107130.97634926767
4,107130.97634935802
5,107130.9763492676
6,107130.97634910345
7,107130.97634932745
8,107130.97634928703
9,107130.97634935185
10,107130.97634919616
11,107130.97634951542
12,107130.97634930671
13,107130.97634938122
14,107130.97634939935
15,107130.97634945059
16,107130.9763492034
17,107130.97634925178
18,107130.97634934577
19,107130.97634939094
20,107130.97634923093
