Run,Cost
1,41823.03388762133
2,41784.706657843366
3,41856.692581998585
4,41565.07965682529
5,41833.285729815354
6,41842.37127772804
7,41812.800096585765
8,41615.607110971585
9,41880.10177116391
10,41808.83397864886
11,41766.156059212044
12,41846.78974124259
13,41613.0024454934
14,41805.172195082494
15,41805.84983393821
16,41846.388616367265
17,41785.15198522957
18,41775.14197895186
19,41828.054816254706
20,41838.678904725704
