Run,Cost
1,75.00000000768054
2,76.00000000083912
3,75.00000000383115
4,75.99999999997506
5,75.99999999600632
6,74.99999999926835
7,76.00000000294723
8,75.00000000989623
9,76.00000000943466
10,73.00000001603512
11,75.99999999983304
12,71.00000001133243
13,74.00000000708204
14,73.00000000683599
15,65.00000000948255
16,76.00000000779035
17,75.99999999615196
18,75.00000002167866
19,64.99999999918303
20,74.00000000032189
