Run,Cost
1,43.00000001171886
2,44.000000008494325
3,43.000000012343584
4,45.00000000898492
5,44.000000008397414
6,43.000000011689174
7,41.000000010844566
8,39.00000001430583
9,41.000000011159315
10,45.000000010742575
11,45.00000001536826
12,38.000000014337644
13,42.00000000627262
14,43.00000000756624
15,35.000000019188604
16,45.000000009191574
17,44.000000008200786
18,38.00000001869579
19,43.00000002071288
20,41.0000000107939
