Run,Cost
1,88.99999999164643
2,89.00000000746397
3,88.9999999954471
4,88.99999999602481
5,82.00000000306885
6,88.9999999841517
7,84.00000000306024
8,82.00000000249176
9,88.99999999448033
10,88.99999999225471
11,89.00000000216691
12,83.99999999996015
13,89.00000001395595
14,89.00000000213164
15,84.00000000687784
16,78.99999999373698
17,88.9999999935866
18,89.00000000734839
19,89.00000000728022
20,89.00000000920573
