Run,Cost
1,57.00000000308391
2,57.00000000189023
3,59.00000000087367
4,61.00000001446055
5,56.00000000500552
6,56.00000001095473
7,60.00000001108304
8,56.99999999588535
9,59.00000000700912
10,56.000000006022624
11,60.00000000393555
12,58.0000000049114
13,58.00000001200159
14,58.000000000427264
15,56.00000000451936
16,56.99999999921416
17,59.99999999987999
18,58.00000000631366
19,59.000000005456506
20,58.99999999427084
