Run,Cost
1,81.99999999347214
2,89.00000000140359
3,88.99999999838192
4,89.00000000387915
5,86.9999999991448
6,88.99999999153815
7,81.99999999646415
8,89.0000000098583
9,89.00000000612266
10,79.00000000917841
11,88.99999999617206
12,88.99999999717424
13,84.00000000627222
14,88.99999999626908
15,89.00000000945228
16,83.99999999637922
17,83.99999999984804
18,89.00000000341699
19,89.00000000563183
20,89.0000000006091
