Run,Cost
1,64.99999999724704
2,59.00000000383145
3,62.00000000002245
4,67.99999999681818
5,70.0000000011057
6,69.00000000334313
7,56.00000000099555
8,70.00000001361546
9,64.00000000226352
10,68.00000000191176
11,66.9999999960452
12,68.0000000057814
13,70.00000000282415
14,70.00000000422553
15,62.999999990585486
16,65.99999999592818
17,69.99999999924515
18,67.00000000768863
19,70.00000000211433
20,70.0000000086391
