Run,Cost
1,47.000000010234984
2,51.000000015227066
3,53.000000012017985
4,60.000000005620876
5,58.000000009148344
6,52.000000012767806
7,59.00000000424262
8,52.999999999246285
9,49.000000005321915
10,54.0000000084896
11,51.000000007993435
12,54.00000001169988
13,47.00000001007933
14,50.99999999995426
15,57.000000008642594
16,57.0000000097804
17,57.00000000509178
18,56.000000007910614
19,50.000000013234825
20,55.00000000290698
