Run,Cost
1,60.000000003603425
2,59.0000000008519
3,45.00000000013936
4,57.000000002225626
5,60.00000000419665
6,54.000000005059974
7,60.00000000083444
8,58.000000002645265
9,60.0000000058416
10,60.00000000510129
11,53.00000000130997
12,59.0000000027227
13,57.99999999797622
14,60.00000000051525
15,60.00000000234953
16,59.999999995807315
17,59.00000000385074
18,59.00000001074238
19,60.00000000262662
20,56.00000000426399
