Run,Cost
1,60.00000000100824
2,61.000000005858105
3,60.00000000695742
4,61.0000000033124
5,56.00000000592063
6,60.000000012840665
7,58.999999998296126
8,57.00000000372966
9,60.00000000787164
10,60.000000000636135
11,61.000000007605806
12,59.999999994025444
13,61.00000000950896
14,60.000000011268384
15,58.00000000141448
16,59.9999999958534
17,57.00000000628427
18,55.000000003086235
19,61.00000001267024
20,59.000000004790756
