Run,Cost
1,56.000000012853235
2,58.00000001127515
3,57.00000001391063
4,48.00000001099348
5,58.00000000144152
6,54.00000000663797
7,57.0000000033033
8,59.00000000734196
9,61.000000002280615
10,58.00000000264373
11,54.00000000183159
12,53.000000009653576
13,56.00000000832529
14,59.0000000059328
15,57.000000001988916
16,56.00000001042406
17,59.00000001107764
18,58.00000001038731
19,52.00000000803188
20,51.999999999840156
