Run,Cost
1,71.99999999525726
2,71.99999999964234
3,71.99999999570399
4,71.9999999986226
5,67.00000001275185
6,57.00000000856276
7,71.99999999860384
8,72.00000000807736
9,72.00000000179568
10,72.00000000379063
11,69.00000000240088
12,72.00000000534476
13,59.9999999969826
14,72.00000000426792
15,72.00000000161627
16,68.99999998602948
17,72.00000000114666
18,70.99999999313326
19,72.00000000690541
20,72.00000001306073
