Run,Cost
1,77.9999999967556
2,77.0000000080509
3,76.99999999589238
4,77.99999999533165
5,71.99999999821678
6,77.99999998775333
7,66.99999999316215
8,78.00000000202925
9,78.00000000476857
10,78.00000000416631
11,77.9999999997122
12,74.99999999801672
13,66.99999999999221
14,76.00000001545324
15,77.99999999542023
16,76.99999999825386
17,78.00000000097444
18,75.00000000608928
19,78.00000000414155
20,78.00000000410536
