Run,Cost
1,71.99999999862031
2,78.00000000821379
3,66.99999999658435
4,73.00000000308151
5,73.99999999914225
6,76.99999999773127
7,75.99999999035137
8,78.0000000148497
9,77.99999999694357
10,77.99999999599889
11,77.99999999649584
12,72.00000000144304
13,74.00000000042613
14,59.9999999998366
15,72.99999999986049
16,78.00000000756411
17,77.99999999774774
18,76.99999999940154
19,77.99999999917861
20,78.00000000280997
