Run,Cost
1,76.0000000077365
2,76.0000000052606
3,70.99999999740011
4,76.00000000901679
5,75.9999999942402
6,68.99999999558622
7,75.00000000412224
8,76.00000000172363
9,67.99999999778278
10,74.999999997761
11,76.00000000070762
12,69.00000001042902
13,76.00000000716365
14,75.99999998784652
15,76.00000000113974
16,75.99999999880745
17,75.99999999440162
18,76.00000000599239
19,71.99999999002974
20,71.99999999733751
