Run,Cost
1,72.0000000041402
2,71.99999999366663
3,71.99999999807831
4,67.99999999928615
5,71.9999999847852
6,69.99999999893556
7,67.00000000045439
8,71.00000000929627
9,71.99999999451366
10,72.00000000174612
11,67.00000001177781
12,68.00000000042414
13,71.00000000406216
14,72.00000000911137
15,72.00000000440397
16,67.00000001206018
17,71.00000000667752
18,66.00000000529595
19,71.00000000463665
20,71.00000001084425
