Run,Cost
1,62.000000008686015
2,61.00000000354425
3,63.000000009529636
4,53.00000002095296
5,56.00000000553803
6,62.000000002976755
7,62.00000000691104
8,59.00000001772179
9,61.00000001100569
10,63.00000000402575
11,60.000000005494755
12,58.000000007039255
13,58.000000007060386
14,61.00000000933647
15,61.000000007509314
16,59.00000001516675
17,63.000000007044065
18,61.00000000414243
19,59.00000001648556
20,64.00000001696253
