Run,Cost
1,63.00000000753263
2,63.999999999773415
3,62.00000000072188
4,63.999999997579245
5,65.99999999716604
6,62.000000006126
7,64.00000000315643
8,63.00000000207214
9,64.00000000491674
10,63.000000005057984
11,65.00000000784217
12,64.99999998959532
13,64.00000000111886
14,63.000000002646914
15,62.00000001355718
16,63.000000008015775
17,65.00000000305197
18,65.00000000564042
19,62.00000000670358
20,66.00000000705701
