Run,Cost
1,112.0000000229096
2,116.00000002339274
3,119.00000001517934
4,116.00000003658545
5,110.00000002442397
6,117.00000001606473
7,115.00000002423596
8,124.00000001742782
9,109.00000002863064
10,114.00000002228268
11,124.00000002017104
12,111.00000001690188
13,108.00000003051508
14,122.00000001917897
15,120.00000002932703
16,99.00000003335117
17,105.00000001473806
18,115.00000002067338
19,115.00000002432132
20,112.00000001249319
