Run,Cost
1,97.00000000489362
2,95.99999999596629
3,93.00000000463658
4,97.00000001975083
5,95.00000000958026
6,96.9999999956408
7,95.99999999308619
8,97.00000000785397
9,98.00000000165578
10,97.99999999481804
11,96.00000000076446
12,95.99999999647518
13,91.00000000514672
14,97.00000000793521
15,97.99999999449547
16,96.00000000147641
17,97.0000000015995
18,98.00000000371544
19,97.00000000448507
20,94.9999999927213
