Run,Cost
1,98.00000001249558
2,94.99999999433739
3,97.9999999996542
4,97.9999999984485
5,98.00000000496901
6,97.0000000026264
7,98.00000000553446
8,98.0000000158758
9,97.00000000189065
10,97.99999999400596
11,96.99999999900461
12,94.00000000549859
13,94.99999999779274
14,98.00000000443119
15,97.99999999521573
16,98.00000000809527
17,95.00000001401808
18,97.99999999527593
19,96.99999999977092
20,97.0000000152309
