Run,Cost
1,111.99999999661134
2,114.99999999768292
3,114.99999999258527
4,115.0000000148551
5,114.99999999792527
6,115.00000000314985
7,115.00000000450963
8,114.99999999707207
9,114.99999999810646
10,115.00000000813996
11,114.99999997905574
12,115.00000001709833
13,115.00000000350627
14,115.00000000850999
15,114.99999999916636
16,110.0000000007003
17,114.99999999487625
18,114.99999999191952
19,114.99999998629244
20,115.00000000976745
