Run,Cost
1,39.000000009662074
2,41.000000017021236
3,40.00000001434632
4,39.00000001256686
5,39.000000007709374
6,38.00000001834696
7,39.00000001279037
8,42.000000010647675
9,40.000000013123774
10,38.00000001098135
11,39.00000001723692
12,36.00000001364003
13,43.00000001750979
14,38.00000001567794
15,36.00000001112452
16,38.00000000735336
17,38.00000001396235
18,40.00000001502032
19,39.00000001174085
20,41.000000004575504
