Run,Cost
1,600.0000000045898
2,599.9999999989454
3,600.0000000002941
4,599.9999999951087
5,599.9999999880879
6,600.0000000046663
7,600.0000000019343
8,599.9999999977026
9,599.9999999954407
10,599.999999999784
11,600.0000000004405
12,600.0000000110534
13,599.9999999898888
14,599.9999999965115
15,600.0000000007884
16,599.999999991251
17,600.0000000076349
18,599.9999999939727
19,599.999999996607
20,599.9999999896571
