Run,Cost
1,1099.9999999924842
2,1100.0000000062169
3,1099.9999999959098
4,1099.9999999955398
5,1100.0000000013263
6,1099.9999999942904
7,1100.0000000001774
8,1100.0000000092286
9,1099.9999999929244
10,1099.9999999963009
11,1100.0000000107073
12,1100.000000007616
13,1100.0000000070795
14,1099.999999999989
15,1099.999999991681
16,1100.000000003473
17,1100.0000000039963
18,1099.9999999944737
19,1099.9999999984816
20,1099.999999992076
