Run,Cost
1,400.0000000086441
2,400.0000000084728
3,399.9999999952883
4,400.0000000104991
5,400.00000000516764
6,399.9999999958196
7,400.0000000111891
8,399.99999999966803
9,400.0000000028226
10,399.99999999621804
11,399.9999999929066
12,399.9999999944858
13,399.99999999678516
14,399.9999999987169
15,399.9999999955337
16,399.9999999917941
17,399.99999999505934
18,400.0000000042642
19,399.9999999958493
20,400.0000000031417
