Run,Cost
1,1375.0000000070024
2,1374.9999999796237
3,1375.0000000118882
4,1375.0000000031541
5,1375.000000008141
6,1374.9999999947404
7,1375.000000005993
8,1374.9999999916524
9,1374.9999999920112
10,1374.9999999929985
11,1375.0000000039984
12,1374.9999999956317
13,1375.000000001884
14,1374.999999998976
15,1374.999999996444
16,1375.0000000042196
17,1375.0000000076875
18,1375.0000000163332
19,1374.9999999857248
20,1374.9999999964823
