Run,Cost
1,25049.999999957086
2,25050.00000006002
3,25049.99999994784
4,25050.00000010273
5,25049.99999999203
6,25050.000000000946
7,25049.999999915646
8,25049.9999999494
9,25050.0000000983
10,25049.999999951524
11,25050.000000031156
12,25049.999999969434
13,25050.00000003526
14,25050.0000000046
15,25050.00000003872
16,25050.000000000913
17,25050.000000002132
18,25049.99999999251
19,25049.999999883807
20,25049.999999908625
