Run,Cost
1,499.9999999994294
2,500.0000000126666
3,500.0000000065536
4,500.0000000002266
5,500.00000000598607
6,499.99999999939115
7,499.9999999787751
8,499.99999999995515
9,500.000000002141
10,500.0000000001868
11,500.0000000002019
12,500.00000000126494
13,500.00000000349394
14,499.9999999989928
15,500.00000001546636
16,499.99999999793266
17,499.99999998709797
18,499.9999999977542
19,499.99999999965365
20,500.0000000129393
