Run,Cost
1,1649.9999999910845
2,1649.9999999962645
3,1650.0000000001644
4,1650.0000000021066
5,1650.000000008347
6,1649.999999987343
7,1649.9999999928575
8,1649.9999999950228
9,1649.999999995371
10,1650.0000000101036
11,1650.0000000040668
12,1650.0000000030514
13,1650.0000000002801
14,1649.9999999792237
15,1649.9999999951165
16,1649.9999999998454
17,1650.0000000017953
18,1650.0000000038046
19,1649.99999999754
20,1650.0000000100415
