Run,Cost
1,17749.99999993983
2,17749.999999926185
3,17749.99999999696
4,17749.9999999703
5,17749.999999952677
6,17750.000000028846
7,17749.999999937616
8,17750.000000062548
9,17749.99999997876
10,17750.00000007041
11,17750.000000064647
12,17750.000000041382
13,17749.999999956344
14,17749.99999990986
15,17749.9999999415
16,17750.000000015407
17,17750.000000000884
18,17749.999999987358
19,17749.999999939224
20,17749.999999994245
