Run,Cost
1,9999.99999998804
2,9999.999999976775
3,10000.000000039743
4,10000.000000100013
5,10000.000000009428
6,9999.999999993322
7,10000.000000047481
8,9999.999999976766
9,10000.00000000555
10,10000.000000030861
11,9999.999999983966
12,9999.999999960768
13,9999.999999990541
14,9999.999999985765
15,9999.999999928452
16,10000.00000000686
17,10000.000000004487
18,9999.999999991996
19,10000.000000065485
20,9999.999999991831
