Run,Cost
1,3149.99999999259
2,3150.0000000027876
3,3150.0000000020464
4,3149.9999999996508
5,3149.999999999307
6,3149.999999994766
7,3149.999999998994
8,3150.0000000025925
9,3150.0000000056716
10,3149.9999999951447
11,3150.000000000643
12,3149.9999999900006
13,3150.000000003491
14,3149.9999999914307
15,3150.00000000848
16,3149.999999999755
17,3149.999999997046
18,3149.9999999969396
19,3150.000000014739
20,3150.0000000037885
