Run,Cost
1,16500.000000007283
2,16499.999999980122
3,16499.999999964588
4,16500.000000044212
5,16500.00000007618
6,16499.999999919386
7,16499.999999945292
8,16499.99999995354
9,16500.00000004081
10,16500.000000042455
11,16500.00000000117
12,16500.000000060725
13,16499.99999995235
14,16500.000000082877
15,16499.999999984357
16,16500.000000004602
17,16499.999999941232
18,16499.99999998654
19,16500.00000003108
20,16499.999999999753
