Run,Cost
1,99.99999999983966
2,100.00000000166959
3,100.00000000199088
4,99.99999999795448
5,99.99999999537717
6,99.99999999946621
7,100.00000000161819
8,99.99999999935955
9,100.00000000112502
10,100.00000000185463
11,99.99999999731062
12,99.99999999609923
13,99.99999999739278
14,100.00000000389984
15,99.9999999995107
16,99.99999999931353
17,99.99999999752123
18,100.00000000465857
19,100.00000000172304
20,99.99999999889054
