Run,Cost
1,800.0000000192664
2,800.0000000241749
3,800.0000000038517
4,800.0000000086806
5,800.0000000083799
6,800.000000006989
7,800.0000000230272
8,799.999999996036
9,800.0000000106905
10,799.9999999969298
11,799.9999999950068
12,800.0000000100134
13,799.9999999982651
14,799.9999999839823
15,800.0000000015461
16,800.0000000034414
17,799.9999999973567
18,800.0000000096122
19,800.0000000039685
20,799.9999999926262
