Run,Cost
1,275.00000000001336
2,274.9999999996002
3,275.0000000009052
4,275.0000000008112
5,274.9999999986747
6,275.000000002329
7,274.9999999926636
8,274.9999999959953
9,275.0000000016973
10,275.0000000020777
11,275.00000000120343
12,275.000000000617
13,274.99999999466195
14,274.99999999796506
15,275.0000000003831
16,274.99999999847967
17,275.0000000050987
18,275.00000000183985
19,275.00000000112334
20,274.99999999842464
