Run,Cost
1,625.0000000149143
2,624.9999999997627
3,624.9999999976415
4,625.0000000067909
5,625.0000000044251
6,624.9999999940491
7,624.999999987079
8,625.0000000006629
9,625.000000003223
10,625.0000000144365
11,624.9999999901211
12,625.0000000090594
13,624.9999999835484
14,625.0000000037946
15,625.000000010091
16,624.9999999913091
17,624.9999999778613
18,625.0000000003768
19,624.9999999921159
20,624.9999999944429
