Run,Cost
1,2500.0000000441946
2,2500.000000028766
3,2500.00000000235
4,2499.9999999913616
5,2500.000000030908
6,2500.000000029156
7,2500.000000005409
8,2500.000000027613
9,2500.000000007209
10,2500.00000000369
11,2499.9999999708007
12,2500.0000000197842
13,2500.000000009259
14,2499.9999999944766
15,2499.9999999922443
16,2499.9999999748497
17,2499.9999999516963
18,2499.9999999935135
19,2499.9999999844763
20,2500.0000000041264
