Run,Cost
1,550.0000000015851
2,549.9999999985275
3,549.9999999997024
4,549.9999999976349
5,550.000000000938
6,549.9999999983129
7,549.9999999993612
8,550.0000000004599
9,549.9999999988609
10,549.9999999979802
11,549.9999999938042
12,549.9999999975901
13,550.000000003058
14,549.9999999979439
15,549.9999999938574
16,549.9999999976102
17,550.0000000057735
18,549.9999999980053
19,550.0000000052595
20,550.0000000063121
