Run,Cost
1,1049.9999999984504
2,1049.9999999951979
3,1050.0000000052544
4,1050.0000000031062
5,1049.9999999993722
6,1050.0000000050154
7,1050.0000000039504
8,1049.9999999966496
9,1049.9999999930626
10,1049.9999999998302
11,1050.000000006882
12,1049.999999998718
13,1050.0000000020566
14,1049.999999998859
15,1049.9999999986665
16,1049.9999999966176
17,1049.9999999981833
18,1050.0000000010402
19,1049.999999997568
20,1050.000000003258
