Run,Cost
1,3349.9999999976744
2,3350.0000000163636
3,3350.0000000242585
4,3349.9999999746565
5,3350.000000006529
6,3349.9999999983756
7,3350.0000000163773
8,3350.0000000098203
9,3349.999999993273
10,3350.0000000132068
11,3350.0000000096975
12,3349.9999999722054
13,3349.999999994084
14,3349.9999999653896
15,3349.9999999779966
16,3349.999999993105
17,3350.0000000323325
18,3350.0000000168684
19,3349.9999999990177
20,3349.999999989374
