Run,Cost
1,199.99999999426925
2,199.99999999128227
3,199.9999999983099
4,200.00000000336956
5,199.99999999581732
6,200.00000000350735
7,199.9999999965677
8,199.99999999774604
9,200.00000000083608
10,200.00000000581184
11,199.99999999513443
12,200.00000000441267
13,199.99999999799638
14,199.9999999956527
15,199.9999999945355
16,199.99999999992082
17,199.99999999686432
18,200.00000000333455
19,200.0000000002709
20,200.00000000107391
