Run,Cost
1,2849.999999983662
2,2849.9999999977913
3,2849.9999999742367
4,2850.0000000040104
5,2850.000000024199
6,2850.000000002824
7,2850.000000001937
8,2849.999999979413
9,2849.9999999821
10,2849.9999999580737
11,2850.000000027759
12,2850.000000022253
13,2850.000000007704
14,2849.9999999947768
15,2850.0000000229516
16,2850.0000000105983
17,2849.999999998469
18,2850.0000000040654
19,2849.9999999826728
20,2850.000000002158
