Run,Cost
1,5625.0000000593245
2,5624.999999999764
3,5624.999999986484
4,5625.000000025018
5,5624.999999973312
6,5624.999999948083
7,5625.000000016867
8,5625.00000002208
9,5624.999999992536
10,5625.000000012298
11,5624.9999999815445
12,5624.999999962927
13,5625.000000004491
14,5625.000000037992
15,5624.999999974474
16,5624.99999991649
17,5624.999999996652
18,5624.999999954834
19,5625.000000058688
20,5625.000000029386
