Run,Cost
1,6149.999999982605
2,6150.000000010479
3,6150.0000000735245
4,6149.99999997605
5,6149.9999999949505
6,6149.999999997849
7,6149.999999940845
8,6150.000000037315
9,6149.999999980008
10,6150.00000003216
11,6150.00000002103
12,6150.000000074614
13,6150.000000054769
14,6149.999999997437
15,6150.000000008581
16,6149.9999999848405
17,6150.000000017107
18,6149.999999941801
19,6149.999999998437
20,6149.9999999471565
