Run,Cost
1,1574.9999999982997
2,1574.999999999154
3,1575.000000000608
4,1574.9999999935199
5,1575.0000000043713
6,1574.9999999977672
7,1575.000000008481
8,1574.999999996278
9,1574.9999999926715
10,1575.0000000023276
11,1575.0000000059624
12,1575.0000000006523
13,1574.9999999941233
14,1574.9999999976574
15,1574.9999999901213
16,1575.0000000049995
17,1575.0000000064263
18,1575.0000000074513
19,1574.9999999976221
20,1575.0000000046618
