Run,Cost
1,78.0000000009072
2,77.99999999460408
3,76.00000000219488
4,76.00000000828854
5,76.00000000760816
6,77.9999999986422
7,72.99999999957188
8,77.99999999603244
9,77.99999999403457
10,61.99999999985766
11,75.99999999988721
12,76.99999999999329
13,77.99999999453301
14,77.99999999656944
15,78.00000000807006
16,78.00000000383606
17,77.00000000570522
18,76.0000000030222
19,73.99999999341615
20,77.99999998742344
