Run,Cost
1,76.00000000452111
2,66.00000000318911
3,67.00000000635146
4,59.99999999009461
5,67.00000000426137
6,60.00000000192568
7,73.00000000563037
8,67.00000000437161
9,66.00000000686647
10,65.00000001115853
11,71.00000000758317
12,72.00000000281635
13,74.99999999503139
14,65.00000000131848
15,67.00000001129395
16,71.00000000173262
17,65.00000000365594
18,70.00000000928739
19,57.00000000263884
20,65.00000000708509
