Run,Cost
1,54.00000000819594
2,66.00000000821214
3,69.00000000590792
4,65.00000000081492
5,65.00000000215658
6,67.00000000165346
7,66.00000000860604
8,67.00000000410009
9,68.99999999989926
10,70.00000000396855
11,57.00000000897278
12,64.00000001309732
13,62.00000000856698
14,64.0000000067436
15,61.000000007017036
16,64.0000000091016
17,68.00000000319945
18,66.00000000149836
19,64.00000000350792
20,60.00000000310728
