Run,Cost
1,53.00000001011147
2,55.00000000680963
3,55.000000005159
4,55.000000001222794
5,57.00000000896979
6,55.000000000763194
7,56.99999999560497
8,58.00000000874693
9,55.00000000762062
10,55.000000012114896
11,53.00000000951661
12,55.00000000862689
13,60.00000000770438
14,57.999999996943146
15,50.000000007220855
16,56.00000000773494
17,55.99999999889606
18,50.00000000460264
19,56.000000005292
20,56.00000000907388
