Run,Cost
1,56.000000012126584
2,55.00000000728198
3,47.00000001235438
4,53.999999996510184
5,55.00000000712607
6,48.000000009424085
7,48.00000001244847
8,52.0000000105932
9,47.00000001593389
10,52.00000001275523
11,54.00000000969148
12,55.99999999948478
13,55.000000008053995
14,48.000000002784766
15,55.00000000259791
16,49.00000000319949
17,51.00000000878748
18,48.000000010673325
19,50.00000000953479
20,55.00000000586854
