Run,Cost
1,57.00000000066894
2,48.00000000727932
3,58.999999992911214
4,57.99999999222356
5,51.00000001253584
6,57.00000000380591
7,57.0000000078819
8,45.00000000111164
9,58.0000000026638
10,51.00000000871452
11,48.000000005547605
12,57.000000001566704
13,51.99999999897724
14,58.000000004631914
15,46.00000000888369
16,56.00000000531938
17,58.00000000181084
18,48.000000003590856
19,59.00000000781817
20,46.99999999998516
