Run,Cost
1,62.000000006818645
2,53.000000001515076
3,45.00000000583237
4,55.9999999997566
5,51.000000007941274
6,51.0000000110976
7,61.999999997027935
8,56.00000000206908
9,50.999999998882465
10,59.00000001488078
11,64.00000000548029
12,48.00000000890341
13,65.00000000070045
14,46.00000000293954
15,55.00000000679104
16,57.000000008771906
17,63.999999999094086
18,48.000000008722665
19,65.99999999330177
20,60.00000000280713
