Run,Cost
1,78.9999999980746
2,81.00000000078423
3,89.00000001017237
4,89.00000000112928
5,88.99999999632988
6,88.99999999910628
7,89.00000000109065
8,88.99999999722921
9,80.99999999822069
10,89.00000000535249
11,85.00000000382707
12,89.00000000318465
13,89.00000001060809
14,83.99999999306957
15,88.99999999428651
16,79.99999999708855
17,78.00000000024785
18,88.99999999601435
19,88.99999999240124
20,81.99999999299482
