Run,Cost
1,45.00000000691465
2,51.00000000480819
3,48.0000000064782
4,46.00000001079282
5,45.0000000087526
6,53.000000012569494
7,47.00000001021538
8,50.00000001388402
9,51.00000000505001
10,48.000000005927745
11,45.00000000786748
12,47.000000011502415
13,48.000000014956385
14,56.0000000065892
15,50.000000004869975
16,52.00000001129697
17,48.00000001478272
18,48.000000011776145
19,47.000000011920896
20,49.00000000750807
