Run,Cost
1,63.00000000723346
2,72.00000000773385
3,58.00000000738212
4,66.99999999581252
5,66.99999999677546
6,71.99999999582083
7,72.00000000850002
8,71.00000002022975
9,71.00000000841277
10,72.00000000523283
11,71.0000000030166
12,72.0000000031767
13,71.00000000202861
14,72.00000001182468
15,57.99999999871738
16,72.00000000157006
17,65.99999999153653
18,62.000000001807244
19,60.00000000189932
20,67.0000000091921
