Run,Cost
1,44.00000001234024
2,48.000000010727945
3,40.00000001646223
4,46.000000014327576
5,46.000000011868835
6,48.00000001255942
7,46.0000000090772
8,52.000000006279336
9,46.000000002961514
10,47.000000006602214
11,44.00000000482314
12,44.000000009836924
13,51.00000001135194
14,49.00000000120393
15,49.00000001041719
16,44.00000001174137
17,50.00000001706272
18,49.00000000341893
19,45.00000000520157
20,49.000000006863424
