Run,Cost
1,51.00000000243934
2,53.00000000720036
3,55.00000001064166
4,52.00000000764028
5,55.000000011610375
6,53.00000000737317
7,49.000000010410766
8,51.00000000876758
9,55.000000007801496
10,55.99999999781457
11,54.00000000599905
12,50.000000004119336
13,52.00000000516527
14,51.0000000008868
15,56.00000000528528
16,42.00000000393167
17,54.00000001210941
18,51.000000004971085
19,55.99999999783524
20,51.00000000675345
