Run,Cost
1,79.00000001021641
2,81.99999999036258
3,83.00000000463065
4,80.99999999160438
5,78.9999999941753
6,69.99999999979477
7,79.00000000019884
8,65.00000000709751
9,89.00000001801551
10,89.00000000302896
11,83.99999999465867
12,78.0000000095552
13,68.0000000138292
14,79.00000000302148
15,75.00000000730076
16,69.00000000827882
17,87.00000000180007
18,85.00000000553561
19,78.0000000006917
20,84.00000001463401
