Run,Cost
1,70.99999999320247
2,67.0000000013434
3,72.00000000383704
4,76.00000000697185
5,76.00000000698924
6,75.99999999829492
7,63.999999994238
8,76.00000001226924
9,76.00000000007222
10,66.99999999991613
11,75.99999999538458
12,64.0000000004147
13,74.99999999574489
14,74.99999999283483
15,63.99999999197511
16,76.0000000056109
17,70.99999999528158
18,76.0000000016286
19,71.00000001058483
20,70.00000000253806
