Run,Cost
1,57.000000010220354
2,58.00000000564391
3,55.00000001390434
4,54.000000000824095
5,49.00000000870265
6,61.000000003492
7,58.00000000774837
8,52.00000000691598
9,58.00000000968639
10,53.00000000819772
11,54.00000000908288
12,54.000000000395126
13,57.00000000134003
14,57.000000005121144
15,56.00000000123861
16,57.00000001031556
17,52.00000000771855
18,54.99999999838048
19,53.000000017167935
20,55.00000000307211
