Run,Cost
1,42.00000001151288
2,40.00000001380144
3,42.000000004538784
4,44.00000001392614
5,39.000000010311
6,44.0000000100805
7,44.00000001816059
8,41.00000001667568
9,45.000000009552174
10,45.00000001409323
11,41.00000000367562
12,44.00000000695075
13,42.00000000969054
14,36.0000000179654
15,40.000000013297594
16,45.000000006921994
17,43.00000001147122
18,46.000000001095664
19,42.00000001049036
20,38.0000000171297
