Run,Cost
1,94.9999999980369
2,95.00000000385307
3,97.00000000050646
4,93.00000001752049
5,96.00000000485045
6,96.99999999871108
7,94.00000000407753
8,95.99999999657722
9,96.00000000491451
10,97.00000000119836
11,96.0000000028025
12,94.00000000050264
13,95.0000000049396
14,97.00000000305496
15,98.00000000099716
16,96.00000000523175
17,95.00000000033874
18,94.00000000259347
19,91.99999999699351
20,97.00000000070236
