Run,Cost
1,97.00000000421471
2,95.00000000153068
3,92.00000000761386
4,91.0000000008916
5,95.00000001072526
6,94.99999999158813
7,91.99999998782954
8,90.99999998861509
9,90.99999999740636
10,93.99999999255283
11,98.00000001014557
12,91.99999999366084
13,90.00000000271682
14,93.99999999493565
15,95.99999999641325
16,85.0000000074768
17,96.99999999144337
18,94.99999999979157
19,89.00000000902112
20,96.99999999245001
