Run,Cost
1,64.00000000023519
2,58.000000012525966
3,61.000000001582535
4,60.00000001226712
5,64.00000000699467
6,58.00000000344825
7,61.00000000703079
8,64.000000013141
9,60.000000008593055
10,55.0000000151961
11,60.00000001637671
12,56.00000001630488
13,61.00000000932649
14,61.00000000957454
15,60.00000000646356
16,58.000000009634775
17,56.00000001076561
18,61.00000002226183
19,62.00000000942996
20,60.00000000941769
