Run,Cost
1,67.00000000386942
2,62.00000000298387
3,64.00000000710824
4,65.00000000715991
5,59.00000000354368
6,62.0000000064795
7,58.000000011025755
8,61.000000008562886
9,59.00000001880628
10,60.00000001234126
11,66.9999999959154
12,62.000000011806165
13,59.000000009850716
14,67.00000000432743
15,61.0000000099832
16,65.00000000138913
17,66.00000000503798
18,65.99999999556398
19,65.00000001175339
20,66.00000000830784
