Run,Cost
1,60.00000000829162
2,55.00000001050908
3,59.000000006840054
4,54.000000009383854
5,61.00000000483025
6,59.00000000889524
7,58.000000006202484
8,57.00000000329485
9,58.00000000362064
10,59.00000000886067
11,61.00000000692806
12,57.00000000199403
13,56.99999999502886
14,58.000000009448996
15,58.00000001195366
16,54.000000008174965
17,55.00000000575119
18,56.00000000390093
19,56.00000000759445
20,58.000000005551165
