Run,Cost
1,100.99999999563748
2,99.00000000273462
3,101.00000000892018
4,99.00000000297192
5,97.99999999649073
6,100.99999999793235
7,101.00000000954553
8,100.99999999662059
9,102.00000000983947
10,95.9999999991599
11,98.00000000320122
12,100.00000000131186
13,88.99999999983403
14,102.00000000066551
15,101.00000000244331
16,100.99999999477197
17,98.00000000829219
18,98.00000000461363
19,101.00000000509071
20,101.00000000498663
