Run,Cost
1,98.00000000702228
2,82.00000000184927
3,102.00000000785137
4,89.00000000711876
5,94.000000006798
6,106.00000001862145
7,103.00000001360876
8,100.00000001097298
9,107.00000000790457
10,95.00000000402214
11,108.00000000800004
12,93.00000001037903
13,106.99999999080468
14,116.99999999631939
15,95.00000000596087
16,111.99999999355335
17,93.00000000750421
18,106.00000000372809
19,96.00000001503408
20,113.00000000171948
