Run,Cost
1,506.0000000116063
2,517.0000000026927
3,503.00000000283273
4,509.0000000031597
5,525.0000000022967
6,470.999999997984
7,526.9999999955453
8,528.0000000040287
9,527.9999999945722
10,496.00000000171605
11,523.9999999972651
12,495.0000000158339
13,499.0000000062877
14,514.9999999953867
15,523.9999999984725
16,492.00000000913764
17,516.0000000012548
18,500.0000000038238
19,506.00000000645247
20,513.0000000022883
