Run,Cost
1,422.99999999750537
2,423.00000000611755
3,443.00000000452957
4,427.99999999233484
5,442.9999999991181
6,442.99999999440524
7,443.0000000009181
8,442.9999999996153
9,443.00000000172935
10,422.9999999976149
11,423.0000000073774
12,442.99999999966155
13,427.9999999997121
14,428.00000000804147
15,422.9999999989346
16,428.0000000005637
17,422.9999999957218
18,443.0000000041574
19,443.00000000300133
20,423.000000000688
