Run,Cost
1,518.9999999987334
2,587.0000000066326
3,534.999999989646
4,549.0000000165466
5,528.9999999956801
6,560.000000005341
7,596.9999999776661
8,537.0000000088583
9,520.0000000065646
10,575.0000000108196
11,509.0000000039209
12,587.000000004096
13,556.0000000050712
14,556.0000000093829
15,563.0000000157628
16,592.9999999962565
17,546.0000000007577
18,552.0000000071102
19,594.0000000176944
20,585.0000000100422
