Run,Cost
1,490.9999999988671
2,524.9999999934071
3,492.9999999975543
4,516.9999999993956
5,505.99999999615034
6,534.999999997036
7,539.0000000057283
8,515.0000000063045
9,534.9999999929566
10,527.0000000051477
11,492.0000000013573
12,531.0000000010339
13,504.0000000050722
14,519.0000000019718
15,524.9999999900106
16,479.99999998888813
17,525.0000000036093
18,490.99999999910943
19,514.9999999929529
20,534.9999999956201
