Run,Cost
1,424.9999999999599
2,412.99999999782955
3,436.0000000070473
4,393.9999999989726
5,446.000000008876
6,422.0000000057451
7,425.9999999985336
8,412.0000000025035
9,418.99999999860484
10,425.00000000784956
11,435.0000000001883
12,439.0000000008272
13,400.00000000371006
14,419.99999999954014
15,416.9999999951662
16,423.0000000025019
17,408.000000001247
18,417.0000000011804
19,408.0000000052319
20,425.0000000104084
