Run,Cost
1,304.99999999821705
2,304.0000000039263
3,296.99999999589505
4,296.99999999544957
5,304.9999999990427
6,297.0000000065867
7,296.9999999985384
8,297.00000000163493
9,303.000000003865
10,296.9999999963149
11,296.9999999996857
12,304.00000000465747
13,305.00000000145883
14,303.0000000068196
15,305.00000000267147
16,297.0000000007967
17,303.00000000693205
18,304.9999999947618
19,297.0000000003907
20,303.9999999998243
