Run,Cost
1,505.00000000504866
2,504.9999999909055
3,505.0000000083495
4,504.99999999762224
5,505.00000000563847
6,504.99999999171666
7,504.9999999888996
8,505.0000000036355
9,505.0000000036149
10,505.0000000020813
11,505.00000000353725
12,505.00000000513995
13,504.9999999967789
14,504.99999998950994
15,504.9999999952964
16,504.99999999869834
17,504.9999999953428
18,505.00000000393425
19,505.00000000089034
20,504.99999999342754
