Run,Cost
1,475.9999999935066
2,549.000000004053
3,547.0000000053449
4,536.0000000179889
5,495.9999999901653
6,546.0000000058639
7,503.0000000025159
8,524.000000002579
9,507.0000000089815
10,488.99999999343515
11,542.0000000091081
12,504.0000000095941
13,478.99999999605006
14,560.9999999880054
15,579.999999992504
16,513.0000000124644
17,514.0000000035468
18,523.9999999822102
19,511.00000001332717
20,486.00000000546055
