Run,Cost
1,701.0000000108444
2,700.9999999982446
3,698.9999999807528
4,699.0000000089676
5,701.0000000013816
6,701.0000000067552
7,701.0000000044306
8,700.999999996629
9,700.999999993258
10,701.0000000034051
11,700.9999999975661
12,701.0000000207965
13,699.0000000082189
14,699.0000000043168
15,700.9999999914753
16,700.9999999873478
17,701.0000000109096
18,700.9999999858812
19,700.9999999965522
20,699.0000000222554
