Run,Cost
1,384.9999999963538
2,393.0000000005501
3,402.9999999971867
4,403.99999999307454
5,398.0000000049157
6,384.9999999982141
7,404.99999999852685
8,401.99999999538386
9,404.0000000014276
10,398.0000000003088
11,386.0000000077509
12,402.00000000217995
13,401.9999999997848
14,400.9999999957393
15,408.99999999557326
16,392.0000000005117
17,405.0000000028535
18,396.0000000009975
19,397.99999999764816
20,380.99999999635804
