Run,Cost
1,582.9999999974802
2,583.0000000003295
3,582.9999999947901
4,583.0000000095858
5,582.9999999966875
6,582.9999999955331
7,582.9999999996351
8,582.9999999989956
9,582.9999999936119
10,583.000000008353
11,583.000000001999
12,583.000000003921
13,583.000000005984
14,582.9999999967592
15,582.9999999951848
16,582.9999999909818
17,583.0000000103825
18,583.000000005658
19,583.000000018064
20,583.0000000144704
