Run,Cost
1,298.0000000010053
2,298.9999999999413
3,296.00000000299394
4,304.0000000021667
5,312.00000000311866
6,302.00000000304476
7,311.00000000271973
8,296.9999999960016
9,302.00000000231114
10,298.000000000727
11,293.00000000157166
12,311.99999999660656
13,292.00000000153557
14,307.0000000017051
15,298.9999999992272
16,304.0000000002794
17,297.00000000851946
18,299.0000000005659
19,299.0000000059191
20,297.00000000549846
