Run,Cost
1,1498.9999999942224
2,1498.999999984412
3,1499.0000000105329
4,1498.999999997757
5,1499.0000000026728
6,1499.000000004017
7,1499.0000000175824
8,1498.9999999944105
9,1498.9999999941372
10,1498.9999999901543
11,1498.9999999985764
12,1498.9999999953507
13,1498.9999999974461
14,1498.9999999907666
15,1499.0000000145783
16,1499.0000000027617
17,1498.9999999928903
18,1499.0000000127056
19,1499.0000000036548
20,1498.9999999839097
