Run,Cost
1,967.0000000047892
2,966.9999999943125
3,966.9999999919982
4,967.0000000010818
5,967.0000000012674
6,966.9999999913416
7,967.0000000095725
8,967.0000000006332
9,967.0000000090281
10,966.9999999967039
11,967.0000000026607
12,967.0000000070477
13,966.9999999960547
14,967.0000000022691
15,966.99999999774
16,966.9999999954584
17,967.0000000019409
18,967.0000000066572
19,967.0000000017474
20,967.0000000073225
