Run,Cost
1,81802.0000000094
2,81802.00000009818
3,81802.00000000212
4,81801.99999995505
5,81801.99999997184
6,81801.99999994227
7,81801.99999997304
8,81802.00000006155
9,81801.99999999265
10,81802.0000000603
11,81802.00000001854
12,81801.99999996775
13,81801.99999997929
14,81801.99999999686
15,81802.0000000761
16,81801.99999992759
17,81801.99999996791
18,81802.0000000708
19,81801.99999997401
20,81802.00000003763
