Run,Cost
1,81802.00000002036
2,81802.00000000096
3,81801.99999996286
4,81801.9999999075
5,81802.00000002628
6,81802.00000006461
7,81801.99999999956
8,81801.99999994271
9,81802.00000006967
10,81802.00000004726
11,81801.99999998635
12,81802.00000004387
13,81802.0000000012
14,81801.99999988587
15,81802.00000000361
16,81801.99999994364
17,81802.00000014386
18,81802.00000010114
19,81802.00000001561
20,81801.99999999492
