Run,Cost
1,3471.9999999838765
2,3471.999999993123
3,3471.999999987495
4,3472.0000000007976
5,3471.999999993434
6,3471.9999999986185
7,3472.000000017392
8,3472.000000008968
9,3472.000000004274
10,3472.0000000084306
11,3472.0000000053806
12,3472.0000000038976
13,3471.9999999846264
14,3471.999999995446
15,3471.9999999940555
16,3471.999999996943
17,3471.9999999950237
18,3472.000000008309
19,3471.999999980758
20,3471.999999994513
