Run,Cost
1,18874.000000061056
2,18874.000000035445
3,18873.999999936666
4,18874.000000042513
5,18987.999999961055
6,18874.000000020173
7,18874.000000001794
8,18988.00000001137
9,18988.000000004296
10,18988.000000028173
11,18873.999999926127
12,18987.999999973275
13,18987.999999984528
14,18988.000000083015
15,18873.999999974167
16,18873.999999977255
17,18988.00000002727
18,18873.999999935706
19,18873.99999999127
20,18988.000000019376
