Run,Cost
1,14612.999999995565
2,14612.999999998914
3,14613.000000011662
4,14613.000000062399
5,14613.000000018237
6,14613.000000003838
7,14613.000000016817
8,14613.000000008013
9,14612.999999974654
10,14612.999999976579
11,14612.999999953307
12,14612.999999986636
13,14613.000000035323
14,14612.999999965117
15,14612.999999991584
16,14612.99999998851
17,14613.00000000231
18,14613.000000025264
19,14612.999999961896
20,14612.999999990245
