Run,Cost
1,3040.9999999923652
2,3040.9999999941047
3,3041.000000001656
4,3040.9999999829265
5,3040.9999999977927
6,3041.0000000112695
7,3041.00000000743
8,3041.000000001526
9,3040.999999998333
10,3040.9999999953916
11,3041.000000011469
12,3041.0000000147647
13,3041.0000000124523
14,3040.999999986466
15,3041.000000002738
16,3040.999999979794
17,3040.9999999981364
18,3040.9999999982206
19,3040.999999986417
20,3040.999999989497
