Run,Cost
1,14612.999999977768
2,14612.99999998579
3,14613.000000020626
4,14613.000000013802
5,14612.999999956195
6,14612.999999999138
7,14612.999999975029
8,14612.999999990732
9,14612.999999972455
10,14612.999999986985
11,14612.99999999462
12,14613.000000014337
13,14613.000000010015
14,14612.999999987202
15,14613.00000000662
16,14613.000000030652
17,14612.999999958069
18,14613.000000001852
19,14612.999999966993
20,14612.999999991967
