Run,Cost
1,20401.000000024975
2,20400.999999979293
3,20400.999999994565
4,20401.000000017015
5,20401.00000001877
6,20400.999999982323
7,20400.999999968422
8,20400.99999998144
9,20400.999999989912
10,20401.000000031883
11,20400.99999998392
12,20401.000000033433
13,20401.00000002659
14,20400.99999999615
15,20401.00000002553
16,20401.000000019932
17,20400.999999983294
18,20400.99999997786
19,20400.99999999096
20,20401.00000001159
