Run,Cost
1,798.0000000207474
2,798.0000000133433
3,797.9999999886968
4,798.000000020161
5,798.0000000156521
6,797.9999999906867
7,798.0000000160067
8,797.9999999944102
9,798.0000000389085
10,797.999999989957
11,797.9999999748942
12,797.9999999878834
13,797.9999999975003
14,798.0000000052654
15,797.9999999986613
16,798.0000000016516
17,797.9999999922226
18,797.9999999930916
19,797.99999999336
20,798.0000000189556
