Run,Cost
1,72629.00000006295
2,72628.99999997513
3,72628.99999993046
4,72628.99999994559
5,72628.99999999139
6,72628.99999992643
7,72628.999999897
8,72628.999999933
9,72628.99999997506
10,72629.00000007515
11,72629.00000011313
12,72628.99999990583
13,72628.9999999904
14,72628.99999992798
15,72628.9999999675
16,72629.00000004326
17,72629.00000001288
18,72629.00000000773
19,72629.00000002253
20,72629.00000004839
