Run,Cost
1,73067.99999995787
2,73068.00000000573
3,73068.00000011979
4,73067.99999997792
5,73068.00000010083
6,73068.0000001338
7,73068.00000002101
8,73067.9999999447
9,73067.99999985358
10,73068.00000003577
11,73068.00000006187
12,73068.00000002752
13,73068.00000005066
14,73068.00000009508
15,73067.99999990597
16,73067.99999993134
17,73067.99999993872
18,73067.99999993942
19,73067.99999997756
20,73068.00000007734
