Run,Cost
1,72820.00000002034
2,72819.99999998791
3,72819.9999999478
4,72820.00000008459
5,72819.99999998877
6,72820.00000005099
7,72819.99999990153
8,72820.00000002081
9,72819.99999995215
10,72820.00000000709
11,72820.00000000845
12,72819.99999997372
13,72819.99999997755
14,72819.99999998647
15,72819.99999998123
16,72819.99999993542
17,72820.00000010019
18,72819.99999994067
19,72819.99999997857
20,72819.99999993287
