Run,Cost
1,6932.489086782198
2,6932.489086762873
3,6931.262825616619
4,6931.9879845222
5,6931.763927891835
6,6932.48908671872
7,6931.763927898165
8,6931.763927919882
9,6931.987984494462
10,6931.262825627279
11,6931.763927897065
12,6932.489086827757
13,6931.987984462092
14,6932.489086758445
15,6932.489086726425
16,6932.489086796791
17,6932.489086743262
18,6931.262825584044
19,6931.987984485049
20,6931.262825548374
