Run,Cost
1,3147.515075188741
2,3147.515075204869
3,3147.5150752598684
4,3147.5150752634404
5,3147.515075257755
6,3147.5150752324375
7,3147.5150752167065
8,3147.5150752305753
9,3147.5150752650047
10,3147.5150752155396
11,3147.5150752463346
12,3147.515075248883
13,3147.5150752414665
14,3147.5150752455206
15,3147.5150751970855
16,3147.5150752490026
17,3147.515075263452
18,3147.515075214992
19,3147.5150752206114
20,3147.515075223238
