Run,Cost
1,3142.1637159144684
2,3142.163715981156
3,3142.163715904579
4,3142.1637159730885
5,3142.163715928793
6,3142.163715895339
7,3142.163715913676
8,3142.1637159288134
9,3142.163715970504
10,3142.1637160116006
11,3142.1637159501515
12,3142.1637159819143
13,3142.163715942744
14,3142.163715973873
15,3142.1637159342636
16,3142.163715948675
17,3142.1637159544775
18,3142.1637159254215
19,3142.163715956107
20,3142.1637159358734
