Run,Cost
1,6932.890104344371
2,6932.558892873612
3,6932.890104423393
4,6932.55889292244
5,6932.55889284845
6,6932.890104364765
7,6932.89010431504
8,6932.558892858517
9,6932.8901043517035
10,6932.890104374541
11,6932.890104366736
12,6932.558892929523
13,6932.890104372167
14,6932.890104370607
15,6932.8901043144215
16,6932.890104346426
17,6932.558892810732
18,6932.558892853566
19,6932.8901043310125
20,6932.558892814331
