Run,Cost
1,2531.5373827755243
2,2531.537382745267
3,2531.5373827386693
4,2531.537382724869
5,2531.537382738252
6,2531.5373826668865
7,2531.5373827692297
8,2531.5373826781383
9,2531.5373827170038
10,2531.5373827548456
11,2531.537382790091
12,2531.537382744344
13,2531.53738275053
14,2531.5373827061826
15,2531.5373827677017
16,2531.5373827298117
17,2531.537382704843
18,2531.5373826994723
19,2531.5373827289854
20,2531.5373827804024
