Run,Cost
1,2532.2081875791555
2,2532.208187613001
3,2532.208187616109
4,2532.2081875477174
5,2532.2081875750328
6,2532.2081876019506
7,2532.2081875950066
8,2532.2081875756658
9,2532.2081875651406
10,2532.208187568169
11,2532.2081875638496
12,2532.208187531689
13,2532.2081875993103
14,2532.2081875950903
15,2532.208187630593
16,2532.2081875425633
17,2532.20818759805
18,2532.208187556861
19,2532.208187573132
20,2532.2081875838876
