Run,Cost
1,5012.9847882527
2,5012.984788282015
3,5012.984788234132
4,5012.984788224719
5,5012.9847882142985
6,5012.984788286464
7,5012.984788272767
8,5012.9847882816775
9,5012.98478825758
10,5012.984788285179
11,5012.984788291696
12,5012.98478824827
13,5012.984788286059
14,5012.984788230755
15,5012.984788259749
16,5012.984788252666
17,5012.984788247258
18,5012.984788231973
19,5012.984788235767
20,5012.984788228166
