Run,Cost
1,4997.226221686795
2,4997.226221712753
3,4997.226221665191
4,4997.226221715476
5,4997.22622171089
6,4997.226221708418
7,4997.226221656361
8,4997.226221701825
9,4997.226221675585
10,4997.226221666361
11,4997.226221733518
12,4997.226221686944
13,4997.22622167307
14,4997.226221697139
15,4997.22622166296
16,4997.226221670538
17,4997.226221706617
18,4997.226221701701
19,4997.226221686268
20,4997.226221688709
