Run,Cost
1,6815.529602884869
2,6814.949155026778
3,6815.801492154834
4,6814.677265786072
5,6814.949155097207
6,6814.677265782533
7,6814.949155129616
8,6814.677265720687
9,6814.949155053082
10,6814.949155119302
11,6814.9491550595385
12,6814.67726583665
13,6814.67726572124
14,6815.80149216952
15,6815.8014921963
16,6814.949155059697
17,6814.677265839909
18,6815.801492248949
19,6814.677265767798
20,6814.949155140225
