Run,Cost
1,6823.809053763366
2,6823.8090537809385
3,6822.9552366849375
4,6823.809053731326
5,6822.955236694927
6,6823.809053731957
7,6823.809053633529
8,6822.955236690551
9,6823.809053726992
10,6823.809053768966
11,6822.955236730061
12,6823.809053699792
13,6823.809053720664
14,6823.809053782232
15,6822.955236659443
16,6823.809053735533
17,6823.809053780594
18,6823.809053698854
19,6822.955236699086
20,6823.809053741045
