Run,Cost
1,2398.588996179359
2,2398.5889961737757
3,2398.588996202954
4,2398.588996191198
5,2398.5889962165347
6,2398.5889961587413
7,2398.588996180252
8,2398.588996176067
9,2398.588996193825
10,2398.5889961823677
11,2398.588996181984
12,2398.588996185071
13,2398.588996165508
14,2398.58899617129
15,2398.5889962041715
16,2398.5889962085994
17,2398.5889961727125
18,2398.5889961928824
19,2398.5889961835906
20,2398.5889961753373
