Run,Cost
1,9428.994280275552
2,9433.011418442265
3,9429.992393224487
4,9432.013305549182
5,9429.992393146165
6,9428.994280248931
7,9430.995614007179
8,9431.993726943634
9,9429.992393172617
10,9432.013305509026
11,9430.995614037329
12,9432.0133054629
13,9429.992393258957
14,9431.993726912253
15,9429.992393184884
16,9431.01008470378
17,9431.993726900106
18,9430.995613997813
19,9429.99239322929
20,9430.011971749731
