Run,Cost
1,6283.704037356339
2,6283.704037311864
3,6283.704037361041
4,6283.7040372965785
5,6283.704037339798
6,6283.704037366038
7,6283.704037354758
8,6283.7040373346
9,6283.704037394028
10,6283.704037343513
11,6283.704037358613
12,6283.704037414131
13,6283.704037430296
14,6283.7040373579575
15,6283.704037394735
16,6283.704037324309
17,6283.704037371346
18,6283.704037313084
19,6283.704037416796
20,6283.704037358076
