Run,Cost
1,4961.710906499485
2,4961.710906476579
3,4961.710906456953
4,4961.710906512946
5,4961.71090651961
6,4961.710906564531
7,4961.7109065164805
8,4961.710906540709
9,4961.710906522427
10,4961.710906499631
11,4961.710906478717
12,4961.710906555387
13,4961.710906539223
14,4961.71090655029
15,4961.710906480191
16,4961.710906492225
17,4961.71090654626
18,4961.710906514448
19,4961.710906529509
20,4961.710906579529
