Run,Cost
1,6265.848312323344
2,6265.848312253991
3,6265.247479660014
4,6265.247479599505
5,6265.848312183699
6,6265.848312272769
7,6265.247479622611
8,6265.84831231154
9,6265.247479639943
10,6265.848312204297
11,6265.848312276663
12,6265.247479640665
13,6265.848312267043
14,6265.247479563406
15,6265.247479683232
16,6265.24747967152
17,6265.247479647612
18,6265.247479651396
19,6265.848312188688
20,6265.84831230816
