Run,Cost
1,4972.445235334699
2,4972.44523530314
3,4972.445235245577
4,4972.4452353014185
5,4972.445235297743
6,4972.445235274125
7,4972.445235280979
8,4972.4452353062015
9,4972.445235306219
10,4972.445235229502
11,4972.445235288245
12,4972.445235323542
13,4972.445235325238
14,4972.445235302207
15,4972.4452352260605
16,4972.445235295129
17,4972.445235270915
18,4972.44523533212
19,4972.445235288989
20,4972.445235308732
