Run,Cost
1,9473.303138912492
2,9473.303138960075
3,9472.064353160147
4,9472.064353124535
5,9472.392580811937
6,9471.153794982563
7,9472.064353098925
8,9472.392580762982
9,9472.392580751342
10,9472.064353027807
11,9473.303138895755
12,9473.303138939951
13,9473.303138858882
14,9472.392580877338
15,9473.30313886186
16,9471.153794959637
17,9471.153794983178
18,9472.064353105745
19,9471.153795023723
20,9473.303138944146
