Run,Cost
1,4484.319459650057
2,4484.3194596185485
3,4484.319459644764
4,4484.31945970531
5,4484.319459673759
6,4484.3194596662925
7,4484.3194596449375
8,4484.3194596239955
9,4484.319459711195
10,4484.319459673637
11,4484.319459691457
12,4484.319459653124
13,4484.31945965328
14,4484.319459707789
15,4484.319459698361
16,4484.319459651935
17,4484.319459638286
18,4484.319459663656
19,4484.319459656677
20,4484.31945960217
