Run,Cost
1,3266.5448450804824
2,3266.5448450331182
3,3266.343131130471
4,3266.544845064809
5,3266.3431311070067
6,3266.5448450503195
7,3266.343131144935
8,3266.3431311424397
9,3266.343131145606
10,3266.544845114277
11,3266.34313109461
12,3266.544845053516
13,3266.343131114149
14,3266.343131084654
15,3266.544845016116
16,3266.544845035251
17,3266.544845091851
18,3266.5448450457857
19,3266.3431311094387
20,3266.544845073635
