Run,Cost
1,3272.3422865367625
2,3272.342286534671
3,3272.5226184708463
4,3272.342286524533
5,3271.8048150790773
6,3273.0600899552105
7,3273.060089999539
8,3271.804815052192
9,3273.060089983487
10,3271.804815040862
11,3271.804815078478
12,3272.3422865414304
13,3272.5226184923617
14,3272.5226185152333
15,3271.804815029566
16,3272.52261847934
17,3272.522618513241
18,3271.8048150558084
19,3272.342286528177
20,3272.5226184696826
