Run,Cost
1,5210.450598575852
2,5210.450598495478
3,5210.450598588113
4,5210.450598560616
5,5210.450598544231
6,5210.450598536964
7,5210.450598559392
8,5210.4505984876605
9,5210.450598505974
10,5210.450598516001
11,5210.450598492916
12,5210.450598506561
13,5210.450598527034
14,5210.450598538818
15,5210.450598515196
16,5210.450598540338
17,5210.450598521055
18,5210.450598498711
19,5210.45059855357
20,5210.450598594564
