Run,Cost
1,5225.464198344378
2,5225.4641982288895
3,5225.464198266981
4,5225.464198317169
5,5225.464198323321
6,5225.464198347316
7,5225.464198302984
8,5225.464198316796
9,5225.464198271299
10,5225.464198286141
11,5225.464198320783
12,5225.464198368723
13,5225.464198342083
14,5225.464198367223
15,5225.46419835224
16,5225.464198283959
17,5225.464198316974
18,5225.464198325702
19,5225.464198308371
20,5225.4641982530975
