Run,Cost
1,6140.488116893479
2,6140.488116812708
3,6140.488116793373
4,6140.488116853863
5,6140.488116835561
6,6140.488116860407
7,6140.4881168075535
8,6140.4881168628135
9,6140.488116850644
10,6140.488116805723
11,6140.488116816156
12,6140.488116875592
13,6140.488116882034
14,6140.488116880822
15,6140.488116879325
16,6140.488116850279
17,6140.488116855311
18,6140.4881168228085
19,6140.488116842446
20,6140.488116809158
