Run,Cost
1,6118.714456818778
2,6119.64813157073
3,6116.208778395125
4,6118.994383321935
5,6115.701440324772
6,6121.353651393968
7,6122.007399681702
8,6119.175198650156
9,6118.714456689781
10,6120.1088734862
11,6116.81593058494
12,6117.46967879523
13,6116.355188648626
14,6119.828946848696
15,6117.46967882554
16,6119.175198609077
17,6115.701440416732
18,6120.762621740117
19,6118.994383308085
20,6116.355188685575
