Run,Cost
1,2400.1984606265223
2,2400.198460631851
3,2399.6723936558765
4,2399.6723936551944
5,2400.1984606078972
6,2399.6723937100187
7,2399.672393696333
8,2399.6723936679978
9,2400.1984606122883
10,2400.198460650028
11,2399.6723936731482
12,2399.6723936685667
13,2400.1984605885564
14,2399.6723936793687
15,2400.1984606362075
16,2399.6723937209485
17,2399.672393656666
18,2399.672393662075
19,2400.1984606133487
20,2400.1984606352275
