Run,Cost
1,7340.927565995578
2,7344.602631426634
3,7344.602631515374
4,7340.927566029457
5,7340.92756607217
6,7340.927566068453
7,7344.602631411967
8,7340.927566034138
9,7344.602631407691
10,7340.927566022272
11,7340.927566011706
12,7344.602631484163
13,7344.602631421742
14,7340.927566105741
15,7340.927566025961
16,7340.927566045957
17,7344.602631376061
18,7344.602631493903
19,7344.602631492229
20,7340.927565977882
