Run,Cost
1,7343.250825284018
2,7341.395947224934
3,7341.0535428275825
4,7341.3959471675025
5,7343.250825295548
6,7341.395947263791
7,7342.908420887597
8,7342.908420834248
9,7342.90842089924
10,7342.908420854276
11,7343.250825337603
12,7342.908420796948
13,7341.395947231475
14,7341.053542841071
15,7341.053542800806
16,7342.9084209418315
17,7341.395947228911
18,7342.908420811805
19,7343.250825324578
20,7343.250825293392
