Run,Cost
1,6197.343746993406
2,6201.437973769369
3,6200.056018023196
4,6198.2241105092735
5,6200.557610133726
6,6199.606066283645
7,6200.056018002182
8,6199.606066187994
9,6197.343746964603
10,6198.224110496434
11,6199.175654371057
12,6199.812220318742
13,6201.437973763969
14,6199.1756544421105
15,6199.175654442706
16,6200.557610199982
17,6199.175654403144
18,6199.17565446132
19,6198.7257026170455
20,6197.343746944366
