Run,Cost
1,6219.085941522951
2,6219.085941545124
3,6219.0859415047935
4,6219.085941530023
5,6219.085941608605
6,6219.0859415147415
7,6219.085941568579
8,6219.085941612936
9,6219.0859415900995
10,6219.085941547014
11,6219.0859415599525
12,6219.08594145369
13,6219.085941531434
14,6219.085941571968
15,6219.085941496693
16,6219.085941530983
17,6219.085941558069
18,6219.085941491742
19,6219.08594161576
20,6219.085941532951
