Run,Cost
1,2047.6980293963527
2,2047.6980294196037
3,2047.6980294328102
4,2047.6980293894426
5,2047.6980294296302
6,2047.6980293923705
7,2047.6980294013847
8,2047.6980294415246
9,2047.6980293997324
10,2047.6980294318776
11,2047.6980294245202
12,2047.698029406716
13,2047.698029439323
14,2047.6980294272678
15,2047.6980294255548
16,2047.6980294317573
17,2047.698029431986
18,2047.6980294031111
19,2047.698029427868
20,2047.6980294073976
