Run,Cost
1,2040.655575479212
2,2040.6555754876604
3,2040.6555754765413
4,2037.0683235946124
5,2037.068323605063
6,2037.0683236010757
7,2037.068323621371
8,2040.6555754658414
9,2037.0683236081975
10,2037.0683236099117
11,2037.0683236325485
12,2037.0683235988
13,2040.6555754575306
14,2037.06832358319
15,2037.068323618022
16,2040.6555754714198
17,2040.6555754714161
18,2040.65557545016
19,2040.655575471157
20,2037.0683236151021
