Run,Cost
1,1887.0208263573559
2,1886.5766394365658
3,1886.07660248289
4,1887.0208263127145
5,1886.5766393798588
6,1886.520789434166
7,1886.0766025034454
8,1887.0208263279512
9,1886.0766025066364
10,1886.5766394304242
11,1886.5766393785389
12,1886.0766024772618
13,1887.020826333272
14,1886.5207893856189
15,1886.5207893851382
16,1886.0766024733623
17,1886.0766024909424
18,1887.0208263435647
19,1886.0766025055473
20,1887.02082634845
