Run,Cost
1,1888.775609141284
2,1888.775609127747
3,1888.775609158441
4,1888.7756091581452
5,1888.7756091560302
6,1888.7756091447907
7,1888.7756091556116
8,1888.775609135289
9,1888.7756091283266
10,1888.7756091605638
11,1888.7756091250533
12,1888.7756091213203
13,1888.7756091246854
14,1888.775609154243
15,1888.7756091487436
16,1888.7756091692822
17,1888.7756091373055
18,1888.7756091639756
19,1888.775609136226
20,1888.7756091279102
