Run,Cost
1,4829.055368592478
2,4829.055368602426
3,4829.055368687795
4,4829.055368650729
5,4829.055368632288
6,4829.055368630864
7,4829.0553686213525
8,4829.0553686401545
9,4829.055368606391
10,4829.055368616219
11,4829.055368616082
12,4829.055368655107
13,4829.0553686942
14,4829.055368604306
15,4829.055368605295
16,4829.055368620723
17,4829.055368685534
18,4829.05536859573
19,4829.055368610844
20,4829.055368603492
