Run,Cost
1,4829.9020212658925
2,4829.9020213295835
3,4829.902021301038
4,4829.902021270447
5,4829.902021253279
6,4829.902021291384
7,4829.902021296647
8,4829.902021317349
9,4829.902021284819
10,4829.902021297915
11,4829.902021262671
12,4829.902021276801
13,4829.902021303549
14,4829.902021300562
15,4829.902021200126
16,4829.902021287213
17,4829.902021324088
18,4829.902021279819
19,4829.902021271189
20,4829.902021271106
