Run,Cost
1,3676.376662306252
2,3676.376662267835
3,3676.376662371888
4,3676.459833151325
5,3676.459833208289
6,3676.459833204931
7,3676.3766622853627
8,3676.459833203221
9,3676.376662299698
10,3676.4598332194087
11,3676.459833145886
12,3676.4598331389097
13,3676.459833234624
14,3676.459833195497
15,3676.3766623077395
16,3676.459833194609
17,3676.376662343635
18,3676.4598331875677
19,3676.3766623395345
20,3676.3766622665244
