Run,Cost
1,3672.2509641220036
2,3672.2509641223783
3,3672.3563263748365
4,3672.2509641940796
5,3672.250964161274
6,3672.250964163229
7,3672.2509641032325
8,3672.250964123617
9,3672.250964122845
10,3672.3563264180043
11,3672.2509641626357
12,3672.250964099275
13,3672.3563263490605
14,3672.3563264020177
15,3672.356326399001
16,3672.250964102448
17,3672.2509641789075
18,3672.3563263853116
19,3672.3563264003537
20,3672.250964068813
