Run,Cost
1,6247.054072007231
2,6247.054072033029
3,6247.054072070629
4,6247.054071983119
5,6247.054071904501
6,6247.0540720134195
7,6247.0540720061545
8,6247.054072019699
9,6247.054072006449
10,6247.054071931729
11,6247.054071989369
12,6247.05407200252
13,6247.054072022927
14,6247.054072093837
15,6247.0540720313
16,6247.054071963123
17,6247.054072026841
18,6247.054072067395
19,6247.0540720038325
20,6247.054072011789
