Run,Cost
1,6262.195705688016
2,6262.905210085343
3,6263.138115011459
4,6262.7362138102735
5,6262.724852704624
6,6263.286236109867
7,6263.307111328125
8,6262.588092817321
9,6262.736213894408
10,6262.745727924669
11,6262.736213815353
12,6263.28623605367
13,6263.307111256555
14,6262.866665821187
15,6262.174830542557
16,6262.316643604079
17,6262.633760883137
18,6262.588092821838
19,6262.905210081016
20,6262.633760799249
