Run,Cost
1,6507.694693889671
2,6507.694693790649
3,6507.6946938639585
4,6507.694693822225
5,6508.251578359218
6,6508.251578307114
7,6507.694693883317
8,6508.251578323669
9,6508.251578297309
10,6508.251578297024
11,6507.694693775638
12,6508.251578276907
13,6507.694693891254
14,6507.6946938361225
15,6507.694693743382
16,6508.251578298813
17,6507.69469380601
18,6508.251578274098
19,6508.251578292033
20,6508.251578323083
