Run,Cost
1,6493.6304495575205
2,6493.630449549599
3,6492.032342485544
4,6494.373910254993
5,6494.373910288261
6,6494.373910257199
7,6494.129522979617
8,6493.630449506258
9,6491.533269021867
10,6494.373910270998
11,6492.032342637667
12,6493.386062212043
13,6492.276729851528
14,6491.533269079025
15,6494.373910328461
16,6494.129523058507
17,6492.276729889304
18,6491.288881790936
19,6493.630449497241
20,6491.533269071021
