Run,Cost
1,7453.361479483755
2,7457.8244335212685
3,7454.85736883955
4,7453.361479451083
5,7459.0695596370015
6,7453.361479469988
7,7454.70118271459
8,7452.3189627067595
9,7459.06955961385
10,7459.06955967568
11,7453.658665871262
12,7453.361479492702
13,7453.65866590852
14,7454.85736881567
15,7454.701182701843
16,7453.361479449353
17,7454.857368768845
18,7454.701182658299
19,7453.361479485624
20,7453.361479493611
