Run,Cost
1,7467.083543350849
2,7465.976166894787
3,7467.465252305903
4,7467.465252348998
5,7465.976166856636
6,7465.976166840761
7,7467.465252320406
8,7467.083543324297
9,7467.083543407536
10,7465.976166885932
11,7468.572628795929
12,7465.976166845313
13,7468.5726288402775
14,7468.572628785029
15,7467.4652523621635
16,7468.572628789552
17,7467.0835433319935
18,7465.97616685865
19,7465.976166922536
20,7467.0835432965005
