Run,Cost
1,3987.057327125143
2,3984.3599129359013
3,3984.3599128501432
4,3984.3599128860487
5,3987.0573270685545
6,3984.3599128390583
7,3984.3599128419783
8,3987.057327058416
9,3987.0573270695704
10,3987.057327060665
11,3987.057327068527
12,3984.3599128169794
13,3984.3599128820515
14,3984.3599128737246
15,3987.0573270911154
16,3984.3599128607284
17,3987.0573270843165
18,3987.057327028912
19,3984.3599127684606
20,3987.0573270410937
