Run,Cost
1,3995.3392162240493
2,3995.339216122615
3,3995.5699077505974
4,3994.220670491177
5,3996.688453490765
6,3994.2206704596647
7,3994.2206704735386
8,3994.220670481768
9,3994.2206704388523
10,3995.569907815993
11,3994.2206705177623
12,3994.2206704931123
13,3995.569907802668
14,3994.2206704790806
15,3995.569907824512
16,3995.339216100692
17,3996.688453512427
18,3996.6884534749115
19,3995.3392161132138
20,3996.688453517745
