Run,Cost
1,4509.428255559192
2,4507.897698035952
3,4507.8976980338475
4,4507.897698083322
5,4509.428255576836
6,4509.428255594834
7,4507.897698044947
8,4507.897698044777
9,4509.428255585592
10,4509.428255556137
11,4507.897698045791
12,4509.428255578985
13,4509.428255574435
14,4507.897698093979
15,4507.897698057991
16,4509.4282555869295
17,4509.428255572663
18,4509.4282555598875
19,4509.428255602752
20,4507.897698046897
