Run,Cost
1,4497.804073494763
2,4499.137513684207
3,4497.804073433384
4,4499.137513698121
5,4499.137513676711
6,4499.137513640591
7,4499.137513634427
8,4499.137513718795
9,4499.137513674635
10,4497.804073481727
11,4497.804073467425
12,4499.137513659558
13,4499.1375136705665
14,4499.137513712749
15,4499.137513672992
16,4499.137513661247
17,4499.137513669245
18,4497.804073436745
19,4499.137513692441
20,4499.137513670685
