Run,Cost
1,3417.389482043616
2,3417.3894820364426
3,3417.3894820307514
4,3417.3894820035707
5,3417.389481983595
6,3417.389482009412
7,3417.389482028771
8,3417.389481989767
9,3417.389481968577
10,3417.3894820042515
11,3417.3894819986717
12,3417.3894820836467
13,3417.3894820413325
14,3417.3894820162063
15,3417.3894820579717
16,3417.389481989078
17,3417.389481999143
18,3417.389481993768
19,3417.3894820214045
20,3417.3894820164046
