Run,Cost
1,4275.121333901462
2,4275.121333887597
3,4271.800864145287
4,4271.800864145455
5,4271.800864194143
6,4275.121333899173
7,4275.121333931335
8,4271.800864207324
9,4275.121333884419
10,4271.800864187543
11,4271.800864152333
12,4275.121333890688
13,4271.800864172207
14,4271.800864199971
15,4275.121333902671
16,4271.800864201127
17,4275.121333877194
18,4275.1213338891785
19,4271.800864172151
20,4275.121333902111
