Run,Cost
1,4276.235623756486
2,4275.876953522102
3,4275.8769535762685
4,4275.876953518598
5,4275.876953564721
6,4275.876953519179
7,4275.876953521576
8,4276.235623817545
9,4276.235623775172
10,4276.235623701373
11,4275.876953555564
12,4276.235623795969
13,4275.876953545018
14,4276.235623809704
15,4276.235623722722
16,4275.876953545294
17,4275.876953577568
18,4275.876953487657
19,4275.876953489432
20,4276.235623756981
