Run,Cost
1,4019.523160686478
2,4019.4492190746523
3,4016.3453900540753
4,4018.8003680455517
5,4018.800368027821
6,4018.7264263676084
7,4019.4492190297533
8,4019.5231606880393
9,4018.8003680589595
10,4018.8003680737584
11,4019.523160722073
12,4016.419331720169
13,4016.345390059437
14,4019.5231606936463
15,4016.2947024683035
16,4019.44921904442
17,4016.2947025470653
18,4019.5231607184805
19,4016.2947025089256
20,4019.5231607212895
