Run,Cost
1,4033.9227944398554
2,4033.9744104543574
3,4033.974410426518
4,4033.974410438432
5,4033.9227944667364
6,4033.9227944153613
7,4033.9227944630943
8,4033.9744103502294
9,4033.9227944176714
10,4033.9227944441996
11,4033.9744104362285
12,4033.9744104006973
13,4033.9744104595934
14,4033.974410407925
15,4033.9227944044355
16,4033.9744103703747
17,4033.9227944601153
18,4033.9227944921145
19,4033.9227944268578
20,4033.974410433028
