Run,Cost
1,1898.053211836084
2,1898.0532118509177
3,1898.0532118533963
4,1898.0532118448925
5,1898.053211838437
6,1898.0532118548838
7,1898.0532118482765
8,1898.0532118668605
9,1898.0532118212027
10,1898.0532118375554
11,1898.0532118652677
12,1898.0532118700598
13,1898.0532118711424
14,1898.05321181089
15,1898.053211824709
16,1898.053211820597
17,1898.0532118077833
18,1898.0532118447386
19,1898.0532118480382
20,1898.0532118385786
