Run,Cost
1,9956.152586830878
2,9956.708007653635
3,9956.708007684514
4,9956.708007733318
5,9956.152586695149
6,9956.152586749447
7,9956.152586809107
8,9956.708007762205
9,9956.708007733961
10,9956.152586779104
11,9956.708007710678
12,9956.15258685082
13,9956.152586752994
14,9956.152586830627
15,9956.708007658992
16,9956.708007738669
17,9956.152586838725
18,9956.152586807675
19,9956.708007683093
20,9956.7080076934
