Run,Cost
1,9980.03097356938
2,9980.030973471565
3,9980.03097360284
4,9979.852776997588
5,9980.030973521081
6,9980.030973547515
7,9980.030973522587
8,9980.030973484289
9,9979.852776978089
10,9979.852776969394
11,9979.852776955273
12,9979.852776922322
13,9979.852777075477
14,9979.852776895777
15,9979.852776963973
16,9979.852776932834
17,9980.030973489867
18,9979.85277696436
19,9980.030973493978
20,9980.03097353468
