Run,Cost
1,1894.8862466813873
2,1894.8862467046656
3,1894.8862466884002
4,1894.886246659847
5,1894.8862466992068
6,1894.8862466868823
7,1894.8862466633893
8,1894.8862466364192
9,1894.8862466582714
10,1894.8862466576604
11,1894.8862466682933
12,1894.886246663243
13,1894.8862466640117
14,1894.8862466648234
15,1894.8862466712246
16,1894.8862466808628
17,1894.8862467172432
18,1894.8862466705334
19,1894.8862467052234
20,1894.8862466835806
