Run,Cost
1,5064.78010799372
2,5064.780107992671
3,5064.78010798424
4,5064.780107997975
5,5064.780108029187
6,5064.780108030983
7,5064.780108027206
8,5064.780108058386
9,5064.780107991715
10,5064.780108025181
11,5064.780108020678
12,5064.7801080197305
13,5064.780108015466
14,5064.780108014552
15,5064.780108001976
16,5064.780108006993
17,5064.780107967657
18,5064.780108050177
19,5064.780108006346
20,5064.780108087174
