Run,Cost
1,5042.0214756625055
2,5042.021475650632
3,5042.021475667288
4,5044.510752832517
5,5043.420667001472
6,5045.909944108405
7,5042.021475687125
8,5045.909944090754
9,5045.9099441222115
10,5045.909944059544
11,5042.021475681266
12,5042.02147572832
13,5042.02147568075
14,5045.90994407782
15,5043.420666954825
16,5042.021475698928
17,5042.02147566085
18,5042.021475682938
19,5045.909944117432
20,5042.02147569643
