Run,Cost
1,10949.297113187251
2,10947.467023034607
3,10950.436568619061
4,10945.789532637713
5,10948.997406267561
6,10949.898533609163
7,10947.459456592896
8,10944.888405290298
9,10946.167401270388
10,10945.391038354599
11,10949.29711323653
12,10950.436568511275
13,10949.89853352394
14,10948.5989120648
15,10947.997491610244
16,10946.530493782588
17,10947.068528784013
18,10946.027860658753
19,10946.565895613709
20,10946.565895636484
