Run,Cost
1,7404.719311594515
2,7409.570348036838
3,7405.07056832971
4,7405.070568285111
5,7405.070568282132
6,7404.719311653549
7,7404.7193116889275
8,7405.0705683404985
9,7409.570348110189
10,7404.719311664349
11,7405.0705682473745
12,7404.719311655116
13,7405.070568274691
14,7405.070568211703
15,7409.570348105474
16,7405.070568291752
17,7404.719311604222
18,7409.570348119951
19,7405.070568294109
20,7404.719311665653
