Run,Cost
1,7380.400810747019
2,7380.400810798691
3,7377.550241334069
4,7380.400810723417
5,7377.5502413828235
6,7381.643806193485
7,7381.643806154785
8,7380.40081069856
9,7380.400810762359
10,7377.550241400627
11,7381.643806227181
12,7377.550241370289
13,7377.5502413674285
14,7381.643806132935
15,7381.643806081104
16,7380.400810714671
17,7380.400810758345
18,7377.550241425515
19,7380.400810791478
20,7384.494375465293
