Run,Cost
1,10973.980065508606
2,10973.980065632994
3,10973.980065591202
4,10973.980065476338
5,10973.980065529482
6,10973.980065449057
7,10973.98006547371
8,10973.980065606374
9,10973.980065621901
10,10973.980065652835
11,10973.980065589732
12,10973.980065547685
13,10973.980065548054
14,10974.957994898088
15,10974.957994922148
16,10973.980065628526
17,10973.980065623624
18,10973.980065491476
19,10974.95799486876
20,10973.98006556399
