Run,Cost
1,4246.014830501242
2,4246.014830592913
3,4245.733061012301
4,4245.733061018748
5,4246.014830546745
6,4246.014830559722
7,4245.73306101005
8,4246.014830546477
9,4246.014830543475
10,4246.014830559928
11,4246.014830591932
12,4245.733060994713
13,4245.733060994765
14,4246.0148305339335
15,4245.733061043298
16,4245.733061021722
17,4246.01483052872
18,4245.733061104559
19,4246.014830517144
20,4246.014830571336
