Run,Cost
1,4231.177172733541
2,4231.1771727208825
3,4231.177172708341
4,4231.177172706725
5,4231.177172728833
6,4231.177172686868
7,4231.177172670076
8,4231.177172692157
9,4231.17717271047
10,4231.177172689865
11,4231.177172715859
12,4231.1771726989955
13,4231.177172707167
14,4231.177172663888
15,4231.17717262031
16,4231.17717269541
17,4231.177172713745
18,4231.1771727041305
19,4231.177172705474
20,4231.1771727009145
