Run,Cost
1,1512.524711929114
2,1512.5247119218302
3,1513.4813526745058
4,1512.5247119169785
5,1512.5247119235335
6,1512.5247119222647
7,1513.481352650296
8,1512.524711917345
9,1512.5247119259873
10,1512.5247119155258
11,1513.4813526748708
12,1513.4813526904368
13,1512.5247119087867
14,1513.4813526645044
15,1513.4813526908697
16,1513.481352656672
17,1512.5247119002115
18,1512.5247118952743
19,1513.48135266548
20,1513.4813526526552
