Run,Cost
1,5026.318034061684
2,5026.318034067768
3,5026.318034082028
4,5026.3180340838335
5,5026.31803409966
6,5026.318034140057
7,5026.318034105385
8,5026.31803410911
9,5026.318034104359
10,5026.318034050176
11,5026.318034095561
12,5026.318034033361
13,5026.318034065307
14,5026.318034054763
15,5026.31803409432
16,5026.318034017615
17,5026.318034110833
18,5026.318034049502
19,5026.318034071159
20,5026.318034079007
