Run,Cost
1,5027.909243377244
2,5027.909243385531
3,5027.480272080023
4,5027.909243386439
5,5027.909243404668
6,5027.480272071859
7,5027.480272064212
8,5027.909243407829
9,5027.9092433941205
10,5027.909243430456
11,5027.909243436971
12,5027.909243390849
13,5027.480272055242
14,5027.90924341217
15,5027.480272084222
16,5027.909243401131
17,5027.480272026796
18,5027.480272082756
19,5027.4802721037795
20,5027.909243317217
