Run,Cost
1,686.4312149201977
2,686.4312149149436
3,686.4312149335806
4,686.431214897119
5,686.4312149231685
6,686.4312149263786
7,686.4312149316539
8,686.4312149333938
9,686.4312149193566
10,686.4312149231549
11,686.4312149426313
12,686.4312149288099
13,686.4312149071998
14,686.4312149164318
15,686.4312149155255
16,686.4312149107684
17,686.4312149132801
18,686.4312149113669
19,686.4312149133121
20,686.4312149305264
