Run,Cost
1,687.1870132852613
2,687.1870132618168
3,687.187013281433
4,687.1870132855844
5,687.1870132962251
6,687.1870132829595
7,687.1870132814604
8,687.1870132973451
9,687.1870132894201
10,687.187013298476
11,687.1870132955673
12,687.1870132986909
13,687.1870132929915
14,687.1870132867324
15,687.187013288181
16,687.1870132912418
17,687.1870132745331
18,687.1870132856244
19,687.1870132874503
20,687.1870132945689
