Run,Cost
1,4648.301391661061
2,4648.301391691541
3,4648.301391661336
4,4648.301391676269
5,4648.30139169975
6,4648.301391660822
7,4648.301391626504
8,4648.3013916735445
9,4648.301391708432
10,4648.301391669818
11,4648.301391638304
12,4648.301391700049
13,4648.301391663428
14,4648.301391699929
15,4648.301391664785
16,4648.301391692248
17,4648.301391685836
18,4648.301391729999
19,4648.3013916537
20,4648.301391673211
