Run,Cost
1,4648.929322661768
2,4648.929322665698
3,4648.929322662073
4,4648.929322649728
5,4648.929322684629
6,4648.929322712315
7,4647.189562782388
8,4647.1895627954145
9,4647.189562821241
10,4647.189562832444
11,4647.189562763075
12,4648.929322674845
13,4647.189562832388
14,4648.929322685225
15,4648.929322686911
16,4647.189562777507
17,4648.929322729902
18,4647.189562815413
19,4647.18956281327
20,4648.929322684811
