Run,Cost
1,7242.601392994467
2,7248.001734564213
3,7248.00173463184
4,7242.601393005332
5,7248.001734542752
6,7248.001734582196
7,7248.0017345453625
8,7242.601392898497
9,7248.001734590167
10,7242.601392895382
11,7248.001734500276
12,7248.001734507107
13,7248.001734595668
14,7242.601392952842
15,7248.001734551652
16,7242.601392975841
17,7248.001734633885
18,7248.001734582556
19,7242.601392986071
20,7242.601393020146
