Run,Cost
1,7210.7409981731735
2,7210.740998081579
3,7212.699139912819
4,7211.88854183737
5,7213.846683642253
6,7210.740998059079
7,7212.699139889617
8,7210.740998092743
9,7212.699139840087
10,7212.699139952238
11,7212.699139914053
12,7211.888541831163
13,7210.740998127669
14,7210.740998182877
15,7212.699139927174
16,7210.740998181427
17,7212.6991398855025
18,7212.699139942743
19,7210.74099810322
20,7212.69913986971
