Run,Cost
1,1884.12888965343
2,1890.3336425548337
3,1890.3336425819455
4,1884.128889652623
5,1886.12790831767
6,1888.334623848467
7,1884.1288896316053
8,1890.3336425262346
9,1884.1288896841004
10,1890.3336425552618
11,1886.127908357464
12,1890.3336425807613
13,1884.1288896657434
14,1886.1279083203278
15,1890.3336425638176
16,1890.3336425782038
17,1890.3336425994323
18,1886.127908350664
19,1884.1288896470976
20,1888.3346238790602
