Run,Cost
1,1879.216656650892
2,1878.3949031601312
3,1879.2166566586081
4,1878.3949031738273
5,1878.3949031597917
6,1879.2166566181027
7,1879.2166566523606
8,1879.2166566205478
9,1879.216656667106
10,1878.394903206176
11,1878.3949031769955
12,1879.2166566637272
13,1878.394903135561
14,1879.2166566642131
15,1879.216656639133
16,1878.3949032119415
17,1879.216656654945
18,1878.3949032040048
19,1878.3949031760928
20,1879.216656663111
