Run,Cost
1,2882.4063148329597
2,2877.9290681384928
3,2877.9290681575594
4,2877.9290681959014
5,2878.360209421584
6,2878.3602094639073
7,2882.4063148577816
8,2877.9290682089413
9,2882.4063148559067
10,2882.4063148235628
11,2878.360209448572
12,2882.406314856971
13,2878.3602094398198
14,2882.4063148376254
15,2882.4063148565588
16,2882.4063148494347
17,2877.929068147199
18,2877.929068164232
19,2878.3602093982818
20,2882.4063148478417
