Run,Cost
1,2888.111951998675
2,2888.1119519675985
3,2888.1119519746603
4,2888.1119519633
5,2888.111951952126
6,2888.1119519380472
7,2888.1119520094453
8,2888.111951965159
9,2888.1119519419944
10,2888.111951971304
11,2888.111951969995
12,2888.111951951708
13,2888.111951933044
14,2888.1119519756794
15,2888.1119519468148
16,2888.1119520049906
17,2888.11195200869
18,2888.111951970825
19,2888.111951957562
20,2888.111952000987
