Run,Cost
1,5037.942578576095
2,5040.065117071945
3,5040.06511703659
4,5037.942578539053
5,5040.065116950363
6,5040.065117015101
7,5037.942578550571
8,5040.065117061199
9,5040.065117067622
10,5037.942578564876
11,5040.065117068159
12,5040.065117063151
13,5037.942578532244
14,5040.065116998085
15,5037.94257853274
16,5040.065117021299
17,5037.942578526304
18,5040.065117070265
19,5037.942578527167
20,5037.942578565659
