Run,Cost
1,5044.641261017568
2,5044.641261069236
3,5044.641261057286
4,5045.4771912135275
5,5044.641261005682
6,5045.477191178624
7,5045.477191158496
8,5045.477191169987
9,5044.641261010405
10,5045.477191202698
11,5044.641260991415
12,5045.477191116428
13,5044.641261018148
14,5045.477191152476
15,5044.641260989743
16,5045.477191141075
17,5045.477191182536
18,5045.477191157007
19,5044.6412610211155
20,5044.641261046941
