Run,Cost
1,2902.1160068664863
2,2902.1160068845043
3,2902.116006855797
4,2902.116006845368
5,2902.116006850561
6,2902.116006851384
7,2902.116006832184
8,2902.116006843982
9,2902.116006849314
10,2902.1160068479153
11,2902.1160068379972
12,2902.116006888389
13,2902.116006857417
14,2902.11600684201
15,2902.116006840322
16,2902.1160068319655
17,2902.116006901395
18,2902.1160068578233
19,2902.116006862405
20,2902.11600684946
