Run,Cost
1,2907.5870199299397
2,2907.587019965783
3,2907.5870199432557
4,2907.587019970804
5,2907.587019929126
6,2907.5870199455867
7,2907.5870199358974
8,2907.5870199820447
9,2907.5870199312894
10,2907.587019921748
11,2907.5870199089663
12,2907.5870199018696
13,2907.587019940575
14,2907.5870199227097
15,2907.5870199336728
16,2907.5870199610526
17,2907.5870199393185
18,2907.58701994298
19,2907.587019904679
20,2907.5870199194064
