Run,Cost
1,2752.123085191156
2,2752.1230852135595
3,2752.1230851845903
4,2752.1230851632736
5,2752.1230851588657
6,2752.1230851654227
7,2752.123085166195
8,2752.1230851658283
9,2752.1230851674914
10,2752.123085171517
11,2752.1230851679575
12,2752.1230851317255
13,2752.1230852085114
14,2752.123085180643
15,2752.1230851293963
16,2752.1230851737173
17,2752.1230851842274
18,2752.1230851639266
19,2752.1230851978844
20,2752.1230851719074
