Run,Cost
1,2757.801336075655
2,2757.801336096233
3,2757.801336079095
4,2757.746851250359
5,2757.7468512366463
6,2757.746851252829
7,2757.8013360890022
8,2757.746851261045
9,2757.8013361103003
10,2757.7468512351265
11,2757.801336074874
12,2757.746851258852
13,2757.801336079978
14,2757.8013360982295
15,2757.7468512685327
16,2757.7468512115724
17,2757.74685123155
18,2757.8013361195754
19,2757.801336077887
20,2757.746851239223
