Run,Cost
1,7262.693717673079
2,7262.693717622461
3,7262.693717717538
4,7262.693717685486
5,7262.945718681456
6,7262.945718673328
7,7262.693717707824
8,7262.693717705863
9,7262.69371770382
10,7262.693717694908
11,7262.693717669228
12,7262.945718623109
13,7262.945718679744
14,7262.693717744205
15,7262.693717711716
16,7262.693717720283
17,7262.945718690122
18,7262.693717694249
19,7262.693717742447
20,7262.693717675626
