Run,Cost
1,7256.305757075541
2,7248.395048394616
3,7257.21064657539
4,7244.269608138321
5,7252.509910392991
6,7257.210646652022
7,7248.185466396396
8,7252.509910418183
9,7256.3057570629
10,7244.269608047668
11,7249.299938022786
12,7257.210646605175
13,7248.395048380345
14,7256.305757024739
15,7244.269608091434
16,7252.595277830533
17,7248.39504835346
18,7256.30575701558
19,7257.210646663641
20,7256.305757132345
