Run,Cost
1,2264.4960302589993
2,2264.0603460012403
3,2264.060345961303
4,2264.060345989563
5,2264.0603459705476
6,2264.496030269756
7,2264.060345997883
8,2264.496030272071
9,2264.4960302541876
10,2264.0603460077714
11,2264.496030261261
12,2264.06034598035
13,2264.060345985873
14,2264.4960302295467
15,2264.060345979466
16,2264.496030254015
17,2264.060345994419
18,2264.0603459879258
19,2264.060345971581
20,2264.4960302666987
