Run,Cost
1,2276.251170027961
2,2276.251169997475
3,2276.251170042802
4,2276.251170038413
5,2276.2511700071896
6,2276.251170018883
7,2276.2511700301784
8,2276.251170030119
9,2276.2511699955007
10,2276.2511700499977
11,2276.2511700350033
12,2276.2511700159985
13,2276.2511700148525
14,2276.2511700378095
15,2276.2511700195837
16,2276.2511700304685
17,2276.2511700124674
18,2276.2511700280766
19,2276.2511700216564
20,2276.251170031979
