Run,Cost
1,6571.655499644158
2,6571.655499670491
3,6571.655499650477
4,6571.655499672734
5,6571.655499632654
6,6571.655499615006
7,6571.655499710578
8,6571.65549963692
9,6571.655499724547
10,6571.655499647418
11,6571.655499552353
12,6571.655499661327
13,6571.6554995877805
14,6571.655499630672
15,6571.655499671407
16,6571.6554997088015
17,6571.655499660604
18,6571.65549956803
19,6571.655499581332
20,6571.655499616086
