Run,Cost
1,6560.969057053204
2,6559.234152506562
3,6559.070373235057
4,6559.217639302735
5,6559.234152487328
6,6560.93479455171
7,6560.93479457102
8,6560.805277640817
9,6559.234152492105
10,6559.234152463538
11,6560.934794505647
12,6559.070373205955
13,6560.934794506237
14,6561.098573763563
15,6559.234152596824
16,6559.053860065967
17,6559.070373226768
18,6559.053860082932
19,6560.969056915528
20,6561.098573807362
