Run,Cost
1,7879.208586541717
2,7880.980196252834
3,7880.980196190773
4,7880.980196188564
5,7880.980196175446
6,7879.208586581239
7,7880.980196278182
8,7879.208586544622
9,7880.980196270644
10,7879.208586512763
11,7880.98019625317
12,7880.980196213302
13,7880.980196199063
14,7879.208586462412
15,7880.980196213485
16,7879.208586465937
17,7879.208586510712
18,7880.98019619601
19,7879.208586577916
20,7879.208586469345
