Run,Cost
1,3195.309038285169
2,3195.3090383188696
3,3195.3090382890773
4,3195.3090383447343
5,3195.3090383446915
6,3195.3090383299327
7,3195.3090382997466
8,3195.309038304725
9,3195.309038314121
10,3195.309038313335
11,3195.309038373724
12,3195.309038317491
13,3195.3090383352055
14,3195.3090383738177
15,3195.3090383192134
16,3195.309038354473
17,3195.3090383080525
18,3195.3090383023596
19,3195.3090383357544
20,3195.3090382642326
