Run,Cost
1,3186.4055363761877
2,3186.405536462105
3,3186.405536489037
4,3186.405536466294
5,3186.4055364642295
6,3186.405536411808
7,3186.405536398457
8,3186.4055364504147
9,3186.4055364097244
10,3186.405536440221
11,3186.405536455018
12,3186.4055364204237
13,3186.4055364072087
14,3186.405536364784
15,3186.405536418216
16,3186.4055364264223
17,3186.40553646901
18,3186.405536430617
19,3186.4055364894593
20,3186.4055364126234
