Run,Cost
1,6012.332582228726
2,6012.332582186788
3,6012.332582252698
4,6012.33258224475
5,6012.332582256555
6,6011.775048935645
7,6012.332582230034
8,6011.775048872807
9,6012.3325822685
10,6012.3325822506495
11,6012.332582234653
12,6011.775048910271
13,6011.775048876188
14,6012.332582232942
15,6011.775048835134
16,6012.332582297619
17,6012.332582254427
18,6012.332582268087
19,6011.775048889679
20,6012.332582315005
