Run,Cost
1,1620.6807547849894
2,1621.6533430859397
3,1621.653343077571
4,1620.6807547869137
5,1620.6807547858898
6,1620.680754792106
7,1620.6807547950193
8,1620.6807547995425
9,1620.6807547825745
10,1620.6807547724916
11,1621.653343093445
12,1621.6533430753336
13,1620.6807547763979
14,1620.6807547632247
15,1620.6807547769758
16,1621.6533430876782
17,1620.6807547564742
18,1620.680754804352
19,1620.680754758366
20,1620.680754773015
