Run,Cost
1,1627.8303391134198
2,1627.8303391221675
3,1627.8303391161294
4,1627.8303391199165
5,1627.8303391185957
6,1627.8303391122881
7,1627.8303391408208
8,1627.8303391241975
9,1627.8303391038169
10,1627.8303391017591
11,1627.8303391192412
12,1627.8303390958383
13,1627.8303391430961
14,1627.83033912371
15,1627.8303391199895
16,1627.8303391117122
17,1627.8303391258987
18,1627.830339126132
19,1627.83033913526
20,1627.8303391320976
