Run,Cost
1,6000.752765859809
2,6000.752765809813
3,6000.752765815485
4,6000.752765883138
5,6000.752765847241
6,6000.752765841589
7,6000.752765799822
8,6000.752765908277
9,6000.752765838071
10,6000.752765842883
11,6000.752765813611
12,6000.7527657883975
13,6000.752765884622
14,6000.752765813522
15,6000.752765811225
16,6000.752765830754
17,6000.752765850382
18,6000.752765789984
19,6000.752765816331
20,6000.75276580157
