Run,Cost
1,5226.545114040982
2,5227.120161195411
3,5227.120161084394
4,5226.545114081175
5,5226.545114022916
6,5227.120161191148
7,5226.5451139844645
8,5226.545114018404
9,5227.120161211755
10,5226.5451140412115
11,5227.120161167521
12,5226.545114010544
13,5227.120161170712
14,5226.5451140760715
15,5227.1201611187325
16,5227.120161198134
17,5226.545113981378
18,5226.545114011526
19,5226.545114030376
20,5227.12016118847
