Run,Cost
1,1804.4470751662366
2,1804.4470751906704
3,1804.4470751759877
4,1804.4470751675015
5,1804.447075139211
6,1804.447075166693
7,1804.4470751746926
8,1804.4470751515432
9,1804.4470751407584
10,1804.4470751515164
11,1804.4470751758809
12,1804.4470751505944
13,1804.4470751449946
14,1804.4470751459094
15,1804.4470751256035
16,1804.447075120202
17,1804.4470751812316
18,1804.4470751438657
19,1804.4470751800168
20,1804.4470751400484
