Run,Cost
1,5232.224998770965
2,5232.224998744612
3,5232.22499877532
4,5232.2249987066825
5,5232.224998816175
6,5232.224998729466
7,5232.224998745235
8,5232.2249987896075
9,5232.224998796211
10,5232.224998759855
11,5232.224998791402
12,5232.224998774297
13,5232.224998736827
14,5232.224998805604
15,5232.224998766258
16,5232.22499876112
17,5232.224998769608
18,5232.2249987768155
19,5232.2249987778105
20,5232.22499877628
