Run,Cost
1,1803.8501420042546
2,1804.447075155427
3,1803.850141977319
4,1804.4470751630838
5,1803.8501420014618
6,1804.4470751793021
7,1804.4470751708263
8,1804.4470751651718
9,1803.8501419861213
10,1803.850141994067
11,1803.850141998141
12,1803.8501419733955
13,1804.4470751318074
14,1804.4470751574027
15,1804.4470751522983
16,1803.8501419948907
17,1803.850141992936
18,1803.850141977723
19,1804.4470751524173
20,1804.4470751440454
