Run,Cost
1,2010.8280625847162
2,2010.8280626169517
3,2010.8280625738569
4,2010.8280625955638
5,2010.828062604189
6,2010.8280626066341
7,2010.8280626520539
8,2010.8280626269654
9,2010.8280625824045
10,2010.8280626244243
11,2010.8280625689151
12,2010.828062616263
13,2010.8280626051298
14,2010.828062613782
15,2010.8280625902703
16,2010.8280625824045
17,2010.8280626025462
18,2010.828062590749
19,2010.8280626371015
20,2010.8280625970576
