Run,Cost
1,2010.6441211696615
2,2010.644121177493
3,2010.6441211852605
4,2010.6441212033533
5,2010.644121177514
6,2010.6441211947354
7,2010.6441211596405
8,2010.644121172694
9,2010.644121196572
10,2010.644121172926
11,2010.6441212077502
12,2010.6441211973113
13,2010.644121164296
14,2010.6441212129725
15,2010.6441211320248
16,2010.644121174293
17,2010.6441211951983
18,2010.6441211795031
19,2010.6441211634738
20,2010.6441212136435
