Run,Cost
1,3754.9097553637303
2,3754.9097553848496
3,3754.9097554151317
4,3754.9097554076516
5,3754.909755400324
6,3754.5307575052316
7,3754.9097553903634
8,3754.9097554037085
9,3754.9097554036052
10,3754.909755358988
11,3754.9097553824827
12,3754.909755368705
13,3754.909755406367
14,3754.9097554002165
15,3754.909755399993
16,3754.90975534809
17,3754.9097553992565
18,3754.909755348723
19,3754.9097554387386
20,3754.909755400288
