Run,Cost
1,3768.3736107603945
2,3768.373610771088
3,3768.3736107546383
4,3768.3736107844998
5,3768.373610752549
6,3768.373610765023
7,3768.3736107524387
8,3768.3736107601353
9,3768.373610782599
10,3768.3736107971645
11,3768.3736108164712
12,3768.3736108131807
13,3768.3736107937875
14,3768.3736107946784
15,3768.3736108083017
16,3768.373610761165
17,3768.373610779522
18,3768.373610813597
19,3768.37361075388
20,3768.373610767948
