Run,Cost
1,6763.405269337526
2,6763.40526932118
3,6762.7184053406145
4,6762.7184054123845
5,6763.4052694273305
6,6762.718405364714
7,6763.405269349704
8,6762.718405319011
9,6763.405269343594
10,6763.405269348452
11,6762.718405355515
12,6762.718405396467
13,6762.718405376145
14,6763.405269400411
15,6763.405269354019
16,6762.718405395466
17,6763.405269368073
18,6763.405269361951
19,6763.405269395334
20,6762.718405354497
