Run,Cost
1,6747.157626725619
2,6747.157626783902
3,6747.157626762812
4,6747.157626780832
5,6747.157626777273
6,6747.157626749336
7,6747.157626798111
8,6747.157626802044
9,6747.157626772244
10,6747.15762676694
11,6747.157626757321
12,6747.157626746695
13,6747.157626791472
14,6747.15762672417
15,6747.157626805582
16,6747.157626714942
17,6747.1576268164345
18,6747.157626773755
19,6747.15762674015
20,6747.157626734359
