Run,Cost
1,12682.048973336261
2,12682.048973461342
3,12682.048973332805
4,12682.048973309613
5,12682.048973294617
6,12682.048973299436
7,12682.048973199006
8,12682.048973256478
9,12682.04897329352
10,12682.048973311275
11,12682.048973416528
12,12682.04897333177
13,12682.048973325018
14,12682.048973262406
15,12682.048973342884
16,12682.048973260342
17,12682.048973394621
18,12682.048973336248
19,12682.048973287448
20,12682.048973344463
