Run,Cost
1,5132.924674067547
2,5132.924674081767
3,5132.710428083268
4,5132.710428087558
5,5132.924674090772
6,5132.9246740663175
7,5132.710428061233
8,5132.7104280358
9,5132.924674065283
10,5132.710428069166
11,5132.710428027075
12,5132.924674064186
13,5132.924674072007
14,5132.710428077419
15,5132.9246740787985
16,5132.924674104975
17,5132.710428047406
18,5132.924674063198
19,5132.7104280863705
20,5132.924674041072
