Run,Cost
1,3141.3296975040985
2,3141.3296974831032
3,3141.329697488371
4,3141.3296975019653
5,3141.3296975075805
6,3141.3296974946757
7,3141.329697529664
8,3141.3296974935824
9,3141.329697475254
10,3141.3296975109806
11,3141.3296974430486
12,3141.329697476282
13,3141.329697500208
14,3141.3296974939067
15,3141.3296975100634
16,3141.3296974554123
17,3141.3296974998702
18,3141.3296974922487
19,3141.329697508603
20,3141.3296974574882
