Run,Cost
1,3385.934964063174
2,3385.934964078926
3,3386.542586112829
4,3385.9349640653113
5,3384.811199608915
6,3385.9349640549813
7,3385.418821654853
8,3386.5425860317855
9,3386.5425861341987
10,3384.8111996048583
11,3384.8111995890586
12,3386.542586104976
13,3385.4188216826524
14,3385.418821624368
15,3386.542586162851
16,3385.9349640629252
17,3385.9349640645737
18,3384.811199617026
19,3385.934964049426
20,3385.9349640527676
