Run,Cost
1,3385.0326493346142
2,3385.550876419505
3,3385.550876411512
4,3385.032649312896
5,3385.032649343783
6,3385.5508763886805
7,3385.5508764224414
8,3385.0326493403422
9,3385.550876445369
10,3385.5508764065644
11,3385.032649370398
12,3385.5508763985313
13,3385.032649363203
14,3385.0326493467232
15,3385.032649333381
16,3385.032649328794
17,3385.5508764198157
18,3385.0326492905565
19,3385.032649314906
20,3385.5508763949692
