Run,Cost
1,3147.807247546714
2,3147.9456984788494
3,3147.8072475335284
4,3144.0844212038287
5,3147.9456984830804
6,3147.8072475371428
7,3144.2228721626457
8,3144.0844212155134
9,3147.8072475630643
10,3144.2228721865276
11,3144.222872174745
12,3147.9456985029337
13,3147.945698509235
14,3144.0844212143816
15,3144.084421205547
16,3144.222872139956
17,3147.945698539176
18,3144.222872197778
19,3147.807247515148
20,3147.807247544069
