Run,Cost
1,1496.4137757109424
2,1496.413775709316
3,1496.4137757434767
4,1496.4137757086694
5,1496.4137757303738
6,1496.4137756983187
7,1496.4137757222975
8,1496.4137757429446
9,1496.4137757468925
10,1496.4137757278268
11,1496.413775708907
12,1496.413775694231
13,1496.413775688873
14,1496.4137757369115
15,1496.4137757244803
16,1496.4137757279523
17,1496.4137757294902
18,1496.4137757073763
19,1496.4137757378176
20,1496.413775729101
