Run,Cost
1,1495.703742000865
2,1495.7037419896815
3,1495.7037420001316
4,1495.7037420079243
5,1495.703741995595
6,1495.7037420107074
7,1495.7037420190009
8,1495.7037419803758
9,1495.7037419929975
10,1495.7037420035224
11,1495.7037420156257
12,1495.7037420052632
13,1495.7037419882342
14,1495.7037419929577
15,1495.7037419919375
16,1495.7037419740657
17,1495.703742006804
18,1495.7037420022532
19,1495.703742023271
20,1495.7037419900257
