Run,Cost
1,1893.3329926577055
2,1893.3329926859146
3,1893.3329926553884
4,1893.3329926670924
5,1893.3329926741926
6,1893.3329926645472
7,1893.3329926967363
8,1893.3329926861402
9,1893.33299268607
10,1893.3329926862752
11,1893.3329926869271
12,1893.3329926665979
13,1893.332992665477
14,1893.3329926882145
15,1893.3329926471606
16,1893.3329926792333
17,1893.3329926881995
18,1893.332992670267
19,1893.3329926592069
20,1893.332992710959
