Run,Cost
1,1886.5948050103336
2,1886.5948050032907
3,1886.4452226276069
4,1886.5948049840972
5,1886.594804976915
6,1886.5948050035713
7,1886.4452226713208
8,1886.5948049901979
9,1886.594804980475
10,1886.445222655467
11,1886.594804978013
12,1886.5948049273645
13,1886.594804994712
14,1886.5948049798708
15,1886.5948049743704
16,1886.5948050102252
17,1886.5948050162624
18,1886.4452226926758
19,1886.5948049917247
20,1886.5948049647745
