Run,Cost
1,2298.7295450670017
2,2298.72954504166
3,2298.729545075329
4,2298.729545042788
5,2298.729545082251
6,2298.7295450520282
7,2298.7295450662614
8,2298.729545105074
9,2298.729545056445
10,2298.7295450563906
11,2298.729545098461
12,2298.7295450491224
13,2298.729545065579
14,2298.7295450598153
15,2298.72954508185
16,2298.729545043358
17,2298.729545061143
18,2298.729545071362
19,2298.7295450112492
20,2298.7295450363795
