Run,Cost
1,6623.093281789305
2,6623.093281760709
3,6632.23478712463
4,6623.0932817919065
5,6623.093281811994
6,6632.234787145226
7,6632.234787145604
8,6623.093281805019
9,6623.093281731252
10,6623.093281807939
11,6623.093281810294
12,6632.234787203792
13,6623.0932817699995
14,6623.093281814541
15,6623.093281746626
16,6632.234787197371
17,6632.234787196611
18,6632.234787133878
19,6632.234787147399
20,6632.2347871870215
