Run,Cost
1,8561.096533955904
2,8560.87730577419
3,8560.288224334809
4,8560.288224322325
5,8560.017005276603
6,8560.60608673133
7,8560.017005236143
8,8560.017005171476
9,8560.825314864234
10,8560.87730581538
11,8560.825314857631
12,8561.09653384494
13,8559.487396162142
14,8561.096533920292
15,8560.017005190035
16,8560.825314866524
17,8559.797777115395
18,8560.017005198973
19,8560.01700520877
20,8559.797777138945
