Run,Cost
1,6622.3619627802145
2,6622.361962730894
3,6622.361962813245
4,6622.3619627389335
5,6622.361962760906
6,6622.361962739553
7,6622.361962786752
8,6622.361962729032
9,6622.3619627738935
10,6622.361962819077
11,6622.361962771943
12,6622.36196277106
13,6622.361962765774
14,6622.361962709781
15,6622.361962756961
16,6622.361962790902
17,6622.361962699172
18,6622.361962771703
19,6622.361962753015
20,6622.361962777327
