Run,Cost
1,8587.740148209097
2,8589.470519271883
3,8589.47051928166
4,8587.74014813711
5,8589.47051918661
6,8587.74014821298
7,8589.47051919488
8,8587.740148201141
9,8587.740148190662
10,8589.470519184344
11,8589.470519153869
12,8587.74014817834
13,8589.470519289214
14,8587.7401481883
15,8587.740148257531
16,8589.47051917855
17,8589.470519210347
18,8589.470519136332
19,8587.740148202087
20,8587.740148147572
