Run,Cost
1,5067.195051920178
2,5067.1950519631755
3,5067.195051903539
4,5067.195051921657
5,5067.195051946393
6,5067.195051879587
7,5067.195051919938
8,5067.19505195514
9,5067.195051902895
10,5067.195051919424
11,5067.195051878163
12,5067.195051941826
13,5067.195051955122
14,5067.195051852511
15,5067.195051932993
16,5067.195051946134
17,5067.195051947012
18,5067.195051959596
19,5067.195051861464
20,5067.195051910349
