Run,Cost
1,5058.381514597114
2,5048.571624298689
3,5049.483341097882
4,5048.571624399278
5,5049.4833410937645
6,5049.483341148594
7,5058.381514621443
8,5049.483341070711
9,5048.5716243106845
10,5059.293231377798
11,5058.381514579611
12,5058.381514570847
13,5058.381514630264
14,5049.483341155414
15,5049.483341052463
16,5049.483341089186
17,5049.483341064673
18,5058.381514685201
19,5058.381514647692
20,5048.571624408525
