Run,Cost
1,335.4262023175292
2,335.42620232444244
3,335.42620229786485
4,335.4262022993005
5,335.426202313392
6,335.42620230818886
7,335.4262023179671
8,335.42620231042144
9,335.4262023341655
10,335.42620231764926
11,335.42620230770007
12,335.42620232745793
13,335.4262023154718
14,335.42620232307
15,335.42620230606184
16,335.4262023184968
17,335.4262023131379
18,335.4262023080725
19,335.4262023242368
20,335.42620232860344
