Run,Cost
1,335.4262023112393
2,335.42620232096067
3,335.42620231342136
4,335.4262023102738
5,335.4262023198406
6,335.4262023077799
7,335.4262023120118
8,335.42620231276794
9,335.42620231531026
10,335.42620232278296
11,335.4262023177899
12,335.4262023103008
13,335.4262023239082
14,335.426202322037
15,335.42620232871326
16,335.4262023100961
17,335.42620231551973
18,335.4262023056233
19,335.4262023049284
20,335.4262023161073
