Run,Cost
1,7809.617757995279
2,7809.617758002597
3,7809.617757967783
4,7809.617757955931
5,7809.617758012582
6,7809.61775793236
7,7809.617758001238
8,7809.61775793758
9,7809.617757917962
10,7809.617757991667
11,7809.6177580178
12,7809.617757967002
13,7809.61775792548
14,7809.617758021796
15,7809.6177579567475
16,7809.617757951907
17,7809.617758030575
18,7809.617757940678
19,7809.61775798636
20,7809.617758048385
