Run,Cost
1,7833.441538824355
2,7833.222773594525
3,7832.759811033827
4,7832.978576247025
5,7833.441538862966
6,7832.759811050294
7,7830.786221717369
8,7833.222773589098
9,7832.978576275038
10,7832.759811051105
11,7831.24918432402
12,7831.467949582108
13,7833.441538782643
14,7831.249184328866
15,7831.004986924235
16,7833.222773563981
17,7833.441538831902
18,7831.467949555562
19,7832.978576292026
20,7833.222773602218
