Run,Cost
1,6613.052450187042
2,6613.052450191634
3,6613.052450156644
4,6613.052450148177
5,6613.0524501610425
6,6613.0524501740265
7,6613.052450140725
8,6613.052450198705
9,6613.052450165368
10,6613.052450161608
11,6613.052450224564
12,6613.052450165651
13,6613.052450145476
14,6613.052450171324
15,6613.052450163619
16,6613.05245018636
17,6613.05245016915
18,6613.052450143394
19,6613.052450167317
20,6613.052450202979
