Run,Cost
1,6604.648046776908
2,6604.648046784659
3,6604.648046744944
4,6604.648046761488
5,6606.5670373941875
6,6604.648046766826
7,6604.648046770678
8,6604.648046828191
9,6604.6480468258715
10,6604.648046799115
11,6604.648046704718
12,6606.567037419544
13,6606.567037353821
14,6606.567037447282
15,6606.567037436128
16,6606.567037452593
17,6604.64804676103
18,6604.6480467606
19,6604.648046742743
20,6606.567037395421
