Run,Cost
1,3349.2226793243617
2,3349.2226793005525
3,3349.222679258538
4,3349.222679321719
5,3349.2226793000364
6,3349.222679335161
7,3349.22267923633
8,3349.2226792958495
9,3349.2226792781935
10,3349.222679260904
11,3349.2226792960173
12,3349.2226792684573
13,3349.2226792987717
14,3349.2226792698925
15,3349.2226792589786
16,3349.2226792512665
17,3349.2226792645647
18,3349.2226792957645
19,3349.222679279362
20,3349.2226793174145
