Run,Cost
1,3354.01958386461
2,3354.0195839020785
3,3354.01958390508
4,3354.0195839210114
5,3355.391937150634
6,3355.3919371805373
7,3355.391937193647
8,3355.3919371244615
9,3354.019583896963
10,3355.39193716637
11,3354.0195839139496
12,3355.3919371816146
13,3354.019583913907
14,3354.0195838864715
15,3355.3919371195075
16,3354.0195839061766
17,3354.0195839102416
18,3355.391937187222
19,3354.019583954883
20,3354.0195839115877
