Run,Cost
1,1877.078900074363
2,1877.078900046369
3,1877.0789000804864
4,1877.078900089655
5,1877.078900067524
6,1877.0789000822756
7,1877.07890008201
8,1877.078900082347
9,1877.0789000561335
10,1877.0789000606433
11,1877.078900086823
12,1877.078900084157
13,1877.0789000665984
14,1877.0789000656125
15,1877.078900067024
16,1877.078900064335
17,1877.0789000329826
18,1877.0789000676111
19,1877.0789000891873
20,1877.0789000490536
