Run,Cost
1,1876.379183721024
2,1876.3791837421982
3,1876.3791837088688
4,1876.3791837535036
5,1876.3791837214453
6,1876.3791837577792
7,1876.3791837416877
8,1876.3791837389883
9,1876.3791837332744
10,1876.379183746823
11,1876.379183722821
12,1876.379183698844
13,1876.3791837497497
14,1876.3791837442684
15,1876.3791837201243
16,1876.3791837453957
17,1876.379183747108
18,1876.379183750673
19,1876.3791837209135
20,1876.3791837426943
