Run,Cost
1,9397.471178731703
2,9401.561679162176
3,9401.561679154991
4,9401.555062834754
5,9401.555062764919
6,9401.561679254146
7,9401.55506277627
8,9401.561679220624
9,9401.561679212204
10,9397.471178778484
11,9401.561679185801
12,9401.561679249793
13,9401.561679203223
14,9401.561679234928
15,9401.561679148928
16,9401.555062834877
17,9397.471178807948
18,9401.561679176253
19,9397.471178733711
20,9401.561679187258
