Run,Cost
1,9405.20312890559
2,9405.2031289764
3,9405.203128895997
4,9405.203128901809
5,9405.203128917654
6,9405.203128903826
7,9405.20312893705
8,9405.203128840947
9,9405.203128898862
10,9405.203128976696
11,9405.203128916752
12,9405.203128945557
13,9405.203128912684
14,9405.203128923087
15,9405.203128925506
16,9405.20312894314
17,9405.203128926702
18,9405.20312892162
19,9405.203128852365
20,9405.203128882533
