Run,Cost
1,8863.710991060034
2,8862.7796462705
3,8863.710990935326
4,8860.114376136054
5,8861.325562617694
6,8864.922177545837
7,8861.325562673772
8,8863.990832707212
9,8861.3255627672
10,8863.99083272906
11,8864.922177622651
12,8863.990832730702
13,8862.779646128378
14,8860.114376193138
15,8863.710990951522
16,8862.779646164903
17,8862.7796461974
18,8861.325562709953
19,8863.710991014574
20,8864.922177585477
