Run,Cost
1,8902.506453106489
2,8902.09482227882
3,8902.86774306728
4,8902.506452974658
5,8902.867743083267
6,8902.094822356103
7,8901.73353228216
8,8902.094822315303
9,8904.92337168617
10,8902.86774299162
11,8903.789161004923
12,8902.094822331259
13,8904.562081746142
14,8901.733532433153
15,8902.506453086835
16,8902.506453047881
17,8901.733532319207
18,8902.8677430312
19,8902.867743102532
20,8902.867743088187
