Run,Cost
1,5986.026193416989
2,5985.265058445159
3,5985.265058499286
4,5986.026193373134
5,5986.026193391647
6,5985.265058406038
7,5986.026193442662
8,5986.026193397704
9,5985.265058477637
10,5985.265058453929
11,5986.0261933965285
12,5985.265058462732
13,5985.26505842049
14,5985.265058441939
15,5985.265058454958
16,5985.265058420666
17,5986.0261934278205
18,5986.026193440138
19,5986.026193356624
20,5986.026193409074
