Run,Cost
1,5979.91222698461
2,5979.912226971551
3,5979.912227005648
4,5979.91222693024
5,5979.912226974844
6,5979.9122269494355
7,5979.912227015306
8,5979.912226973449
9,5979.9122269682475
10,5979.9122269460095
11,5979.9122269130685
12,5979.91222696486
13,5979.912226927965
14,5979.912226978556
15,5979.912226993117
16,5979.9122269353065
17,5979.91222693821
18,5979.912226985196
19,5979.912226954078
20,5979.912226984308
