Run,Cost
1,4192.436220435888
2,4192.436220426526
3,4192.436220468068
4,4192.436220446373
5,4192.436220412749
6,4192.436220421562
7,4192.436220466684
8,4192.436220430117
9,4192.436220427333
10,4192.436220437565
11,4192.436220417838
12,4192.436220390695
13,4192.436220465863
14,4192.436220418532
15,4192.436220420582
16,4192.436220408615
17,4192.436220479564
18,4192.436220404795
19,4192.436220433887
20,4192.436220420125
