Run,Cost
1,4195.018890693922
2,4195.018890671814
3,4195.018890674733
4,4195.018890667469
5,4195.018890659168
6,4195.018890665999
7,4195.018890659037
8,4195.018890655676
9,4195.018890641962
10,4195.018890642905
11,4195.018890640995
12,4195.018890683292
13,4195.018890657392
14,4195.018890596199
15,4195.018890671418
16,4195.018890635368
17,4195.018890638617
18,4195.018890658245
19,4195.0188906647845
20,4195.018890646029
