Run,Cost
1,3335.5973663387244
2,3335.597366279507
3,3335.597366271565
4,3335.5973662490865
5,3335.597366260301
6,3335.597366253862
7,3335.5973662689325
8,3335.597366246874
9,3335.5973662523547
10,3335.597366253097
11,3335.597366287056
12,3335.5973662407655
13,3335.5973662866245
14,3335.597366296102
15,3335.59736628071
16,3335.5973663150553
17,3335.59736626032
18,3335.597366303353
19,3335.597366291143
20,3335.5973662435417
