Run,Cost
1,3331.7050916628523
2,3330.982702306911
3,3330.982702301998
4,3331.7050916468843
5,3331.705091641795
6,3330.9827022426975
7,3331.7050916057633
8,3330.982702305498
9,3331.7050916035378
10,3331.7050916451035
11,3330.9827023412895
12,3330.982702294517
13,3331.705091595263
14,3330.9827023244147
15,3331.7050916503968
16,3330.98270227805
17,3330.982702297248
18,3330.9827022736354
19,3330.9827022854925
20,3331.705091646323
