Run,Cost
1,13156.518760970694
2,13156.518760945319
3,13156.518760918148
4,13156.51876090845
5,13156.518760831474
6,13156.518760880192
7,13156.518760933704
8,13156.518760967856
9,13156.518760907871
10,13156.51876090435
11,13156.518760906465
12,13156.518760954163
13,13156.518760833744
14,13156.518760879051
15,13156.51876092421
16,13156.518760860274
17,13156.518760911893
18,13156.51876076264
19,13156.51876092865
20,13156.51876088961
