Run,Cost
1,13168.84202369083
2,13168.842023659086
3,13168.84202364719
4,13168.842023695262
5,13168.84202362972
6,13168.842023617543
7,13168.842023664838
8,13168.842023656724
9,13130.463824961069
10,13130.463824923077
11,13168.842023703972
12,13168.842023696763
13,13168.842023662308
14,13130.463825024091
15,13168.842023625657
16,13168.842023670253
17,13128.164374825918
18,13168.84202365373
19,13168.842023634583
20,13168.842023641795
