Run,Cost
1,4614.695762244806
2,4614.695762244324
3,4614.695762236585
4,4612.977266319172
5,4612.977266313914
6,4614.695762246284
7,4612.977266308021
8,4614.695762312901
9,4612.97726631375
10,4614.695762262336
11,4614.695762223043
12,4612.977266343239
13,4614.695762245465
14,4614.695762241018
15,4614.695762223255
16,4614.695762269714
17,4614.695762271172
18,4614.695762270428
19,4614.695762268719
20,4612.977266282044
