Run,Cost
1,4603.612772307621
2,4603.6127722881165
3,4603.6127722843585
4,4603.612772291165
5,4603.612772304722
6,4603.612772353706
7,4603.6127722969
8,4603.6127723276895
9,4603.61277232136
10,4603.6127723139725
11,4603.61277227046
12,4603.612772296382
13,4603.612772292845
14,4603.61277229309
15,4603.612772337806
16,4603.612772290089
17,4603.612772292391
18,4603.612772361405
19,4603.612772368256
20,4603.612772295293
