Run,Cost
1,824.7597200536114
2,824.7597200749675
3,824.7597200642261
4,824.7597200632842
5,824.7597200696149
6,824.7597200696746
7,824.7597200500372
8,824.7597200608218
9,824.7597200594055
10,824.759720063173
11,824.7597200440657
12,824.7597200778396
13,824.7597200809022
14,824.7597200759533
15,824.7597200508056
16,824.7597200531288
17,824.7597200691955
18,824.7597200785737
19,824.7597200301578
20,824.7597200701771
