Run,Cost
1,822.0893726645453
2,822.08937267692
3,822.0893726910226
4,822.0893726696023
5,822.0893726559918
6,822.0893726653734
7,822.0893726878857
8,822.0893726585202
9,822.0893726641038
10,822.0893726697522
11,822.0893726809919
12,822.0893726844862
13,822.0893726546627
14,822.0893726670362
15,822.0893726737654
16,822.0893726583853
17,822.0893726723591
18,822.0893726654983
19,822.0893726772239
20,822.0893726652141
