Run,Cost
1,4586.1111480900345
2,4586.111148045283
3,4586.111148005993
4,4586.1111480782265
5,4586.111148054566
6,4586.111148074201
7,4586.111148059557
8,4586.111148115498
9,4586.11114803464
10,4586.111148051509
11,4586.111148075925
12,4586.111148096817
13,4586.11114805847
14,4586.111148058916
15,4586.111148085624
16,4586.111148080363
17,4586.111148071676
18,4586.111148127483
19,4586.111148086764
20,4586.111148033865
