Run,Cost
1,876.8798803693049
2,876.8798803662057
3,876.879880365344
4,876.8798803555846
5,876.8798803663826
6,876.879880337501
7,876.8798803620583
8,876.8798803333057
9,876.8798803366708
10,876.8798803671355
11,876.8798803664007
12,876.8798803524985
13,876.8798803652552
14,876.879880352882
15,876.8798803738449
16,876.8798803626303
17,876.8798803685889
18,876.8798803719807
19,876.8798803680138
20,876.879880388165
