Run,Cost
1,875.6235451678623
2,875.6235451550398
3,875.623545151788
4,875.6235451847972
5,875.6235451625053
6,875.6235451649417
7,875.6235451730122
8,875.6235451676195
9,875.6235451539569
10,875.4428173394334
11,875.4428173290893
12,875.623545167302
13,875.6235451731501
14,875.6235451493832
15,875.6235451586658
16,875.4428173545746
17,875.6235451554275
18,875.4428173546249
19,875.6235451516729
20,875.6235451500154
