Run,Cost
1,4618.339587200618
2,4618.3395871784705
3,4618.339587172564
4,4618.046725280579
5,4618.046725261052
6,4618.046725298826
7,4618.339587211467
8,4618.339587142901
9,4618.339587140108
10,4618.046725264244
11,4618.339587180415
12,4618.339587153398
13,4618.046725272198
14,4618.33958721234
15,4618.046725287451
16,4618.339587189072
17,4618.339587222545
18,4618.339587170509
19,4618.046725312461
20,4618.04672528844
