Run,Cost
1,9714.30949774015
2,9715.634892934948
3,9724.159060492446
4,9721.51384201992
5,9714.690248336094
6,9722.04658512747
7,9725.331803567256
8,9723.158179110513
9,9715.42109178081
10,9719.571966895099
11,9723.158179070266
12,9714.243678181567
13,9719.720968205782
14,9725.33180352731
15,9713.211576217533
16,9723.371980201482
17,9714.323170259959
18,9722.04658509981
19,9713.211576211183
20,9712.946473520837
