Run,Cost
1,9743.064749048388
2,9743.064749016672
3,9743.064749058347
4,9743.064749070847
5,9743.064749015784
6,9743.064749047282
7,9743.064749060439
8,9743.064749030951
9,9743.064749013436
10,9743.064749064957
11,9743.064748943485
12,9743.064749068208
13,9743.06474901285
14,9743.064748959363
15,9743.064749067482
16,9743.064749033665
17,9743.064749105293
18,9743.064749056342
19,9743.06474902488
20,9743.064749003004
