Run,Cost
1,6658.360878299365
2,6659.6809827564775
3,6659.680982751323
4,6658.360878305339
5,6659.680982700025
6,6659.6809827019415
7,6658.48730636266
8,6658.360878320595
9,6659.680982774787
10,6659.6809827439
11,6658.487306292112
12,6659.680982637559
13,6658.360878365927
14,6659.680982647561
15,6658.360878361127
16,6659.680982731558
17,6659.6809826933995
18,6658.360878234645
19,6658.360878373465
20,6659.6809827304405
