Run,Cost
1,6677.299870804654
2,6677.429766907671
3,6677.299870845609
4,6677.299870866852
5,6677.429766876927
6,6677.299870828058
7,6677.299870791469
8,6677.429766921535
9,6677.299870886965
10,6677.429766929674
11,6677.299870779432
12,6677.429766921085
13,6677.299870811963
14,6677.429766884376
15,6677.299870937089
16,6677.2998708085415
17,6677.429766905892
18,6677.429766958012
19,6677.429766909018
20,6677.299870856665
