Run,Cost
1,4929.315862627964
2,4929.315862688512
3,4929.315862653569
4,4929.315862723583
5,4929.315862700132
6,4929.315862675209
7,4929.315862690031
8,4929.315862672489
9,4929.315862688508
10,4929.315862714395
11,4929.3158627064
12,4929.3158626211
13,4929.315862629663
14,4929.315862746132
15,4929.315862772854
16,4929.315862688188
17,4929.315862639864
18,4929.315862696841
19,4929.315862686156
20,4929.315862696406
