Run,Cost
1,4932.949726896155
2,4932.949726935373
3,4932.94972688624
4,4932.949726868608
5,4932.949726950671
6,4932.949726840081
7,4932.949726874951
8,4932.949726820284
9,4932.949726878381
10,4932.949726877952
11,4932.94972683647
12,4932.949726849984
13,4932.949726896322
14,4932.9497268875075
15,4932.949726888036
16,4932.949726865631
17,4932.949726825789
18,4932.949726902571
19,4932.94972688435
20,4932.9497268919295
