Run,Cost
1,8392.227873456102
2,8392.067844136107
3,8392.067844096802
4,8392.22787342982
5,8392.227873452955
6,8392.067844199217
7,8392.067844225227
8,8392.227873512691
9,8392.227873414784
10,8392.22787341595
11,8392.22787343286
12,8392.227873462425
13,8392.067844225388
14,8392.227873442838
15,8392.227873455733
16,8392.06784420067
17,8392.06784414151
18,8392.227873441077
19,8392.227873436246
20,8392.227873436426
