Run,Cost
1,8423.720391338262
2,8423.720391355231
3,8423.720391363682
4,8423.720391405801
5,8423.720391376168
6,8423.720391426537
7,8423.720391318164
8,8423.720391328634
9,8423.720391365841
10,8423.72039135684
11,8423.720391353327
12,8423.720391366827
13,8423.720391361456
14,8423.720391426808
15,8423.72039135431
16,8423.720391291434
17,8423.720391325862
18,8423.720391397463
19,8423.720391405337
20,8423.720391423753
