Run,Cost
1,7197.631392943667
2,7197.631393047093
3,7197.631392921169
4,7197.9980563201025
5,7197.631392937031
6,7197.998056338524
7,7197.631392958927
8,7197.9980563015315
9,7197.998056315622
10,7197.998056311003
11,7197.998056254213
12,7197.631392996935
13,7197.631392979435
14,7197.6313929429125
15,7197.998056310772
16,7197.631392945656
17,7197.631392931624
18,7197.631393025482
19,7197.998056293265
20,7197.631393001801
