Run,Cost
1,7195.975695957756
2,7195.975695975743
3,7195.975695958483
4,7195.975695908309
5,7195.975695938038
6,7195.975696000699
7,7195.975695977417
8,7195.97569592597
9,7195.9756960075465
10,7195.97569602849
11,7195.97569596019
12,7195.975695943051
13,7195.9756960157665
14,7195.975696015186
15,7195.97569596591
16,7195.975695951722
17,7195.975695995593
18,7195.97569601909
19,7195.9756959943425
20,7195.975696040055
