Run,Cost
1,5429.0137190731875
2,5429.013719046031
3,5429.013719099126
4,5429.013719064329
5,5429.013719080636
6,5429.013719064658
7,5429.01371902318
8,5429.013719125815
9,5429.013719080049
10,5429.013719078205
11,5429.013719088017
12,5429.013719083446
13,5429.013719093612
14,5429.013719064002
15,5429.013719066801
16,5429.013719099083
17,5429.013719075345
18,5429.0137190705245
19,5429.013719062194
20,5429.013719022334
