Run,Cost
1,5423.656981498574
2,5424.783991619903
3,5424.783991650231
4,5424.783991630859
5,5424.78399163773
6,5423.3231398075795
7,5424.7839915779805
8,5424.783991654831
9,5423.323139807961
10,5424.783991692019
11,5423.323139770662
12,5424.78399165901
13,5423.323139810146
14,5423.323139753588
15,5423.323139821925
16,5424.783991691836
17,5424.7839916328385
18,5424.783991623361
19,5423.323139796071
20,5423.323139821079
