Run,Cost
1,8698.84526909636
2,8698.845269067328
3,8698.845269168203
4,8698.845269107322
5,8698.845269030953
6,8698.845269082609
7,8698.845268990703
8,8698.845269070556
9,8698.845269080462
10,8698.84526913318
11,8698.845269088468
12,8698.845269097743
13,8698.845269076957
14,8698.845269126175
15,8698.845269117774
16,8698.845269023932
17,8698.845269101108
18,8698.845269075591
19,8698.84526909992
20,8698.845269145011
