Run,Cost
1,8685.264704804411
2,8684.652275756554
3,8685.26470485494
4,8684.652275836408
5,8684.652275799006
6,8684.65227578255
7,8684.652275792185
8,8684.652275782473
9,8685.264704784455
10,8684.652275780609
11,8684.652275832848
12,8685.264704782523
13,8685.264704825027
14,8685.264704731584
15,8684.652275809016
16,8684.652275804052
17,8684.652275831015
18,8684.652275855842
19,8684.652275884566
20,8684.652275837045
