Run,Cost
1,7619.937158164602
2,7624.596219815774
3,7618.658298950013
4,7618.658298873103
5,7619.937158100702
6,7618.658298940376
7,7619.937158176606
8,7623.317360809941
9,7619.937157983135
10,7619.937157990482
11,7624.596219954279
12,7624.596219924581
13,7619.937158070445
14,7619.9371580479665
15,7624.59621996266
16,7623.317360743627
17,7619.937158071635
18,7624.59621985907
19,7624.596219883908
20,7624.596219956757
