Run,Cost
1,7674.185556601496
2,7674.185556668309
3,7674.185556617922
4,7674.185556581724
5,7676.505639446833
6,7676.505639476834
7,7676.5056394745625
8,7674.185556567099
9,7676.505639439173
10,7676.505639514996
11,7674.18555658326
12,7676.505639362062
13,7676.505639458262
14,7676.505639413459
15,7674.1855566295535
16,7676.505639430228
17,7674.185556670649
18,7676.505639418232
19,7676.50563942677
20,7674.18555654414
