Run,Cost
1,5555.57815960913
2,5555.319800322542
3,5555.578159581058
4,5555.578159550716
5,5555.578159575879
6,5555.5781594877
7,5555.319800284916
8,5555.5781595645385
9,5555.578159514874
10,5555.578159588915
11,5555.578159578991
12,5555.578159586679
13,5555.319800272561
14,5555.319800320377
15,5555.319800345737
16,5555.578159603664
17,5555.319800302676
18,5555.3198002836225
19,5555.578159523154
20,5555.578159530484
