Run,Cost
1,3950.199657726635
2,3950.199657765704
3,3950.1996578051985
4,3950.199657822301
5,3950.199657821895
6,3950.1996577346827
7,3950.19965778425
8,3950.199657772373
9,3950.1996578295148
10,3950.1996578069143
11,3950.199657819714
12,3950.1996578340054
13,3950.1996577645223
14,3950.199657763367
15,3950.1996578166727
16,3950.1996577974533
17,3950.199657779832
18,3950.1996578245135
19,3950.199657774879
20,3950.1996577572227
