Run,Cost
1,3951.9476313206433
2,3951.9476313690056
3,3951.947631349031
4,3951.947631379191
5,3951.9476313169903
6,3951.9476313350865
7,3951.9476312832903
8,3951.9476313806463
9,3951.947631347322
10,3951.9476313315276
11,3951.94763137563
12,3951.9476313335667
13,3951.9476313271557
14,3951.947631336359
15,3951.947631360504
16,3951.9476313444684
17,3951.9476313342875
18,3951.9476313486184
19,3951.9476313610894
20,3951.9476312831293
