Run,Cost
1,4804.966894149144
2,4804.966894162937
3,4802.876756850309
4,4802.876756848867
5,4802.87675689425
6,4802.876756836045
7,4804.966894091529
8,4802.87675686916
9,4802.87675682096
10,4804.966894131045
11,4804.966894131286
12,4802.876756838854
13,4802.876756833979
14,4804.9668941103055
15,4804.966894121064
16,4802.876756855662
17,4804.966894138953
18,4804.966894132883
19,4802.876756894379
20,4802.876756817924
