Run,Cost
1,4808.343965652942
2,4808.343965734538
3,4808.3439656595065
4,4808.343965618713
5,4808.343965664264
6,4808.3439656405035
7,4808.343965665227
8,4808.343965737299
9,4808.343965645375
10,4808.34396572053
11,4808.343965766675
12,4808.3439656993805
13,4808.343965677452
14,4808.343965649673
15,4808.343965706564
16,4808.343965675527
17,4808.343965704808
18,4808.343965725046
19,4808.343965699539
20,4808.343965691387
