Run,Cost
1,6224.842668707456
2,6224.842668690874
3,6224.842668746663
4,6224.84266875489
5,6224.842668680066
6,6224.842668790411
7,6224.842668719887
8,6224.842668748394
9,6224.842668768217
10,6224.84266876077
11,6224.842668679202
12,6224.842668753933
13,6224.842668817915
14,6224.842668762153
15,6224.842668741731
16,6224.842668737282
17,6224.84266875941
18,6224.842668753481
19,6224.842668711947
20,6224.842668739126
