Run,Cost
1,6212.690566453228
2,6212.690566430365
3,6212.690566464239
4,6212.690566463676
5,6212.690566465741
6,6212.6905664206715
7,6212.690566446508
8,6212.690566461027
9,6212.690566450698
10,6212.690566443254
11,6212.6905664443175
12,6212.690566456607
13,6212.690566420491
14,6212.690566460573
15,6212.690566431248
16,6212.690566458304
17,6212.69056634795
18,6212.6905664401165
19,6212.690566442639
20,6212.690566432119
