Run,Cost
1,3061.6097188411413
2,3061.6097188190683
3,3061.609718837363
4,3061.6097188508998
5,3061.6097188522094
6,3061.6097188237886
7,3061.609718869465
8,3061.6097188650133
9,3061.6097188621056
10,3061.6097188408994
11,3061.609718864857
12,3061.609718825478
13,3061.6097188828617
14,3061.6097188459066
15,3061.6097188652325
16,3061.609718857604
17,3061.60971887058
18,3061.6097188732947
19,3061.609718800331
20,3061.6097187914006
