Run,Cost
1,3055.9866079798276
2,3055.986608027957
3,3055.986607983662
4,3055.986608024372
5,3055.986607974815
6,3055.9866080144175
7,3055.986607996327
8,3055.98660795957
9,3055.986607984856
10,3055.9866079686176
11,3055.986608002801
12,3055.9866079726703
13,3055.9866079767344
14,3055.986607983363
15,3055.9866079749763
16,3055.986607935805
17,3055.9866079908415
18,3055.986607971882
19,3055.9866079470967
20,3055.986607946307
