Run,Cost
1,15537.869904347606
2,15537.869904320902
3,15537.869904365713
4,15537.869904405088
5,15537.869904297739
6,15537.869904406885
7,15537.869904339464
8,15537.86990439867
9,15537.86990428731
10,15537.869904306932
11,15537.869904287309
12,15537.869904337102
13,15537.86990441394
14,15537.869904345685
15,15537.869904419513
16,15537.869904382753
17,15537.869904349953
18,15537.869904290175
19,15537.869904380013
20,15537.869904388246
