Run,Cost
1,15532.792707608423
2,15532.792707518962
3,15532.792707595592
4,15532.792707578516
5,15532.792707545788
6,15532.79270753614
7,15532.792707556064
8,15532.792707559638
9,15532.792707557686
10,15532.792707666944
11,15532.792707585866
12,15532.792707563873
13,15532.792707529119
14,15532.792707483239
15,15532.79270750228
16,15532.792707534672
17,15532.792707533337
18,15532.792707591261
19,15532.792707569202
20,15532.792707578321
