Run,Cost
1,7257.341918942817
2,7257.341919042314
3,7257.341919012532
4,7257.341919015149
5,7257.0614052470855
6,7257.341919027857
7,7257.061405342768
8,7257.341918948624
9,7257.3419190009445
10,7257.0614053607205
11,7257.341919000529
12,7257.06140529324
13,7257.3419189678325
14,7255.97859728206
15,7257.34191902153
16,7257.061405353184
17,7257.341919015818
18,7257.341918992874
19,7255.698083598866
20,7255.698083689766
