Run,Cost
1,7232.517050495594
2,7229.707885521396
3,7232.5170505732785
4,7232.517050500795
5,7232.51705049263
6,7229.707885503368
7,7232.517050432168
8,7232.517050523303
9,7232.517050509542
10,7232.517050500122
11,7229.707885457247
12,7232.517050482984
13,7232.517050512914
14,7229.707885561064
15,7232.517050465649
16,7229.707885469256
17,7232.517050463036
18,7229.707885578973
19,7229.707885468732
20,7232.517050496079
