Run,Cost
1,5943.929832810394
2,5943.929832820776
3,5943.929832805584
4,5943.929832847995
5,5943.929832788452
6,5943.92983282003
7,5943.929832790155
8,5943.929832814504
9,5943.929832856259
10,5943.929832804527
11,5943.929832805175
12,5943.929832725168
13,5943.929832813756
14,5943.929832867199
15,5943.929832789533
16,5943.92983277577
17,5943.929832796782
18,5943.929832883445
19,5943.929832791337
20,5943.92983277506
