Run,Cost
1,5946.689131281467
2,5946.689131297048
3,5946.689131234891
4,5946.689131211986
5,5946.689131277967
6,5946.689131239972
7,5946.689131279488
8,5946.689131214878
9,5946.689131234694
10,5946.689131260246
11,5946.689131234424
12,5946.689131217146
13,5946.6891312822145
14,5946.689131268483
15,5946.68913123617
16,5946.689131228217
17,5946.68913117444
18,5946.689131181403
19,5946.689131208635
20,5946.689131211316
