Run,Cost
1,4557.660828838259
2,4557.660828746485
3,4557.660828799868
4,4557.660828809863
5,4557.660828830257
6,4557.660828780587
7,4557.660828795572
8,4557.660828787285
9,4557.660828808264
10,4557.660828844152
11,4557.660828736731
12,4557.660828804592
13,4557.660828800776
14,4557.660828774734
15,4557.660828776141
16,4557.660828760361
17,4557.660828812435
18,4557.660828831394
19,4557.660828798864
20,4557.660828791777
