Run,Cost
1,4781.519586850947
2,4781.519586906334
3,4781.519586951629
4,4781.519586903616
5,4781.519586919334
6,4781.519586933498
7,4781.519586950895
8,4781.519586914207
9,4781.519586843036
10,4781.519586894411
11,4781.519586947085
12,4781.519586892429
13,4781.51958690579
14,4781.519586896786
15,4781.51958689936
16,4781.5195868562105
17,4781.5195868739975
18,4781.519586905616
19,4781.519586913902
20,4781.519586944923
