Run,Cost
1,4796.163287330769
2,4796.163287353712
3,4796.163287354672
4,4796.163287353604
5,4796.163287364374
6,4796.163287354364
7,4796.163287372491
8,4796.163287372204
9,4796.163287350798
10,4796.1632873499
11,4796.163287369801
12,4796.1632873504395
13,4796.1632874010675
14,4796.163287405517
15,4796.163287320583
16,4796.163287309951
17,4796.1632873671815
18,4796.163287290844
19,4796.163287370981
20,4796.163287322835
