Run,Cost
1,47.00000001180172
2,44.00000001587474
3,43.0000000160852
4,41.000000014633656
5,41.00000002103523
6,48.000000014175036
7,38.00000001737403
8,36.00000001915896
9,44.00000001534573
10,44.00000001380518
11,40.0000000235257
12,48.00000001345482
13,43.0000000172185
14,43.00000001554072
15,50.000000016459374
16,46.000000016694486
17,42.00000001133938
18,38.00000002070544
19,39.00000001994382
20,43.00000001571225
