Run,Cost
1,51.00000001622393
2,50.00000001033076
3,50.00000000595915
4,50.00000001242248
5,45.999999998294385
6,50.00000000100537
7,51.00000000644847
8,50.00000000129542
9,52.00000000386555
10,50.00000001217131
11,50.00000000453553
12,47.00000000962071
13,47.000000008736535
14,50.00000000821139
15,50.00000001082182
16,50.0000000102666
17,50.00000000512891
18,51.00000000946083
19,50.000000008265616
20,50.00000000244556
