Run,Cost
1,95.00000000406543
2,85.00000000999842
3,83.00000000241822
4,93.99999999976849
5,90.00000000558965
6,85.99999999822309
7,94.99999999120233
8,97.00000000598038
9,86.99999999905995
10,92.00000000177357
11,86.00000000169966
12,83.00000000584812
13,88.00000000311933
14,84.00000000593555
15,85.99999999535818
16,86.0000000153538
17,89.99999999388251
18,85.00000000352533
19,90.00000000495056
20,95.00000000869247
