Run,Cost
1,76.00000000193997
2,72.00000000884324
3,74.0000000017188
4,74.99999999412759
5,75.00000000390031
6,72.00000000449674
7,74.00000000082515
8,74.99999999721462
9,72.00000000210059
10,74.99999999086195
11,75.00000000224261
12,74.00000000203087
13,70.00000000170837
14,74.99999999851617
15,74.99999999478959
16,74.00000000518223
17,71.0000000076922
18,75.99999999534198
19,72.00000001141322
20,74.00000000435618
