Run,Cost
1,253.99999998328485
2,249.00000001988013
3,254.00000001048122
4,254.00000001603658
5,254.00000001893267
6,254.00000001120338
7,254.00000001078268
8,253.9999999962003
9,254.00000002349262
10,253.99999999233862
11,251.99999998989253
12,254.00000000761707
13,250.0000000037066
14,254.00000001235583
15,254.00000000965795
16,254.00000000251933
17,250.00000001712695
18,254.00000001692686
19,253.99999999971809
20,254.00000001642084
