Run,Cost
1,61.000000019211164
2,63.000000020129356
3,63.0000000271112
4,63.00000002417658
5,66.00000001557484
6,60.00000002337899
7,68.00000001447056
8,56.0000000171814
9,66.00000001782642
10,56.00000002007605
11,65.00000001841057
12,61.00000002025556
13,59.00000001947879
14,60.00000002557156
15,61.000000016972606
16,64.00000001145715
17,57.00000002101492
18,70.00000002037072
19,63.00000001330128
20,61.00000002185523
