Run,Cost
1,253.99999999127468
2,254.99999999798163
3,254.9999999862877
4,255.00000003856587
5,254.99999999917347
6,255.00000000509513
7,254.9999999744574
8,254.00000000964002
9,255.0000000067625
10,253.99999996941602
11,254.9999999901911
12,253.99999999587862
13,254.99999998178384
14,255.00000000357196
15,254.00000002989253
16,255.00000001374295
17,255.00000000877276
18,254.99999997827362
19,255.00000003005525
20,254.99999998638174
