Run,Cost
1,120.0000000190071
2,110.00000002746401
3,116.00000003916149
4,106.0000000238959
5,118.00000002422972
6,115.00000000873135
7,106.00000002862943
8,108.0000000288539
9,116.00000004001075
10,117.000000017791
11,112.00000003141835
12,112.00000002156102
13,114.00000001422332
14,99.0000000199981
15,113.00000002899397
16,130.00000000956317
17,127.00000002695019
18,118.00000001641321
19,112.00000003550235
20,103.00000003354725
