Run,Cost
1,138.00000000456157
2,138.00000000716693
3,137.99999999793607
4,139.00000000723196
5,138.00000001647223
6,132.9999999808566
7,139.00000000565817
8,133.99999998794019
9,138.0000000190781
10,139.00000000583626
11,138.00000000244316
12,139.00000000372117
13,133.0000000043544
14,139.00000000961023
15,138.00000000799827
16,137.00000002374432
17,131.00000000564847
18,137.9999999979761
19,137.9999999978789
20,137.00000000684258
