Run,Cost
1,165.00000002299126
2,156.00000002459754
3,175.0000000164097
4,166.99999999126794
5,176.00000003188396
6,166.00000002197416
7,150.0000000031385
8,175.00000000648112
9,167.0000000088078
10,165.0000000264129
11,164.00000002473536
12,155.00000001439875
13,148.00000002174676
14,164.00000002494997
15,166.00000004659765
16,164.0000000092282
17,157.9999999966202
18,162.00000002578693
19,168.00000001970088
20,163.00000001760645
