Run,Cost
1,360.99999999774116
2,369.0000000066014
3,369.00000000228516
4,361.00000003239626
5,369.0000000072419
6,366.99999998343947
7,367.0000000063158
8,368.99999997405047
9,368.00000000752095
10,368.99999998888507
11,369.00000000182763
12,369.00000002108595
13,366.99999998385863
14,363.00000000840413
15,366.9999999843845
16,366.999999982537
17,369.0000000106938
18,366.99999999594024
19,369.000000021009
20,368.9999999796867
