Run,Cost
1,369.00000001549137
2,367.99999995189813
3,369.0000000304698
4,367.0000000035563
5,366.99999999969884
6,368.99999997476334
7,365.99999997133483
8,367.00000001161493
9,367.9999999911297
10,368.00000001237026
11,366.99999998104937
12,366.99999999216885
13,369.00000005795744
14,368.0000000418332
15,366.00000002312936
16,366.00000000603137
17,367.0000000104425
18,368.0000000198321
19,366.99999999049567
20,369.0000000326454
