Run,Cost
1,63.0000000087672
2,63.00000000601608
3,67.00000001820757
4,64.00000000216549
5,65.99999999073539
6,64.00000000454732
7,66.00000000042213
8,65.00000000553285
9,63.000000007598196
10,65.99999999579072
11,65.00000000328386
12,65.99999999870651
13,61.00000000899745
14,67.00000000885909
15,67.0000000095022
16,63.000000000108294
17,64.00000000056629
18,65.00000001189714
19,63.00000000653809
20,60.99999999992157
