Run,Cost
1,62.00000001882302
2,54.00000002306005
3,53.000000023340114
4,53.00000001428512
5,51.00000001989903
6,52.00000002714517
7,53.00000002013196
8,47.000000029679356
9,61.000000026236926
10,50.00000003024764
11,45.00000003227247
12,47.00000002658322
13,56.000000016344444
14,57.00000002550377
15,50.00000002448885
16,56.000000020010035
17,57.000000021989166
18,56.000000024066466
19,55.00000002423175
20,53.00000001894831
