Run,Cost
1,72.00000003439575
2,77.00000002656203
3,84.00000002947215
4,75.00000002246162
5,84.00000002269893
6,77.00000003539641
7,74.00000002920443
8,79.00000001637663
9,82.00000000138961
10,82.00000002113093
11,76.00000002969647
12,71.00000003150379
13,84.0000000281879
14,82.00000001844221
15,80.00000002107737
16,81.00000001356705
17,74.00000002349604
18,77.00000000919296
19,72.0000000220784
20,77.00000003298399
