Run,Cost
1,173.0000000037935
2,173.00000001218595
3,174.9999999833412
4,179.00000001389088
5,175.00000001458437
6,172.9999999893732
7,179.00000001388523
8,177.00000003441195
9,173.00000000302015
10,171.00000000658207
11,168.99999999252776
12,176.99999999328068
13,182.99999999196228
14,170.9999999803882
15,172.999999983979
16,179.00000000997076
17,178.99999997993484
18,172.000000001283
19,171.999999983656
20,173.0000000030674
