Run,Cost
1,209.00000002845275
2,225.00000003450543
3,226.99999999733626
4,234.00000000501728
5,222.0000000406726
6,221.00000003604504
7,199.00000000698105
8,214.0000000216689
9,213.99999999198516
10,231.00000000722008
11,209.00000000032318
12,225.000000019047
13,199.0000000266053
14,232.00000001906943
15,213.00000001418465
16,206.00000002548103
17,238.00000001100355
18,208.9999999916213
19,219.00000000794043
20,227.0000000339539
