Run,Cost
1,83.00000000376885
2,77.00000000450778
3,77.00000000979142
4,77.00000000983198
5,74.00000000588128
6,83.00000000130404
7,79.00000000525124
8,78.00000000556254
9,74.00000001102853
10,75.00000000745939
11,76.00000000144426
12,75.00000000541057
13,82.99999999981691
14,74.00000001199886
15,84.00000000454216
16,78.00000001421293
17,77.00000001309735
18,81.00000000849501
19,78.00000001424026
20,79.00000001427975
