Run,Cost
1,103.00000002448657
2,95.00000002522656
3,102.00000002190401
4,101.00000001356383
5,101.0000000179229
6,100.00000001461206
7,93.0000000351027
8,88.00000002011568
9,109.0000000261831
10,97.00000001856053
11,92.0000000405925
12,96.00000004288495
13,98.00000003890747
14,111.00000001882401
15,104.00000002456161
16,100.00000002558119
17,103.00000002100985
18,97.00000003027037
19,90.00000003336572
20,98.00000003510519
