Run,Cost
1,490.0000000396185
2,490.9999999715704
3,491.0000000005833
4,490.9999999782128
5,489.99999998738576
6,490.00000003398054
7,490.00000000302606
8,484.999999998188
9,490.00000000241295
10,490.0000000147449
11,490.99999996706873
12,490.9999999843399
13,491.0000000083734
14,490.0000000021962
15,489.9999999368178
16,490.00000001579826
17,491.0000000525668
18,491.0000000031015
19,483.99999999872534
20,490.00000000298627
