Run,Cost
1,133.00000001296328
2,134.0000000288871
3,136.00000002059673
4,148.0000000198603
5,142.0000000278875
6,137.00000003692375
7,131.00000004762103
8,125.00000003997665
9,125.00000003552039
10,148.00000003741513
11,137.0000000143807
12,128.00000001626756
13,137.00000002953013
14,139.00000004224773
15,138.00000002313615
16,116.00000004463914
17,134.00000001111505
18,135.0000000266174
19,122.00000002103165
20,134.00000001220778
