Run,Cost
1,491.000000002881
2,491.00000004997173
3,490.999999968964
4,491.000000039585
5,491.00000002899486
6,490.9999999903294
7,491.0000000302893
8,490.999999971003
9,489.9999999863661
10,490.99999996596085
11,490.99999995569914
12,490.00000001502906
13,490.0000000351614
14,490.99999998194403
15,489.999999967395
16,489.00000000428713
17,491.0000000026813
18,491.0000000105767
19,491.00000000652517
20,490.9999999715404
