Run,Cost
1,252.00000001602166
2,244.0000000300247
3,240.00000000174384
4,242.00000000495072
5,248.99999998044657
6,241.99999998882805
7,244.0000000222704
8,253.99999995610412
9,243.99999999541794
10,243.99999999923253
11,241.99999998000868
12,243.99999996667086
13,253.99999998693295
14,231.00000002854298
15,254.0000000134286
16,254.00000001278147
17,233.99999998383765
18,243.99999999489106
19,241.99999997812478
20,244.0000000297561
