Run,Cost
1,68.00000003133259
2,69.00000002219146
3,75.00000002830672
4,74.0000000234135
5,66.0000000254528
6,65.00000002942465
7,73.00000002424939
8,72.0000000273363
9,73.00000003136388
10,69.00000003354998
11,65.0000000351842
12,63.000000025490095
13,68.0000000295348
14,66.00000002945367
15,69.00000003102657
16,63.00000003497104
17,68.00000001859665
18,67.00000003418651
19,74.00000001934482
20,70.00000002125665
