Run,Cost
1,115.00000001049365
2,113.9999999992355
3,108.99999998958798
4,110.00000001918458
5,110.00000000301625
6,107.00000000491862
7,111.00000000111132
8,114.99999999877697
9,113.00000001248715
10,104.00000000975652
11,109.99999999500369
12,108.00000000184909
13,107.00000001198387
14,114.99999998896146
15,113.00000002350068
16,110.00000000764685
17,107.00000000015703
18,112.00000001016846
19,112.00000000090041
20,116.0000000110694
