Run,Cost
1,125.00000001398936
2,136.00000001309917
3,131.00000000334293
4,133.00000000446
5,132.0000000134226
6,134.00000000290046
7,129.0000000029368
8,127.99999999906517
9,132.99999999860958
10,130.0000000116914
11,127.00000001317252
12,124.00000000391246
13,128.99999999963882
14,129.00000001461714
15,133.00000000029812
16,132.00000001772148
17,129.00000001431653
18,128.0000000056748
19,121.0000000184515
20,131.0000000099998
