Run,Cost
1,656.9999999701753
2,657.0000000103837
3,652.0000000149348
4,652.0000000292231
5,652.000000025806
6,652.0000000207718
7,652.0000000370796
8,651.9999999681469
9,651.9999999754555
10,651.9999999524331
11,656.9999999630695
12,656.9999999534293
13,656.999999968178
14,651.9999999952128
15,651.9999999937692
16,651.9999999628781
17,656.9999999942371
18,652.0000000151988
19,656.9999999878778
20,656.9999999248812
