Run,Cost
1,78.00000003128193
2,79.00000003357401
3,81.00000003728712
4,82.00000003480045
5,78.00000004221138
6,80.00000003051927
7,76.00000003776191
8,79.00000002657812
9,81.00000002724832
10,83.00000003388803
11,75.00000003210467
12,79.00000003871791
13,83.00000003264121
14,80.00000003782495
15,84.000000033353
16,89.0000000243101
17,83.00000002467718
18,81.00000003395662
19,77.0000000293296
20,82.00000002903101
