Run,Cost
1,657.0000000042849
2,656.9999999756826
3,657.000000013836
4,656.9999999557385
5,656.9999999974543
6,656.999999978337
7,656.9999999682217
8,656.99999994891
9,651.999999990975
10,657.0000000390113
11,657.0000000146886
12,656.9999999740842
13,656.999999979251
14,656.9999999735277
15,657.0000000023109
16,656.9999999604095
17,657.0000000472523
18,637.0000000300267
19,656.9999999670249
20,657.0000000351791
