Run,Cost
1,113.00000003129797
2,113.00000004288064
3,117.00000003124218
4,116.00000002754962
5,111.0000000206022
6,105.00000003672628
7,105.00000004327657
8,115.00000003692176
9,110.00000003880047
10,110.0000000386319
11,104.00000004652128
12,106.00000003810179
13,124.00000003382968
14,117.00000003183122
15,113.00000003397652
16,105.00000004672488
17,124.00000001712559
18,113.00000004531964
19,112.00000003142402
20,122.00000003180679
