Run,Cost
1,183.9999999914673
2,182.9999999868846
3,189.99999998722595
4,185.0000000213811
5,193.00000000180472
6,190.0000000028188
7,182.99999999151078
8,185.00000000910578
9,185.00000000539097
10,183.00000000135037
11,182.00000000189794
12,182.99999998924991
13,185.0000000123751
14,189.99999999829427
15,194.00000001033663
16,192.0000000061145
17,183.00000001512882
18,174.00000001294546
19,176.0000000147004
20,186.00000000717182
