Run,Cost
1,89.99999999005254
2,88.00000000739067
3,85.00000000835064
4,91.000000000714
5,86.00000000507191
6,91.00000000914957
7,91.00000001017425
8,89.00000000492768
9,89.99999999422108
10,90.00000000683009
11,90.00000001625483
12,86.99999999998708
13,88.00000000665257
14,84.00000001208674
15,85.00000000933854
16,87.00000000645802
17,88.0000000093971
18,86.00000000704276
19,86.00000000837717
20,89.00000001511111
