Run,Cost
1,166.0000000377264
2,164.00000004344503
3,161.0000000411
4,171.00000003091068
5,163.00000002467536
6,171.00000003207055
7,193.00000003159334
8,175.0000000321482
9,160.0000000114501
10,166.00000003285575
11,179.00000002765339
12,157.00000004151508
13,175.00000003325707
14,172.99999999629952
15,169.00000002676776
16,167.0000000585061
17,165.00000002583982
18,185.00000002168832
19,159.00000004009522
20,168.0000000267088
