Run,Cost
1,307.00000000620264
2,304.00000001716535
3,312.000000044046
4,310.99999998085747
5,311.9999999893432
6,313.0000000337821
7,311.00000001079377
8,306.9999999695678
9,313.00000001122567
10,312.99999999326656
11,290.99999998376387
12,304.00000001161595
13,306.99999998951563
14,312.99999998128123
15,307.0000000119277
16,306.9999999816925
17,311.9999999960016
18,313.0000000247
19,313.0000000467044
20,310.9999999920925
