Run,Cost
1,253.0000000258945
2,280.0000000775462
3,245.0000000645099
4,266.0000000366827
5,295.0000000181626
6,258.0000000485817
7,276.0000000076238
8,236.00000001964116
9,255.9999999724759
10,271.00000005125827
11,255.00000001326765
12,293.00000002757116
13,238.0000000186982
14,283.0000000191213
15,271.00000000140835
16,258.00000002858576
17,241.00000003990337
18,274.0000000197491
19,263.0000000559656
20,274.99999999182535
