Run,Cost
1,4081584.535009486
2,4081584.5350093865
3,4081584.5350106377
4,4081584.5350103923
5,4081584.535009066
6,4081584.5350099932
7,4081584.535009852
8,4081584.535010577
9,4081584.5350097334
10,4081584.535008884
11,4081584.5350103243
12,4081584.5350094186
13,4081584.535009214
14,4081584.5350096226
15,4081584.535010133
16,4081584.5350083276
17,4081584.5350100077
18,4081584.5350095024
19,4081584.535009831
20,4081584.5350102778
