Run,Cost
1,387361.28646209784
2,387361.28648788057
3,387361.286488628
4,387361.2864638917
5,387361.286461569
6,387361.28646270715
7,387361.28646305023
8,387361.2864886092
9,387361.2864636511
10,387361.2864880567
11,387361.286462703
12,387361.28648676636
13,387361.2864880522
14,387361.286486702
15,387361.2864875449
16,387361.28648738295
17,387361.28646305215
18,387361.2864618414
19,387361.2864638905
20,387361.2864627092
