Run,Cost
1,113242.84386163154
2,113242.84386190228
3,113242.84386285879
4,113242.84386157121
5,113242.84386179814
6,113242.84386124581
7,113242.84386228805
8,113242.84386234095
9,113242.84386225106
10,113242.84386216584
11,113242.84386225337
12,113242.84386195971
13,113242.8438618451
14,113242.84386161395
15,113242.84386217533
16,113242.84386173855
17,113242.84386250348
18,113242.84386213822
19,113242.84386234463
20,113242.84386213405
