Run,Cost
1,619924.2334360364
2,619924.233435994
3,619924.2334360793
4,619924.2334362292
5,619924.2334360621
6,619924.2334360742
7,619924.2334361409
8,619924.2334362753
9,619924.2334354055
10,619924.2334362969
11,619924.2334362885
12,619924.2334359745
13,619924.2334356289
14,619924.23343596
15,619924.2334360586
16,619924.2334360705
17,619924.2334360258
18,619924.2334359555
19,619924.2334358147
20,619924.2334356729
