Run,Cost
1,499.99999999576653
2,500.0000000059183
3,500.00000001569515
4,500.00000000221746
5,500.00000000160395
6,500.0000000064235
7,500.000000002514
8,499.99999999276935
9,499.9999999974374
10,499.9999999927317
11,499.9999999995437
12,499.9999999976994
13,499.99999998650924
14,500.0000000089454
15,499.9999999947161
16,499.99999998544666
17,500.0000000032149
18,499.9999999960366
19,500.00000000051693
20,500.00000000764584
