Run,Cost
1,1100.0000000051784
2,1100.0000000165576
3,1100.0000000110504
4,1099.9999999942654
5,1100.0000000011726
6,1099.9999999999777
7,1099.9999999931251
8,1099.9999999902766
9,1099.9999999953993
10,1100.0000000025677
11,1100.0000000089228
12,1099.9999999919085
13,1100.0000000024856
14,1099.9999999925744
15,1099.9999999937445
16,1099.9999999956337
17,1099.9999999990525
18,1100.0000000024277
19,1100.000000003456
20,1100.0000000038528
