Run,Cost
1,15625.000000009022
2,15624.999999943666
3,15624.999999894822
4,15625.000000060834
5,15625.00000001881
6,15624.999999957821
7,15625.00000004459
8,15624.999999947204
9,15625.000000023996
10,15625.000000026099
11,15625.000000067226
12,15624.999999998996
13,15624.999999963396
14,15624.999999971296
15,15625.00000001597
16,15624.999999945821
17,15624.999999932561
18,15625.0000000366
19,15624.999999961543
20,15625.000000053931
