Run,Cost
1,22499.999999994663
2,22500.0000000364
3,22499.99999997445
4,22500.000000057862
5,22500.000000061173
6,22500.000000082942
7,22499.999999913398
8,22500.000000055406
9,22499.999999997566
10,22500.000000030326
11,22500.00000002817
12,22500.00000001022
13,22499.999999994678
14,22500.000000092532
15,22499.999999890704
16,22499.99999994978
17,22499.999999960946
18,22499.99999995776
19,22500.000000053755
20,22499.999999860185
