Run,Cost
1,1650.0000000121317
2,1649.9999999926642
3,1650.0000000030138
4,1649.9999999985314
5,1649.9999999951592
6,1650.0000000111604
7,1650.0000000028037
8,1650.0000000027637
9,1650.0000000066987
10,1650.0000000041223
11,1649.9999999992508
12,1650.0000000010232
13,1649.999999990326
14,1650.0000000008042
15,1650.0000000018238
16,1649.9999999906313
17,1650.0000000119699
18,1650.000000010249
19,1650.0000000010778
20,1649.9999999931058
