Run,Cost
1,17750.000000021093
2,17750.000000035736
3,17749.999999963948
4,17749.999999995784
5,17750.000000046566
6,17749.99999995824
7,17750.000000015127
8,17750.000000023403
9,17749.999999988602
10,17750.00000006616
11,17749.99999999741
12,17750.00000005664
13,17750.000000007545
14,17750.000000060212
15,17749.999999968688
16,17749.999999925385
17,17749.999999961743
18,17750.00000004308
19,17749.999999917654
20,17750.00000003215
