Run,Cost
1,10000.000000058597
2,10000.000000070639
3,9999.999999970336
4,10000.000000027043
5,10000.000000013393
6,9999.99999993489
7,9999.999999919868
8,10000.000000010594
9,10000.000000076594
10,9999.999999928385
11,9999.999999978369
12,10000.000000070608
13,9999.999999998981
14,9999.999999880998
15,9999.99999994557
16,10000.000000039901
17,9999.999999986549
18,10000.000000066386
19,9999.999999975053
20,10000.000000003853
