Run,Cost
1,2100.000000004034
2,2099.9999999980805
3,2100.0000000083865
4,2099.9999999937218
5,2100.0000000011555
6,2099.9999999982692
7,2099.9999999943293
8,2099.999999999766
9,2099.9999999984157
10,2100.0000000030204
11,2100.0000000117793
12,2100.0000000025398
13,2099.999999996531
14,2100.0000000076475
15,2100.0000000075183
16,2099.999999994818
17,2099.9999999977613
18,2100.0000000021128
19,2100.000000004282
20,2099.9999999933784
