Run,Cost
1,2625.000000013889
2,2625.0000000022383
3,2625.0000000023383
4,2625.0000000030514
5,2625.0000000026967
6,2624.9999999911747
7,2625.0000000091436
8,2624.9999999892957
9,2625.000000014995
10,2625.000000003911
11,2625.000000000541
12,2624.9999999913484
13,2624.999999985106
14,2625.000000001097
15,2624.9999999929487
16,2624.9999999993383
17,2624.9999999900324
18,2624.999999999576
19,2625.0000000026503
20,2625.000000000262
