Run,Cost
1,600.0000000007612
2,600.0000000078866
3,600.0000000032387
4,600.0000000015297
5,600.0000000022234
6,599.9999999953822
7,599.9999999933241
8,599.9999999999213
9,600.0000000084369
10,599.9999999983561
11,600.0000000108738
12,599.9999999980105
13,599.9999999959177
14,599.9999999849103
15,599.9999999956548
16,599.9999999941132
17,599.9999999975909
18,600.0000000063815
19,600.0000000105125
20,600.0000000040217
