Run,Cost
1,10699.999999952954
2,10700.000000036205
3,10699.999999948997
4,10700.000000005832
5,10699.999999993983
6,10700.000000034432
7,10700.000000068354
8,10699.999999981519
9,10700.000000019618
10,10699.999999983616
11,10700.000000028695
12,10699.999999953645
13,10699.999999967022
14,10699.99999999679
15,10699.99999991013
16,10699.999999974872
17,10699.999999984588
18,10699.999999962934
19,10699.999999962447
20,10700.00000000528
