Run,Cost
1,624.9999999987166
2,625.0000000186509
3,625.0000000031848
4,625.0000000000482
5,625.000000005636
6,625.0000000037917
7,624.9999999908367
8,625.0000000017568
9,624.9999999907785
10,625.0000000046949
11,625.0000000046373
12,625.0000000071348
13,624.9999999914064
14,624.9999999877581
15,625.00000001402
16,624.9999999993839
17,625.0000000231237
18,624.9999999936525
19,624.9999999927904
20,625.0000000129324
