Run,Cost
1,275.0000000023726
2,275.00000000252004
3,275.00000000374774
4,275.0000000040835
5,275.00000000035874
6,274.99999999828344
7,275.000000003959
8,275.000000001908
9,274.9999999981683
10,274.9999999954199
11,274.9999999980445
12,275.0000000014554
13,274.99999999989217
14,274.99999999953667
15,275.0000000012907
16,274.99999999770307
17,275.00000000506896
18,275.00000000065137
19,275.0000000008374
20,274.99999999826036
