Run,Cost
1,99.9999999999394
2,99.99999999492988
3,100.00000000099429
4,100.00000000031031
5,99.99999999888541
6,100.00000000274636
7,99.99999999507963
8,99.99999999914235
9,99.99999999861234
10,100.00000000018082
11,99.99999999783003
12,100.00000000377256
13,99.99999999783134
14,100.00000000390146
15,99.9999999947052
16,99.99999999912906
17,99.99999999726053
18,100.00000000115746
19,99.99999999915524
20,100.00000000436577
