Run,Cost
1,525.0000000094027
2,524.9999999988047
3,524.9999999989859
4,524.9999999985673
5,524.9999999995075
6,525.0000000051042
7,524.9999999997118
8,524.9999999980721
9,525.0000000078808
10,525.0000000007119
11,525.0000000018944
12,524.9999999975504
13,524.99999999561
14,525.0000000033453
15,524.9999999974533
16,525.0000000057037
17,524.9999999986542
18,524.9999999989232
19,524.9999999997934
20,525.0000000045616
