Run,Cost
1,1050.000000001893
2,1050.0000000035916
3,1049.9999999962652
4,1050.000000000672
5,1049.999999996571
6,1050.0000000050943
7,1050.000000001537
8,1050.000000001764
9,1049.9999999966808
10,1050.0000000112075
11,1050.0000000028472
12,1050.000000005945
13,1049.999999999687
14,1049.999999999211
15,1049.9999999999527
16,1050.0000000024493
17,1049.9999999995966
18,1049.9999999955241
19,1050.0000000031557
20,1050.0000000031787
