Run,Cost
1,3349.999999963211
2,3350.000000014724
3,3350.000000006747
4,3349.9999999836227
5,3349.999999996409
6,3349.9999999987463
7,3350.000000035213
8,3349.999999999677
9,3350.000000012533
10,3349.9999999670777
11,3349.99999998344
12,3350.000000009185
13,3349.9999999787183
14,3349.999999981654
15,3349.9999999886873
16,3349.9999999924594
17,3350.0000000134423
18,3349.999999986631
19,3350.000000000792
20,3350.00000002323
