Run,Cost
1,2499.9999999998413
2,2500.000000024556
3,2500.0000000039718
4,2499.9999999759857
5,2500.0000000002074
6,2499.9999999530096
7,2499.999999991986
8,2499.9999999892593
9,2499.9999999916627
10,2500.000000001866
11,2499.999999984223
12,2500.0000000068626
13,2499.999999992454
14,2499.9999999968177
15,2499.9999999927577
16,2500.000000011698
17,2499.9999999938173
18,2500.0000000095006
19,2499.999999987315
20,2499.9999999510833
