Run,Cost
1,2850.000000015599
2,2849.9999999951574
3,2850.0000000056098
4,2850.000000019052
5,2849.99999997994
6,2849.9999999892316
7,2849.9999999922625
8,2850.000000015883
9,2850.000000021508
10,2849.9999999518927
11,2850.00000000241
12,2849.999999985751
13,2850.0000000116247
14,2849.999999976524
15,2849.9999999743677
16,2850.0000000187256
17,2849.999999958351
18,2849.9999999854917
19,2849.9999999795414
20,2849.999999994606
