Run,Cost
1,200.0000000013444
2,200.00000000538668
3,200.00000000402108
4,199.99999999933874
5,199.99999999842305
6,200.0000000050117
7,200.00000000270805
8,200.00000000011997
9,199.99999999881845
10,199.9999999950922
11,200.0000000012435
12,199.99999999924742
13,200.00000000633423
14,199.9999999999804
15,200.00000000283868
16,200.00000000065708
17,200.00000000165144
18,199.99999999744773
19,200.00000000077864
20,199.99999999779737
