Run,Cost
1,5625.0000000008
2,5624.999999982733
3,5625.000000011063
4,5625.000000000965
5,5625.000000034841
6,5624.999999968827
7,5624.999999949512
8,5624.999999998771
9,5624.999999938678
10,5624.999999996087
11,5624.99999999985
12,5624.999999972434
13,5625.000000012569
14,5624.99999999489
15,5624.9999999929005
16,5625.000000017924
17,5624.999999986827
18,5624.999999992398
19,5624.999999999449
20,5625.0000000245545
