Run,Cost
1,6899.999999967743
2,6899.999999985787
3,6900.00000001394
4,6899.999999988579
5,6900.0000000032705
6,6899.999999974055
7,6900.00000001305
8,6900.000000009452
9,6900.000000022324
10,6900.000000050625
11,6900.000000060079
12,6900.000000007392
13,6900.000000012087
14,6900.000000001715
15,6899.999999975372
16,6900.000000022934
17,6900.000000021973
18,6899.999999963883
19,6899.999999977281
20,6900.000000012196
