Run,Cost
1,824.9999999954061
2,825.0000000030577
3,825.0000000008445
4,824.999999992754
5,825.0000000048373
6,824.9999999966292
7,825.0000000064531
8,825.0000000024858
9,824.9999999997424
10,824.9999999994055
11,825.0000000059456
12,824.9999999980602
13,825.0000000042463
14,825.0000000018553
15,825.0000000014655
16,824.9999999988963
17,825.0000000052297
18,824.999999990283
19,824.9999999946932
20,824.9999999980548
