Run,Cost
1,6150.000000004297
2,6150.000000015741
3,6149.999999926543
4,6150.000000039558
5,6149.999999947715
6,6150.0000000039045
7,6150.000000002738
8,6149.999999969275
9,6149.999999984015
10,6150.000000030698
11,6149.9999999835945
12,6150.000000047984
13,6149.99999998129
14,6150.000000000037
15,6149.99999998422
16,6150.000000042442
17,6149.999999975243
18,6150.000000038785
19,6150.000000026088
20,6149.99999999459
