Run,Cost
1,279278.1568014007
2,279351.30331978004
3,279523.9875761366
4,279610.5495627316
5,279578.32875245414
6,279419.4438909429
7,279665.2098350382
8,279614.9507982676
9,279223.3392325921
10,279667.0355770096
11,279253.60843203374
12,279322.3209197172
13,279351.27593301696
14,279337.9997859915
15,279439.95895003335
16,279619.222502372
17,279639.04409623233
18,279234.66342474543
19,279589.86674955225
20,279546.57781213504
