Run,Cost
1,227993.32734650062
2,227993.32734630004
3,227993.32734643656
4,227993.32734637355
5,227993.32734611924
6,227993.3273462699
7,227993.32734626532
8,227993.32734632443
9,227993.3273463789
10,227993.3273461215
11,227993.3273462347
12,227993.32734604462
13,227993.32734627015
14,227993.32734640333
15,227993.32734627323
16,227993.32734633327
17,227993.32734621147
18,227993.3273462275
19,227993.3273462127
20,227993.32734638403
