Run,Cost
1,229061.04203067115
2,229061.54261942595
3,229061.5426194578
4,229074.8415839827
5,229061.90025984024
6,229074.8415845114
7,229061.5426191888
8,229061.5426191497
9,229061.04203087164
10,229061.5426192464
11,229074.34099603284
12,229074.4839436278
13,229061.04203075956
14,229074.3409958721
15,229073.98335532838
16,229073.98335537096
17,229061.04203100197
18,229061.04203076067
19,229061.04203073977
20,229074.3409960096
