Run,Cost
1,283038.77701202483
2,283038.77701188286
3,283038.7770117877
4,283042.306320316
5,283042.3063202757
6,283042.306320437
7,283042.3063203685
8,283038.7770118729
9,283042.30632014305
10,283038.77701190993
11,283038.7770118387
12,283042.3063202818
13,283042.30632052815
14,283042.3063200189
15,283042.3063204465
16,283042.30632056925
17,283042.3063203205
18,283042.3063204786
19,283042.30632000533
20,283042.3063204539
