Run,Cost
1,284228.2471878168
2,284228.2471877969
3,284228.2471875489
4,284228.24718772684
5,284228.24718774884
6,284228.24718797446
7,284228.2471880673
8,284228.2471876829
9,284228.24718791933
10,284228.2471876646
11,284228.24718795763
12,284228.24718767346
13,284228.2471877549
14,284228.24718802597
15,284228.2471874815
16,284228.24718788185
17,284228.2471874849
18,284228.2471879459
19,284228.2471877023
20,284228.24718761595
