Run,Cost
1,293318.0441027198
2,293238.19725515536
3,293152.4353256188
4,293224.7567153961
5,293303.27516665123
6,293353.2737707654
7,293386.9158315647
8,293424.7726942133
9,293201.6968173429
10,293250.8198371543
11,293330.91211411206
12,293435.41251585586
13,293471.84244716156
14,293272.82670301903
15,293106.26142312406
16,293434.2566561631
17,293240.5152243443
18,293291.6160795823
19,293460.20035214146
20,293235.1662015735
