Run,Cost
1,228508.09414919
2,228508.09414915752
3,228508.09414922746
4,228508.09414933535
5,228508.0941491225
6,228508.09414931753
7,228508.09414925685
8,228508.0941492418
9,228508.0941492633
10,228508.09414906616
11,228508.09414924184
12,228508.0941491244
13,228508.09414918712
14,228508.0941490662
15,228508.0941491814
16,228508.094149324
17,228508.09414935944
18,228508.0941495316
19,228508.0941492616
20,228508.09414937312
