Run,Cost
1,282170.6112131743
2,282323.9248894486
3,282117.9469899526
4,282233.7541287819
5,282321.10203271144
6,282256.2276588738
7,282135.95516087156
8,282257.76527485444
9,282296.4944146838
10,282145.5742409567
11,282199.1449874986
12,282171.1096460008
13,282188.7827779613
14,282180.72558461933
15,282181.589494665
16,282220.9831222091
17,282310.78006963176
18,282139.0136469042
19,282192.37793634617
20,282139.9458952083
