Run,Cost
1,280629.4734845257
2,280629.4734846517
3,280629.4734844049
4,280629.47348446556
5,280629.47348443756
6,280629.4734845133
7,280629.47348459833
8,280629.47348470107
9,280629.47348435374
10,280629.47348424117
11,280629.4734844351
12,280629.473484466
13,280629.47348475456
14,280629.47348448186
15,280629.4734846975
16,280629.47348421364
17,280629.4734844677
18,280629.4734847565
19,280629.4734845806
20,280629.47348463
