Run,Cost
1,294462.57557291957
2,294462.57557302725
3,294462.5755730284
4,294462.5755728606
5,294462.5755729357
6,294462.5755730854
7,294462.57557260053
8,294462.575572905
9,294462.57557312725
10,294462.5755727988
11,294462.575572799
12,294462.5755728357
13,294462.57557302783
14,294462.5755730167
15,294462.5755730128
16,294462.57557311177
17,294462.5755726575
18,294462.57557270926
19,294462.5755729246
20,294462.5755732743
