Run,Cost
1,292613.7343115545
2,292613.73431174114
3,292613.73431164044
4,292613.73431140487
5,292613.7343113911
6,292613.7343113298
7,292613.73431153025
8,292613.73431126506
9,292613.7343114231
10,292613.734311515
11,292613.7343118396
12,292613.73431149765
13,292613.73431153677
14,292613.73431163904
15,292613.73431178246
16,292613.7343117154
17,292613.7343113669
18,292613.7343116809
19,292613.73431145295
20,292613.7343111044
