Run,Cost
1,1100.0000000001808
2,1099.9999999966458
3,1100.0000000075397
4,1099.9999999998524
5,1100.0000000027517
6,1100.0000000098787
7,1100.0000000000377
8,1100.0000000089997
9,1100.0000000104565
10,1099.9999999994875
11,1100.0000000003206
12,1099.9999999946663
13,1100.000000004947
14,1099.9999999892902
15,1100.0000000030336
16,1099.9999999995316
17,1099.9999999981542
18,1100.0000000030664
19,1099.9999999978068
20,1100.0000000025634
