Run,Cost
1,22499.999999972722
2,22500.000000030363
3,22500.000000029373
4,22500.000000009408
5,22500.000000008178
6,22499.999999982647
7,22500.00000002603
8,22499.999999948726
9,22500.000000082717
10,22499.999999948483
11,22500.000000083255
12,22499.999999914384
13,22500.000000039465
14,22499.99999996017
15,22499.99999995076
16,22499.99999998009
17,22500.000000025826
18,22499.99999997922
19,22499.999999946187
20,22499.99999994626
