Run,Cost
1,2100.000000013392
2,2099.999999999889
3,2099.999999997306
4,2099.9999999979286
5,2099.999999999348
6,2099.9999999951197
7,2100.0000000081554
8,2099.9999999978945
9,2100.0000000137625
10,2100.0000000011573
11,2099.9999999973857
12,2099.9999999951647
13,2100.000000015131
14,2099.9999999986167
15,2099.999999990254
16,2099.999999999774
17,2100.000000001529
18,2100.0000000101063
19,2100.000000004528
20,2100.000000000598
