Run,Cost
1,3149.999999999922
2,3150.0000000050713
3,3149.9999999959637
4,3149.999999995962
5,3150.0000000026926
6,3149.999999995126
7,3150.0000000066802
8,3150.00000000924
9,3150.000000002207
10,3149.999999994378
11,3150.000000001595
12,3149.9999999945308
13,3150.0000000041955
14,3149.9999999856295
15,3150.000000003808
16,3150.0000000024393
17,3150.0000000015866
18,3150.000000000658
19,3149.9999999920283
20,3149.9999999948436
