Run,Cost
1,17749.99999998238
2,17750.00000003405
3,17749.999999982287
4,17749.999999904605
5,17749.999999972064
6,17750.000000006057
7,17749.99999997443
8,17749.999999871394
9,17749.999999838376
10,17749.99999995507
11,17750.000000024364
12,17749.99999999771
13,17749.999999942986
14,17749.999999945623
15,17749.99999996661
16,17749.99999997535
17,17750.00000003748
18,17749.999999912583
19,17749.999999979627
20,17749.99999991943
