Run,Cost
1,9999.999999986669
2,10000.000000112555
3,10000.0000000109
4,10000.000000010274
5,9999.99999999722
6,9999.999999977632
7,10000.000000133568
8,9999.99999992152
9,9999.999999968059
10,10000.000000029428
11,10000.000000049185
12,9999.999999967575
13,10000.000000058946
14,9999.999999990772
15,10000.000000016653
16,10000.00000001767
17,9999.999999949481
18,10000.000000014996
19,9999.9999999719
20,9999.999999995509
