Run,Cost
1,1375.0000000025605
2,1374.9999999966426
3,1374.9999999919123
4,1375.0000000056034
5,1375.0000000055538
6,1375.00000000214
7,1375.0000000132382
8,1375.0000000110317
9,1375.0000000005277
10,1374.9999999873119
11,1375.0000000059372
12,1374.9999999976744
13,1375.0000000048487
14,1374.999999995617
15,1375.0000000068417
16,1375.0000000051782
17,1374.9999999988054
18,1374.999999995333
19,1374.9999999924441
20,1375.0000000165578
