Run,Cost
1,500.0000000067631
2,499.99999999822165
3,499.9999999983271
4,499.9999999926407
5,500.00000000041734
6,499.99999998899597
7,500.00000000422955
8,499.9999999936872
9,500.00000000470027
10,500.0000000045219
11,500.00000000923797
12,499.9999999942439
13,500.0000000087193
14,500.0000000074756
15,500.0000000004867
16,499.99999999800434
17,499.9999999996862
18,500.00000000059686
19,499.9999999907352
20,499.9999999839262
