Run,Cost
1,10699.99999995099
2,10700.000000033371
3,10699.999999927779
4,10699.999999985796
5,10700.000000024394
6,10699.999999960666
7,10699.999999984402
8,10700.000000018168
9,10699.99999998472
10,10700.000000037153
11,10699.999999973981
12,10699.99999999795
13,10700.000000039752
14,10700.000000000236
15,10699.999999954865
16,10699.999999989926
17,10699.999999991393
18,10700.000000042419
19,10699.999999989242
20,10699.999999997588
