Run,Cost
1,25049.99999994839
2,25049.999999922762
3,25049.99999997594
4,25050.00000001423
5,25049.999999974
6,25049.999999914224
7,25050.00000002078
8,25049.999999924377
9,25050.000000016604
10,25049.999999992433
11,25050.000000149095
12,25049.999999998745
13,25049.999999954052
14,25049.99999995631
15,25049.999999983604
16,25050.000000089447
17,25049.999999935128
18,25050.000000040345
19,25050.00000001461
20,25049.999999982265
