Run,Cost
1,600.0000000047652
2,599.9999999881742
3,599.999999992088
4,599.99999999178
5,599.999999994949
6,599.9999999987184
7,599.9999999963524
8,599.999999997382
9,599.9999999904973
10,600.0000000104316
11,599.9999999893901
12,599.9999999982306
13,599.9999999946727
14,599.9999999968887
15,600.0000000079544
16,600.0000000016829
17,600.0000000075225
18,600.0000000027972
19,600.0000000106052
20,599.9999999942913
