Run,Cost
1,799.9999999903437
2,800.0000000077237
3,800.0000000198202
4,799.9999999842762
5,799.9999999953857
6,800.0000000016413
7,799.9999999934713
8,800.0000000169814
9,799.9999999876098
10,799.9999999997206
11,799.999999981851
12,799.9999999882841
13,800.0000000071709
14,799.9999999875986
15,800.0000000021796
16,799.9999999978196
17,799.9999999920166
18,799.9999999979284
19,799.9999999979893
20,799.9999999922842
