Run,Cost
1,99.99999999660594
2,99.9999999955492
3,99.99999999970265
4,99.99999999730464
5,100.00000000473003
6,99.99999999871973
7,100.00000000231046
8,99.99999999494796
9,99.9999999997592
10,99.99999999477463
11,99.99999999727201
12,99.9999999950434
13,100.00000000041494
14,99.99999999937617
15,100.00000000379998
16,100.0000000006945
17,99.99999999572935
18,100.00000000173077
19,100.000000000107
20,99.99999999715685
