Run,Cost
1,275.00000000126903
2,274.99999999942946
3,275.00000000020884
4,275.00000000282427
5,274.9999999984475
6,275.00000000199526
7,275.0000000005791
8,274.9999999986008
9,275.00000000632286
10,274.99999999934414
11,274.99999999644933
12,275.0000000030377
13,275.00000000541115
14,274.99999999596673
15,275.0000000017271
16,275.00000000071424
17,274.99999999654875
18,274.9999999974501
19,274.999999999652
20,274.99999999893225
