Run,Cost
1,625.0000000073811
2,624.9999999996908
3,624.9999999818642
4,624.9999999873954
5,625.0000000038692
6,624.999999983407
7,625.0000000129564
8,625.0000000072853
9,624.9999999859643
10,624.9999999688231
11,625.000000010967
12,624.9999999849889
13,624.9999999985536
14,625.0000000010493
15,625.0000000232291
16,625.0000000111061
17,624.9999999880404
18,624.9999999979377
19,625.000000005705
20,625.0000000014543
