Run,Cost
1,550.0000000039387
2,549.9999999995176
3,549.9999999978164
4,549.9999999947714
5,550.0000000048242
6,550.0000000048483
7,550.0000000013458
8,549.9999999969979
9,549.9999999993277
10,550.0000000051352
11,549.9999999996427
12,549.9999999955135
13,550.0000000031355
14,549.9999999991682
15,549.9999999985951
16,549.9999999950521
17,549.9999999974302
18,550.0000000010754
19,549.9999999973863
20,549.9999999912569
