Run,Cost
1,1049.999999998844
2,1049.9999999970744
3,1050.000000005422
4,1050.0000000000948
5,1049.999999995108
6,1050.000000005749
7,1050.0000000043992
8,1049.9999999944384
9,1050.0000000047971
10,1050.0000000157588
11,1050.0000000059683
12,1049.9999999972217
13,1049.9999999993897
14,1050.0000000041093
15,1049.9999999986924
16,1050.0000000033933
17,1049.9999999973663
18,1049.9999999982274
19,1050.0000000007844
20,1049.9999999895276
