Run,Cost
1,2500.000000058848
2,2500.0000000159603
3,2499.999999977781
4,2499.999999992019
5,2499.9999999698675
6,2499.999999991993
7,2500.000000023674
8,2500.0000000025384
9,2500.000000008292
10,2500.0000000122295
11,2500.0000000019418
12,2500.0000000069576
13,2499.9999999830125
14,2499.9999999860856
15,2499.999999962531
16,2500.000000031738
17,2499.9999999909714
18,2500.000000011625
19,2499.9999999981324
20,2499.9999999802967
