Run,Cost
1,2849.999999986575
2,2849.9999999882057
3,2850.000000035025
4,2849.999999988684
5,2849.9999999864353
6,2850.000000005568
7,2849.999999981538
8,2850.0000000089753
9,2850.0000000444306
10,2849.9999999982406
11,2849.999999993658
12,2849.9999999345077
13,2849.999999972598
14,2849.999999973814
15,2849.9999999843544
16,2850.000000027356
17,2850.0000000078285
18,2849.9999999950574
19,2850.00000002228
20,2849.9999999938937
