Run,Cost
1,3350.0000000222617
2,3349.999999988806
3,3350.000000002445
4,3349.9999999842694
5,3349.9999999994225
6,3349.9999999835154
7,3349.999999982668
8,3349.9999999865786
9,3350.000000000533
10,3349.9999999648585
11,3349.9999999899032
12,3350.0000000010414
13,3350.0000000005793
14,3349.999999981386
15,3350.000000001366
16,3349.9999999814286
17,3349.9999999960073
18,3350.00000004979
19,3350.000000010017
20,3349.99999999553
