Run,Cost
1,825.0000000002769
2,824.9999999973994
3,825.0000000028163
4,825.0000000041769
5,824.9999999948419
6,824.9999999968485
7,825.0000000018497
8,825.0000000045256
9,825.0000000060832
10,824.9999999966449
11,825.0000000055618
12,824.9999999933011
13,824.9999999955872
14,825.000000001738
15,825.0000000042484
16,824.9999999975956
17,824.9999999946616
18,825.0000000048454
19,825.0000000033723
20,824.9999999951959
