Run,Cost
1,6150.000000019239
2,6150.000000016465
3,6149.999999962925
4,6150.000000025991
5,6149.999999979747
6,6150.000000015713
7,6149.999999999827
8,6149.999999934675
9,6149.999999991277
10,6149.999999967742
11,6149.9999999973725
12,6149.999999976655
13,6149.999999996657
14,6149.999999957712
15,6149.999999998132
16,6149.9999999943875
17,6149.999999994911
18,6149.999999981507
19,6149.999999985428
20,6150.000000026116
