Run,Cost
1,6900.000000019137
2,6899.99999994684
3,6900.000000008345
4,6900.000000019696
5,6899.999999994526
6,6900.000000061951
7,6900.000000003265
8,6899.999999991471
9,6899.999999987079
10,6900.000000014889
11,6899.999999992342
12,6900.000000034475
13,6900.000000003886
14,6900.000000013746
15,6899.999999965041
16,6900.000000007935
17,6899.999999991977
18,6900.000000016098
19,6900.000000036662
20,6899.999999989955
