Run,Cost
1,1574.9999999976992
2,1575.000000002268
3,1575.0000000109687
4,1575.0000000009106
5,1575.000000002129
6,1575.0000000003886
7,1575.000000006966
8,1575.0000000028144
9,1575.0000000009081
10,1575.000000002913
11,1574.9999999980241
12,1574.999999999647
13,1574.9999999926326
14,1574.9999999931808
15,1575.0000000013542
16,1574.9999999991278
17,1574.999999990985
18,1575.000000003316
19,1574.9999999905633
20,1574.9999999948582
