Run,Cost
1,5625.000000009576
2,5625.000000072801
3,5624.99999994387
4,5625.000000049706
5,5625.00000001306
6,5625.000000015246
7,5624.99999998626
8,5625.000000000527
9,5625.000000042318
10,5625.000000002799
11,5625.000000025656
12,5624.999999960063
13,5625.000000050392
14,5624.999999947027
15,5625.000000023527
16,5624.999999974105
17,5625.000000007078
18,5625.000000036584
19,5625.000000081092
20,5625.000000021452
