Run,Cost
1,3427.0000000062246
2,3427.0000000059745
3,3426.999999989176
4,3427.0000000019522
5,3426.9999999987745
6,3426.9999999923716
7,3426.9999999988913
8,3426.9999999819656
9,3426.999999985184
10,3427.0000000088608
11,3426.9999999874917
12,3427.0000000122127
13,3427.0000000052355
14,3427.0000000110495
15,3426.9999999926317
16,3426.9999999830943
17,3427.000000000617
18,3427.000000012207
19,3426.9999999884635
20,3427.000000018044
