Run,Cost
1,3118.999999984254
2,3118.9999999993934
3,3118.99999997697
4,3118.9999999992683
5,3118.9999999812117
6,3119.0000000151895
7,3119.000000016493
8,3118.999999973601
9,3119.0000000133095
10,3118.9999999995116
11,3119.000000007393
12,3118.9999999779097
13,3119.000000001782
14,3119.0000000224013
15,3119.000000027978
16,3119.000000025793
17,3118.9999999974016
18,3119.0000000047908
19,3119.0000000014484
20,3118.999999997042
