Run,Cost
1,2119.0000000047753
2,2112.0000000128666
3,2111.9999999948072
4,2112.0000000095674
5,2112.000000007036
6,2118.999999992592
7,2118.999999990966
8,2111.9999999899333
9,2119.0000000029668
10,2112.0000000018044
11,2118.999999997992
12,2111.9999999998454
13,2112.000000000335
14,2118.9999999976335
15,2119.0000000058085
16,2118.9999999821534
17,2111.9999999969314
18,2119.00000000895
19,2118.999999996685
20,2112.0000000030554
