Run,Cost
1,3340.9999999841984
2,3340.9999999976317
3,3341.000000022031
4,3341.000000002017
5,3341.0000000256277
6,3341.00000000822
7,3341.0000000067084
8,3341.0000000080686
9,3340.9999999833535
10,3340.9999999786314
11,3341.000000004872
12,3340.9999999906504
13,3341.0000000084456
14,3340.9999999922456
15,3340.9999999870934
16,3341.0000000098025
17,3341.0000000147265
18,3341.0000000140794
19,3341.0000000093637
20,3340.999999983026
