Run,Cost
1,1943.0000000011203
2,1942.999999989722
3,1943.0000000114512
4,1943.0000000057742
5,1943.0000000043922
6,1942.9999999909867
7,1943.0000000051114
8,1943.0000000014459
9,1942.999999992735
10,1943.000000002714
11,1942.9999999956387
12,1942.9999999913955
13,1943.0000000077086
14,1943.0000000039295
15,1943.0000000064836
16,1943.0000000104865
17,1943.0000000036393
18,1943.000000016455
19,1942.999999991958
20,1943.0000000039695
