Run,Cost
1,4246.000000005913
2,4246.00000000282
3,4245.999999999384
4,4246.0000000253385
5,4246.000000024284
6,4246.00000000285
7,4245.9999999763295
8,4245.999999997221
9,4246.000000029414
10,4245.999999968628
11,4245.999999997139
12,4246.000000000823
13,4246.000000016735
14,4246.000000022126
15,4246.000000013625
16,4245.999999998296
17,4245.999999968058
18,4246.0000000072705
19,4245.999999993949
20,4245.999999999701
