Run,Cost
1,2165.9999999861375
2,2165.99999999115
3,2165.999999994364
4,2165.9999999900074
5,2166.0000000053324
6,2166.000000001166
7,2166.0000000030973
8,2165.9999999977213
9,2165.9999999981906
10,2166.000000003816
11,2165.9999999995593
12,2166.0000000144673
13,2166.0000000005393
14,2166.000000007052
15,2165.9999999987713
16,2166.000000011641
17,2166.000000003002
18,2166.0000000065575
19,2166.000000007895
20,2166.000000007451
