Run,Cost
1,2250.999999991935
2,2250.9999999911884
3,2251.0000000059044
4,2250.9999999952065
5,2251.000000007129
6,2250.999999990873
7,2251.000000011575
8,2251.0000000034674
9,2250.9999999752267
10,2251.0000000055766
11,2251.0000000097525
12,2250.999999991146
13,2251.0000000030946
14,2250.999999999097
15,2251.0000000127848
16,2250.999999996987
17,2251.0000000014397
18,2250.9999999900456
19,2250.9999999967695
20,2251.0000000114383
