Run,Cost
1,4226.999999991829
2,4440.999999974477
3,4227.000000004587
4,4440.99999998634
5,4440.999999995363
6,4226.999999971827
7,4441.000000035222
8,4441.000000006634
9,4441.000000014222
10,4226.999999964881
11,4227.000000015007
12,4226.999999994869
13,4440.999999992382
14,4226.9999999786205
15,4441.00000001985
16,4226.999999999018
17,4227.000000020232
18,4226.999999965994
19,4440.999999979715
20,4440.9999999929705
