Run,Cost
1,3193.999999987362
2,3194.000000025965
3,3193.999999995726
4,3194.0000000021587
5,3194.000000012056
6,3193.9999999998518
7,3194.0000000190335
8,3194.0000000090654
9,3193.999999990092
10,3194.0000000058017
11,3193.9999999814013
12,3194.0000000009086
13,3194.000000018718
14,3194.000000015568
15,3194.0000000012733
16,3194.0000000267323
17,3193.9999999890115
18,3194.000000009636
19,3193.9999999955708
20,3193.999999992618
