Run,Cost
1,3241.9999999776082
2,3242.000000009645
3,3242.000000011427
4,3241.999999973566
5,3242.000000006766
6,3242.0000000030127
7,3241.999999982807
8,3241.9999999984757
9,3242.0000000137516
10,3241.999999988489
11,3242.0000000118753
12,3241.9999999995275
13,3241.999999989512
14,3242.0000000056525
15,3241.999999999003
16,3241.9999999962065
17,3242.000000011555
18,3241.9999999852057
19,3241.9999999985803
20,3241.9999999882934
