Run,Cost
1,3159.999999993097
2,2824.0000000143905
3,2823.999999998046
4,3171.999999975237
5,2823.9999999984357
6,2834.9999999830193
7,2835.000000017012
8,3171.999999986733
9,3171.999999988947
10,3159.999999987235
11,2824.0000000107307
12,3172.000000014777
13,3159.999999975691
14,3159.9999999996467
15,2835.00000001537
16,2824.0000000036416
17,3160.000000002956
18,3172.0000000041696
19,2834.9999999730217
20,2835.0000000093064
