Run,Cost
1,1652.000000010697
2,1647.999999999779
3,1651.9999999928443
4,1613.99999999964
5,1648.0000000036603
6,1652.0000000193431
7,1651.9999999988788
8,1597.0000000131174
9,1572.0000000006783
10,1703.0000000027273
11,1652.0000000060377
12,1596.9999999970985
13,1702.9999999927122
14,1594.000000014023
15,1651.9999999978227
16,1702.9999999952831
17,1703.000000015566
18,1648.0000000088166
19,1703.0000000018379
20,1703.0000000193295
