Run,Cost
1,3196.9999999902343
2,3281.999999997311
3,3282.0000000090017
4,3180.9999999890706
5,3197.0000000271516
6,3282.0000000042164
7,3181.000000005236
8,3197.000000002305
9,3281.999999991427
10,3282.000000005785
11,3059.0000000057985
12,3163.9999999983197
13,3282.000000015164
14,3180.9999999892216
15,3197.000000004227
16,3163.9999999969737
17,3059.0000000205905
18,3058.9999999972406
19,3069.0000000195014
20,3059.0000000082305
