Run,Cost
1,2817.9999999955785
2,2893.00000000973
3,2812.0000000043237
4,2893.000000020368
5,2818.0000000008577
6,2883.0000000232117
7,2883.0000000066966
8,2892.999999984929
9,2883.000000003458
10,2811.9999999940555
11,2812.0000000357077
12,2817.999999979352
13,2812.000000018666
14,2811.99999998449
15,2882.9999999803827
16,2812.000000010085
17,2812.0000000106656
18,2811.999999996751
19,2892.999999999513
20,2893.0000000100285
