Run,Cost
1,4285.0000000009595
2,4284.999999985551
3,4284.999999997357
4,4285.000000014093
5,4285.00000002193
6,4285.000000003638
7,4285.00000001124
8,4284.9999999885185
9,4285.000000016114
10,4284.999999994245
11,4284.999999995083
12,4284.9999999832135
13,4285.000000022541
14,4284.999999982335
15,4284.999999996883
16,4284.999999956779
17,4284.999999998985
18,4285.000000015549
19,4285.00000001543
20,4284.999999979476
