Run,Cost
1,4311.000000013414
2,4310.9999999829815
3,4310.999999982594
4,4310.9999999864685
5,4311.000000000044
6,4310.999999988203
7,4311.000000017273
8,4310.999999995651
9,4311.000000019249
10,4310.999999978068
11,4310.999999993627
12,4311.000000013508
13,4310.999999974907
14,4310.999999980589
15,4310.999999983415
16,4310.99999999952
17,4311.000000027857
18,4310.999999963457
19,4311.000000012511
20,4310.999999998314
