Run,Cost
1,3278.000000008465
2,3278.0000000103964
3,3278.0000000397736
4,3277.9999999965107
5,3278.000000019087
6,3278.000000015712
7,3277.99999999409
8,3277.99999999769
9,3278.000000005582
10,3277.9999999797656
11,3278.000000000219
12,3277.9999999801316
13,3277.9999999847364
14,3277.999999979138
15,3277.9999999981405
16,3277.9999999928777
17,3277.999999986738
18,3277.9999999766133
19,3278.0000000112705
20,3277.999999989238
