Run,Cost
1,4241.000000012221
2,4544.000000002149
3,4544.000000015846
4,4203.000000007329
5,4544.000000000966
6,4544.000000018224
7,4544.000000017335
8,4543.99999999842
9,4283.999999992292
10,4284.00000001623
11,4284.000000012299
12,4245.000000025142
13,4241.00000000825
14,4284.000000006857
15,4283.999999961479
16,4543.999999998689
17,4241.0000000024775
18,4544.000000009349
19,4544.000000045685
20,4284.000000015737
