Run,Cost
1,4177.999999992498
2,4177.999999989405
3,4178.000000033508
4,4178.000000013509
5,4178.000000034199
6,4177.999999964215
7,4177.999999989166
8,4177.999999996269
9,4177.999999991614
10,4178.000000003257
11,4177.999999993051
12,4178.000000001631
13,4177.999999977665
14,4177.999999984708
15,4177.999999997384
16,4178.000000018282
17,4177.999999995805
18,4177.999999972736
19,4177.999999976361
20,4177.999999999141
