Run,Cost
1,4710.000000002356
2,4709.99999998935
3,4709.999999998255
4,4709.9999999711445
5,4709.999999989175
6,4710.000000012089
7,4709.999999973736
8,4709.999999994837
9,4709.999999997358
10,4710.000000010237
11,4709.999999991404
12,4710.000000013321
13,4709.999999990315
14,4710.000000004751
15,4710.000000006963
16,4710.000000006402
17,4709.999999991556
18,4709.9999999800875
19,4710.000000018074
20,4709.999999973037
