Run,Cost
1,2249.999999983987
2,2249.9999999808483
3,2250.0000000040136
4,2249.9999999866463
5,2250.000000013449
6,2249.999999993551
7,2249.999999985821
8,2249.9999999897113
9,2250.000000016687
10,2250.0000000158293
11,2249.999999998226
12,2249.9999999964944
13,2250.000000003065
14,2249.9999999825845
15,2250.0000000013856
16,2249.9999999952106
17,2249.9999999933775
18,2249.9999999914785
19,2250.0000000032073
20,2249.9999999971965
