Run,Cost
1,3609.0000000106666
2,3554.0000000136433
3,3609.9999999879155
4,3608.999999991993
5,3553.999999996447
6,3554.0000000037826
7,3608.999999984431
8,3608.999999989669
9,3609.0000000032182
10,3609.0000000019686
11,3553.999999998513
12,3610.000000003969
13,3608.9999999988436
14,3609.999999973301
15,3554.000000000474
16,3553.9999999832985
17,3554.000000006087
18,3610.00000000074
19,3554.000000009961
20,3610.000000023337
