Run,Cost
1,4008.0000000225878
2,3956.999999955617
3,4038.999999978799
4,4038.999999964834
5,4100.999999978328
6,3954.9999999940906
7,4148.000000028448
8,4038.9999999863953
9,4007.999999977797
10,3957.0000000030745
11,3956.9999999777724
12,4039.000000046161
13,4038.999999990405
14,4038.999999985687
15,4148.000000000629
16,4038.999999989164
17,4100.99999997312
18,4038.9999999421
19,4039.000000009078
20,4101.000000029235
