Run,Cost
1,3185.000000003205
2,3185.000000002828
3,3185.0000000184186
4,3185.000000004434
5,3185.000000009268
6,3185.000000000384
7,3184.9999999999063
8,3184.999999983313
9,3184.999999990753
10,3185.000000001445
11,3185.000000012224
12,3184.9999999955635
13,3185.00000001966
14,3184.9999999967317
15,3184.999999982389
16,3184.999999975443
17,3184.999999995713
18,3184.999999998192
19,3185.000000007468
20,3185.0000000091463
