Run,Cost
1,3820.0000000105197
2,3820.000000030523
3,3820.0000000103955
4,3906.9999999801344
5,3819.9999999871256
6,3907.0000000108453
7,3907.0000000174787
8,3907.0000000075192
9,3819.999999985663
10,3819.999999992667
11,3820.00000000955
12,3820.0000000257487
13,3820.00000001613
14,3820.0000000024
15,3819.9999999923725
16,3906.999999948906
17,3819.9999999944976
18,3820.000000009381
19,3820.000000026189
20,3906.9999999893366
