Run,Cost
1,4393.9999999980855
2,4393.999999969888
3,4393.999999995127
4,4394.000000010336
5,4393.9999999615075
6,4394.0000000297
7,4393.9999999878455
8,4394.000000058498
9,4394.000000031032
10,4394.00000000218
11,4394.000000011691
12,4393.999999989907
13,4394.000000006259
14,4393.999999976721
15,4394.000000019099
16,4393.999999991128
17,4393.999999994313
18,4393.999999995727
19,4393.99999997771
20,4393.999999985621
