Run,Cost
1,3276.9999999962315
2,3276.999999990364
3,3276.9999999920337
4,3276.999999987608
5,3276.999999998184
6,3276.999999975954
7,3276.9999999945508
8,3276.9999999764705
9,3277.000000012323
10,3276.9999999823494
11,3277.000000008462
12,3276.999999979935
13,3276.9999999946067
14,3276.9999999964107
15,3277.0000000132095
16,3276.9999999816273
17,3276.999999996159
18,3277.0000000200234
19,3277.0000000062055
20,3277.000000001245
