Run,Cost
1,2100.0000000007944
2,2099.9999999911824
3,2100.0000000022605
4,2100.0000000127097
5,2099.99999999915
6,2100.0000000036566
7,2099.999999998489
8,2099.999999992035
9,2099.9999999824695
10,2100.000000002378
11,2100.0000000044306
12,2100.000000006142
13,2099.9999999962065
14,2100.000000003676
15,2100.0000000059667
16,2100.000000001667
17,2100.0000000040286
18,2100.0000000000255
19,2100.000000009563
20,2099.9999999907136
