Run,Cost
1,3093.0000000027694
2,3139.0000000156015
3,3139.000000011401
4,3093.0000000028563
5,3092.999999996139
6,3092.999999992591
7,3093.000000005963
8,3093.000000021304
9,3138.9999999878346
10,3093.0000000140426
11,3093.0000000014543
12,3138.9999999970414
13,3138.9999999984757
14,3092.9999999811544
15,3138.999999997712
16,3093.0000000336368
17,3093.0000000036634
18,3093.0000000060863
19,3092.9999999666497
20,3092.9999999919723
