Run,Cost
1,3903.000000005278
2,3902.9999999789748
3,3902.9999999923107
4,3902.999999992492
5,3902.9999999781917
6,3902.9999999690244
7,3902.9999999993884
8,3903.000000001304
9,3902.999999999199
10,3902.999999978141
11,3902.9999999935826
12,3902.9999999711895
13,3903.000000042344
14,3903.0000000031096
15,3902.999999955533
16,3903.00000000418
17,3902.999999986321
18,3903.0000000392756
19,3903.0000000062178
20,3902.9999999694305
