Run,Cost
1,2078.9999999951337
2,2079.0000000076734
3,2084.99999999098
4,2084.9999999851143
5,2084.9999999921897
6,2079.000000003827
7,2079.0000000000873
8,2084.9999999923966
9,2084.9999999823426
10,2084.9999999898573
11,2079.000000000522
12,2084.999999991887
13,2078.9999999865295
14,2084.999999994845
15,2079.000000002845
16,2084.9999999963134
17,2079.0000000078903
18,2078.9999999950296
19,2078.999999991792
20,2084.9999999913753
