Run,Cost
1,2118.9999999914617
2,2119.000000010659
3,2119.000000009416
4,2119.0000000089753
5,2119.000000008632
6,2119.000000013025
7,2118.999999992925
8,2119.000000002532
9,2118.999999998429
10,2118.9999999917704
11,2119.000000008423
12,2118.9999999986694
13,2119.000000004876
14,2119.0000000138725
15,2119.000000005733
16,2119.0000000196283
17,2118.9999999911934
18,2119.0000000065693
19,2119.0000000103832
20,2119.0000000008513
