Run,Cost
1,2246.9999999906313
2,2247.000000013541
3,2247.0000000086957
4,2246.999999999568
5,2247.0000000046784
6,2246.9999999997003
7,2246.9999999902175
8,2247.0000000138657
9,2246.999999983025
10,2247.0000000037526
11,2247.000000007224
12,2247.000000004967
13,2247.0000000027726
14,2247.00000001061
15,2246.9999999987363
16,2247.000000006944
17,2246.9999999886563
18,2247.000000006595
19,2247.0000000002456
20,2246.9999999880943
