Run,Cost
1,4334.999999995055
2,4335.000000002881
3,4334.999999997586
4,4335.000000005432
5,4335.000000035876
6,4335.000000016109
7,4334.999999974378
8,4335.000000006675
9,4334.9999999818965
10,4334.999999984134
11,4334.999999977952
12,4335.0000000107875
13,4334.999999996183
14,4334.999999964611
15,4334.999999981604
16,4334.999999973262
17,4335.00000002339
18,4334.999999972156
19,4335.00000000854
20,4334.999999991076
