Run,Cost
1,2439.999999994253
2,2362.999999994702
3,2362.9999999976685
4,2363.0000000158834
5,2363.0000000013297
6,2439.9999999974675
7,2439.9999999955435
8,2362.99999999401
9,2440.0000000005225
10,2440.0000000049445
11,2440.000000007726
12,2439.999999995825
13,2363.0000000157374
14,2363.000000013637
15,2362.9999999953106
16,2440.0000000057107
17,2440.0000000046693
18,2363.0000000104988
19,2440.0000000049204
20,2363.000000002931
