Run,Cost
1,3415.0000000038704
2,3414.999999994455
3,3414.9999999898064
4,3415.0000000216096
5,3415.0000000104124
6,3414.9999999907177
7,3414.9999999998577
8,3415.0000000059645
9,3414.9999999939123
10,3414.999999986305
11,3415.0000000076575
12,3415.0000000162636
13,3414.9999999944457
14,3414.999999999974
15,3415.0000000106093
16,3415.000000011951
17,3414.9999999942406
18,3415.0000000139307
19,3415.0000000113714
20,3414.9999999900347
