Run,Cost
1,3562.999999991779
2,3562.999999976379
3,3562.999999982658
4,3563.000000002433
5,3562.9999999984257
6,3563.0000000152304
7,3562.999999983839
8,3562.9999999767547
9,3563.000000011954
10,3563.0000000007635
11,3562.999999995233
12,3563.0000000077252
13,3563.000000009749
14,3562.9999999759975
15,3562.9999999865186
16,3563.000000000202
17,3563.000000009312
18,3562.9999999850447
19,3562.9999999997262
20,3563.00000001281
