Run,Cost
1,4023.9999999668685
2,4024.0000000018013
3,3959.0000000266114
4,4005.9999999880893
5,4024.0000000018636
6,3958.9999999922447
7,4023.9999999898564
8,4024.0000000172604
9,4023.9999999932193
10,4024.0000000313066
11,4024.0000000250025
12,4024.0000000023397
13,3958.999999982878
14,4024.0000000107652
15,4024.0000000211107
16,4024.0000000134537
17,3931.9999999733445
18,4024.000000004912
19,4023.9999999787246
20,4023.9999999459537
