Run,Cost
1,2158.9999999927577
2,2158.9999999968436
3,2159.000000000719
4,2158.9999999979063
5,2159.0000000008436
6,2158.999999997894
7,2159.0000000011773
8,2159.000000011215
9,2158.999999998168
10,2158.9999999941006
11,2159.000000006395
12,2158.9999999781267
13,2158.999999995131
14,2158.99999999804
15,2158.999999998022
16,2159.000000006195
17,2158.99999997783
18,2158.9999999856095
19,2159.0000000005944
20,2158.9999999980137
