Run,Cost
1,2294.999999992954
2,2295.0000000013792
3,2295.0000000110103
4,2294.9999999876873
5,2294.999999998803
6,2295.0000000087084
7,2295.0000000032746
8,2294.999999990779
9,2295.000000016048
10,2295.0000000072123
11,2295.0000000076434
12,2294.999999998614
13,2295.0000000015425
14,2294.9999999995885
15,2294.9999999922725
16,2295.00000000451
17,2295.0000000053237
18,2295.000000003149
19,2294.9999999923875
20,2294.999999985306
