Run,Cost
1,2142.000000002492
2,2142.000000018561
3,2141.9999999791053
4,2142.0000000137725
5,2142.000000001719
6,2142.000000001539
7,2142.0000000235177
8,2142.0000000126643
9,2141.999999998943
10,2141.9999999988217
11,2142.0000000143114
12,2141.999999984724
13,2142.0000000000987
14,2142.0000000078476
15,2141.999999995714
16,2142.000000000452
17,2142.000000008685
18,2141.9999999798897
19,2142.000000007513
20,2141.9999999987217
