Run,Cost
1,4329.99999997989
2,4464.999999974617
3,4330.000000024375
4,4464.999999985333
5,4329.999999994104
6,4330.000000011881
7,4330.000000001152
8,4465.000000002697
9,4464.999999966516
10,4329.9999999692245
11,4465.000000004725
12,4465.000000012025
13,4465.00000000046
14,4330.000000032939
15,4465.000000023531
16,4464.999999982799
17,4465.000000022721
18,4465.000000008089
19,4329.999999990608
20,4465.000000006421
