Run,Cost
1,3825.999999974862
2,3881.0000000241075
3,3881.0000000153123
4,3826.000000019922
5,3825.999999996353
6,3826.0000000040664
7,3825.9999999687852
8,3825.999999989608
9,3825.99999998155
10,3826.0000000152268
11,3825.999999979404
12,3826.0000000313203
13,3826.0000000147406
14,3881.000000006127
15,3825.999999989053
16,3825.999999995465
17,3826.0000000158966
18,3825.999999998309
19,3826.0000000354257
20,3826.0000000164227
