Run,Cost
1,4306.000000027414
2,4305.99999998913
3,4371.000000002301
4,4258.999999987036
5,4259.000000025457
6,4321.000000018297
7,4259.00000001333
8,4320.999999986678
9,4258.9999999905085
10,4259.000000027952
11,4371.000000014429
12,4370.999999984528
13,4378.99999998415
14,4258.999999964374
15,4259.00000002118
16,4305.99999999867
17,4371.000000009793
18,4379.000000022036
19,4258.999999978712
20,4378.999999966117
