Run,Cost
1,1985.0000000090968
2,1984.9999999944164
3,1985.000000014307
4,1984.999999997749
5,1985.0000000038167
6,1984.999999991339
7,1985.0000000059488
8,1984.9999999907125
9,1984.999999982222
10,1984.9999999963295
11,1985.0000000137843
12,1984.9999999927181
13,1984.9999999890144
14,1985.0000000025366
15,1984.9999999984293
16,1985.000000008213
17,1985.0000000155687
18,1985.0000000061007
19,1985.0000000033895
20,1984.9999999927884
