Run,Cost
1,3277.0000000001073
2,3276.9999999791526
3,3276.9999999730544
4,3276.9999999940956
5,3276.9999999936726
6,3276.9999999883185
7,3276.99999999867
8,3277.0000000135115
9,3277.000000030707
10,3276.9999999867027
11,3277.00000002668
12,3276.9999999927672
13,3276.9999999794572
14,3276.9999999976767
15,3277.0000000120194
16,3276.999999998958
17,3277.0000000011273
18,3277.000000017834
19,3277.0000000208765
20,3276.999999991296
