Run,Cost
1,59.99999999568732
2,59.00000000433191
3,47.00000000359705
4,60.000000001471975
5,55.00000001267418
6,60.00000000624736
7,58.00000000703262
8,60.00000000807909
9,59.99999999906355
10,60.00000001159629
11,59.00000001221408
12,58.99999999342592
13,60.00000000233585
14,60.000000002875446
15,60.000000006031435
16,59.00000001216539
17,58.00000001433649
18,60.0000000011903
19,59.00000000364603
20,60.00000000282361
