Run,Cost
1,43.00000001234948
2,41.000000014022106
3,36.000000014676225
4,42.00000000328743
5,46.00000001161781
6,41.00000000635952
7,46.00000000834858
8,46.00000000230939
9,46.00000000548953
10,42.00000000818895
11,44.000000006083205
12,44.00000000783655
13,42.0000000103151
14,49.000000010786316
15,45.0000000090593
16,43.000000016443245
17,44.00000000610142
18,44.00000000002972
19,46.9999999981037
20,43.00000000098325
