Run,Cost
1,52.000000011587545
2,55.00000000836323
3,55.00000000893313
4,50.00000001152037
5,53.0000000076043
6,56.00000001425083
7,61.0000000074393
8,55.000000006963525
9,57.00000000646908
10,59.00000001268467
11,54.00000001105979
12,56.00000001140093
13,55.000000007294354
14,53.00000000706663
15,46.00000001207064
16,49.000000008908756
17,50.00000001490253
18,50.00000000933636
19,57.00000000302238
20,52.00000000910823
