Run,Cost
1,75.99999999939875
2,67.99999999981206
3,75.00000000375725
4,70.999999998461
5,74.99999999395497
6,69.00000000647678
7,75.00000000658531
8,72.0000000045175
9,76.00000000319956
10,76.00000000926761
11,76.00000000853693
12,69.99999999639272
13,63.00000000553169
14,75.99999999918923
15,73.00000001178705
16,74.99999999854984
17,72.00000000293075
18,75.99999999621896
19,74.00000000642822
20,70.00000000708509
