Run,Cost
1,39.00000001383387
2,44.00000002025278
3,43.000000013385865
4,46.00000000837136
5,37.00000001804193
6,40.00000002301444
7,41.00000001460938
8,39.00000001768417
9,46.000000008798146
10,44.00000000638249
11,42.00000002589919
12,39.000000017114694
13,37.00000001471936
14,42.00000001062338
15,45.00000000647149
16,41.000000012667364
17,37.0000000111386
18,44.0000000083281
19,47.99999999790436
20,44.0000000060478
