Run,Cost
1,78.00000001115292
2,75.99999999521529
3,78.00000000873642
4,77.99999999284695
5,78.00000000604359
6,72.00000000608874
7,78.00000000291179
8,72.00000000518837
9,78.0000000048925
10,77.00000001222172
11,75.99999999405134
12,77.99999999649391
13,77.99999999704428
14,70.0000000117136
15,77.99999999295
16,77.99999999949011
17,74.99999999340669
18,70.00000001014156
19,77.99999999493839
20,77.99999999172505
