Run,Cost
1,61.00000000075927
2,57.00000000065389
3,57.00000000359893
4,61.00000000139339
5,59.00000000624623
6,55.000000004955204
7,55.00000001246015
8,56.000000012755976
9,58.000000008760935
10,51.000000007013824
11,52.000000008274185
12,56.99999999957116
13,53.00000000451097
14,57.00000000250706
15,59.00000000275851
16,56.000000008598974
17,56.00000001318335
18,56.000000010792675
19,59.00000000332691
20,57.000000005304514
