Run,Cost
1,53.999999997063576
2,50.00000001199514
3,55.00000000051208
4,55.00000000281379
5,53.000000001219796
6,50.00000000252529
7,50.0000000155922
8,58.00000000458053
9,56.00000001173067
10,54.999999997497305
11,60.00000000204887
12,57.00000000429802
13,57.00000000011764
14,52.00000000556692
15,56.0000000126624
16,52.000000008016634
17,52.000000008331085
18,55.99999999661695
19,56.00000000856956
20,52.00000000855351
