Run,Cost
1,72.0000000120682
2,71.99999999113076
3,72.00000000412341
4,72.00000000341883
5,71.99999999745869
6,72.00000000439066
7,72.00000001175032
8,68.00000000537726
9,71.9999999968104
10,66.00000000265172
11,72.00000000213652
12,71.99999999803124
13,72.00000000441787
14,67.99999999928316
15,72.00000000226977
16,72.00000001103616
17,72.00000000741491
18,52.00000000583571
19,71.00000000834623
20,67.00000000121231
