Run,Cost
1,59.00000001008469
2,58.99999999946137
3,57.00000000033082
4,57.999999998018396
5,61.00000001141873
6,60.00000000719631
7,61.00000000733294
8,53.0000000121243
9,60.000000003588575
10,61.000000006181295
11,58.00000000472837
12,56.00000000601931
13,59.99999999422879
14,54.000000010145776
15,57.00000000582587
16,60.99999999860349
17,61.00000000232394
18,61.000000000909296
19,60.0000000028253
20,59.99999999748601
