Run,Cost
1,68.99999999713168
2,72.00000000817336
3,71.9999999921709
4,72.00000001310067
5,72.00000000320837
6,67.00000000372306
7,63.00000000224832
8,60.00000000898722
9,72.00000000563602
10,67.00000000219346
11,72.00000001209736
12,66.0000000151474
13,72.00000000091605
14,71.00000000854469
15,67.00000000789969
16,65.99999999142092
17,70.99999999350435
18,72.00000000551326
19,65.0000000057869
20,72.00000000807124
