Run,Cost
1,76.00000000177145
2,76.00000000154947
3,71.9999999938599
4,75.0000000044328
5,76.00000001029863
6,75.00000000879884
7,76.00000000337748
8,72.00000000064608
9,76.00000000192449
10,71.0000000009217
11,76.00000001055399
12,75.99999999412466
13,75.99999999783962
14,72.00000000525876
15,70.0000000043574
16,75.99999999266834
17,76.00000000056784
18,75.99999999093264
19,73.00000000678028
20,75.99999999917154
