Run,Cost
1,67.99999999976792
2,56.00000001392022
3,66.9999999923811
4,67.00000001487138
5,61.000000010721976
6,67.00000000964211
7,70.00000000035354
8,68.00000000874603
9,65.99999999748657
10,60.00000000029248
11,66.00000000317578
12,68.00000000677875
13,67.00000001516241
14,62.99999999681074
15,65.00000000994537
16,68.00000001186616
17,60.000000012645195
18,59.0000000089982
19,65.99999999705473
20,69.99999999767148
