Run,Cost
1,52.00000000989506
2,51.00000001032378
3,54.00000000411549
4,42.000000007078675
5,51.000000010636576
6,54.000000006514306
7,52.00000000437751
8,50.00000001186217
9,52.00000000852096
10,55.00000000906033
11,47.00000000702959
12,54.00000000458958
13,49.00000001450161
14,47.00000000551361
15,49.00000001400153
16,52.00000000332145
17,51.00000000093832
18,45.00000000607333
19,53.000000003981114
20,53.000000010040424
