Run,Cost
1,75.99999999534224
2,77.99999999574784
3,78.00000000007897
4,78.00000000020529
5,77.99999999686106
6,72.99999999634915
7,77.99999999669305
8,70.00000000367892
9,75.99999999635762
10,78.00000000424555
11,77.99999999814129
12,71.99999999682349
13,73.00000001245404
14,75.00000000264943
15,71.00000000379796
16,77.99999999705656
17,77.00000000463689
18,78.00000000182571
19,66.00000000498073
20,77.99999999060938
