Run,Cost
1,70.00000000399511
2,61.00000000480387
3,68.00000000291502
4,65.00000000850726
5,65.00000000519476
6,69.00000001063799
7,70.00000000792292
8,64.99999999733846
9,70.00000000044882
10,69.99999999870522
11,65.99999999773361
12,62.00000000046895
13,63.99999999959586
14,70.00000000295074
15,65.00000001576163
16,60.00000000398261
17,68.00000000177265
18,66.00000000193731
19,66.00000000604301
20,68.00000001242127
