Run,Cost
1,59.00000000778279
2,58.00000000496135
3,57.999999998045624
4,60.00000001237562
5,59.99999999878319
6,59.000000005772826
7,60.00000000236262
8,58.000000008698045
9,58.00000001456665
10,55.00000000477612
11,57.00000000897913
12,46.00000001268225
13,53.00000000897064
14,59.000000010108856
15,60.00000000877964
16,55.00000000844373
17,56.0000000111696
18,56.00000000878574
19,58.00000000955422
20,60.00000000901146
