Run,Cost
1,67.00000001119096
2,64.00000000885207
3,66.00000000612334
4,68.00000000371922
5,62.00000001432313
6,66.00000001442551
7,67.0000000117062
8,63.00000001204962
9,66.00000001519767
10,70.0000000070591
11,67.00000000807813
12,63.00000001128591
13,63.000000010957926
14,64.00000001477487
15,58.00000000779155
16,65.00000000680426
17,66.00000000083253
18,59.000000014463005
19,64.00000001203692
20,67.00000000610385
