Run,Cost
1,97.00000000253179
2,97.00000000590293
3,93.99999999811087
4,96.00000001872756
5,95.0000000099177
6,97.00000000019818
7,94.00000000785694
8,95.99999999596866
9,95.99999999879924
10,92.99999998917865
11,96.000000004065
12,95.00000000204398
13,93.99999999615592
14,97.00000000488397
15,98.00000001076234
16,94.99999999388382
17,95.00000000603316
18,93.00000000590278
19,93.99999998940832
20,98.0000000020868
