Run,Cost
1,64.0000000083663
2,64.00000001490051
3,66.00000000741544
4,62.00000000435382
5,67.0000000128796
6,63.000000011998964
7,66.00000000921614
8,63.0000000005948
9,66.99999999251587
10,63.00000001834494
11,60.000000005986855
12,60.000000006434846
13,66.99999999905198
14,66.00000000967931
15,65.00000000960871
16,66.00000000122202
17,65.00000001036243
18,65.00000000397976
19,66.00000000794414
20,62.0000000084603
