Run,Cost
1,101.00000002121656
2,110.0000000251864
3,125.00000002508337
4,105.0000000305266
5,109.00000002233712
6,126.00000001442841
7,114.00000001936478
8,127.00000002705762
9,109.00000003352083
10,121.00000001445231
11,117.00000001636646
12,113.00000002751952
13,114.00000003011937
14,97.00000002187778
15,102.00000001655314
16,116.0000000193606
17,113.00000001864488
18,101.00000001828712
19,116.00000002652793
20,95.00000002416179
