Run,Cost
1,121.00000000909927
2,98.00000002045483
3,103.00000000795661
4,110.00000002133004
5,99.00000001621886
6,111.00000001213975
7,107.00000001872579
8,103.0000000136761
9,120.00000000060717
10,99.99999999834219
11,116.0000000042627
12,96.00000001405765
13,110.0000000139928
14,102.00000001798173
15,107.00000001134569
16,119.00000002711245
17,110.00000002431739
18,103.00000000659904
19,92.0000000176597
20,104.00000000833305
