Run,Cost
1,133.0000000113095
2,133.00000000740374
3,140.00000000499477
4,101.00000001504112
5,97.00000000182153
6,138.0000000095488
7,138.0000000175576
8,145.00000001532564
9,142.00000001664054
10,115.99999999723215
11,155.000000010014
12,103.00000000136944
13,127.00000001456239
14,132.00000000573496
15,141.00000001103103
16,93.00000001183031
17,95.00000001250143
18,137.99999999972604
19,97.0000000204352
20,135.99999999431614
