Run,Cost
1,96.00000000031787
2,100.99999999798298
3,100.99999999843517
4,99.00000000748136
5,97.99999999260145
6,101.0000000012653
7,97.99999999279511
8,99.99999999374982
9,101.9999999996653
10,96.99999999753187
11,102.00000000072953
12,97.00000000457301
13,101.0000000018551
14,101.99999999904857
15,101.99999999660625
16,100.00000000416063
17,98.00000001225162
18,101.99999999166853
19,100.99999999837272
20,98.00000001182545
