Run,Cost
1,115.00000000420809
2,114.99999999578732
3,115.00000000134395
4,115.00000000114255
5,115.00000001353236
6,115.00000000155242
7,114.9999999980314
8,114.9999999955102
9,115.00000000236089
10,115.00000001270627
11,115.00000001006177
12,115.00000000349044
13,115.00000001778085
14,115.00000000677153
15,115.00000000083338
16,115.00000000891137
17,115.00000001354131
18,114.99999999502064
19,115.0000000053096
20,115.00000000653576
