Run,Cost
1,40.00000001431025
2,39.0000000114254
3,44.0000000115634
4,38.00000001165475
5,39.0000000057645
6,39.00000001273941
7,40.00000001199199
8,41.000000015697125
9,37.00000000875953
10,40.00000000840071
11,37.000000013654805
12,38.000000010315034
13,39.000000009785474
14,39.00000001114806
15,40.000000014695914
16,39.00000001128903
17,40.00000001101834
18,42.000000014595244
19,42.00000000867836
20,40.0000000155316
