Run,Cost
1,6931.763927846673
2,6931.262825634129
3,6931.987984475014
4,6931.7639279087125
5,6932.489086746964
6,6932.489086740826
7,6931.262825640232
8,6931.7639279049035
9,6931.262825609363
10,6931.262825627542
11,6931.9879844870975
12,6931.9879845137775
13,6931.262825583539
14,6931.262825643759
15,6931.987984503576
16,6931.262825671349
17,6931.763927865424
18,6931.262825575085
19,6931.763927849146
20,6931.763927768325
