Run,Cost
1,3140.081374127494
2,3140.081374113632
3,3140.0813741833904
4,3140.081374175576
5,3140.081374144942
6,3140.0813741386846
7,3140.0813741582765
8,3140.081374132141
9,3140.0813741601846
10,3140.081374102384
11,3140.081374158314
12,3140.081374134697
13,3140.081374178462
14,3140.081374179422
15,3140.081374164646
16,3140.081374164101
17,3140.0813742061155
18,3140.0813741433844
19,3140.081374180712
20,3140.0813741682587
