Run,Cost
1,6927.654992317481
2,6927.465120343975
3,6927.133908730788
4,6927.13390885792
5,6927.986203820842
6,6927.986203837149
7,6927.465120353916
8,6927.986203822321
9,6927.986203863648
10,6927.133908803131
11,6927.465120268458
12,6927.465120278005
13,6927.986203839635
14,6927.654992285735
15,6927.465120285779
16,6927.465120378095
17,6927.986203764546
18,6927.133908831907
19,6927.986203810275
20,6927.654992289626
