Run,Cost
1,3147.515075244949
2,3147.5150752699146
3,3147.5150752471864
4,3147.515075211277
5,3147.515075233401
6,3147.5150752656255
7,3147.5150752177983
8,3147.515075268775
9,3147.5150752060326
10,3147.5150752281024
11,3147.5150752453405
12,3147.5150752213835
13,3147.515075284509
14,3147.515075215354
15,3147.515075242419
16,3147.5150752014215
17,3147.5150752747577
18,3147.515075273569
19,3147.51507526103
20,3147.515075231207
