Run,Cost
1,2532.2081875905287
2,2532.2081875572226
3,2532.2081875718063
4,2532.208187549817
5,2532.208187575587
6,2532.2081875642934
7,2532.208187588891
8,2532.2081875797685
9,2532.20818758216
10,2532.208187587046
11,2532.2081875430263
12,2532.208187590803
13,2532.2081875523872
14,2532.208187567223
15,2532.2081875539475
16,2532.208187552466
17,2532.208187552978
18,2532.2081876111806
19,2532.2081875972926
20,2532.2081875821873
