Run,Cost
1,2526.2546165573135
2,2526.254616520188
3,2526.25461652969
4,2526.2546164796995
5,2526.254616499241
6,2526.2546165768167
7,2526.2546165194944
8,2526.2546165046388
9,2526.254616587852
10,2526.2546165242898
11,2526.2546165629724
12,2526.254616511516
13,2526.254616509716
14,2526.2546165091167
15,2526.254616551354
16,2526.254616538052
17,2526.2546165137833
18,2526.2546165299377
19,2526.2546165113404
20,2526.254616510915
