Run,Cost
1,4996.192053048071
2,4996.137996850682
3,4996.137996859312
4,4996.192053088934
5,4996.192053084363
6,4996.137996858675
7,4996.192053034644
8,4996.137996900327
9,4996.19205309343
10,4996.1920530952575
11,4996.1379968282135
12,4996.1920531513715
13,4996.192053113919
14,4996.192053068495
15,4996.137996895733
16,4996.192053163969
17,4996.192053117073
18,4996.137996832649
19,4996.137996857903
20,4996.137996814475
