Run,Cost
1,5012.984788196495
2,5012.984788217763
3,5012.984788269273
4,5012.984788237309
5,5012.984788207874
6,5012.984788246245
7,5012.984788262772
8,5012.984788276946
9,5012.984788295415
10,5012.984788278374
11,5012.9847882019385
12,5012.984788260018
13,5012.984788257561
14,5012.9847882331105
15,5012.984788227236
16,5012.984788223415
17,5012.984788296619
18,5012.98478831232
19,5012.984788221888
20,5012.984788261576
