Run,Cost
1,6823.809053745998
2,6823.809053714972
3,6823.809053759924
4,6823.809053690028
5,6822.955236656141
6,6822.955236657563
7,6823.809053787562
8,6822.95523665199
9,6822.955236668379
10,6822.955236712939
11,6823.809053718232
12,6823.809053723403
13,6823.809053743343
14,6822.955236610399
15,6822.955236653483
16,6822.95523663627
17,6823.809053729642
18,6823.809053731718
19,6823.809053782099
20,6823.809053727302
