Run,Cost
1,6804.195789917438
2,6804.195789918477
3,6804.195789953492
4,6804.195789888839
5,6804.19578989577
6,6804.195789909778
7,6804.195789879929
8,6804.195789903864
9,6799.925753186412
10,6804.1957899137315
11,6804.19578987391
12,6804.195789932427
13,6799.925753114542
14,6804.195789872477
15,6804.195789867181
16,6804.604316212091
17,6799.925753117518
18,6804.195789883768
19,6799.925753227867
20,6804.195789872347
