Run,Cost
1,2395.0081773937436
2,2395.0081774419086
3,2395.008177398212
4,2395.0081773713214
5,2395.008177409175
6,2395.0081773981733
7,2395.0081773891625
8,2395.0081773995157
9,2395.008177420889
10,2395.008177386685
11,2395.008177386292
12,2395.008177393157
13,2395.0081773880597
14,2395.0081773815277
15,2395.0081773995807
16,2395.0081773939905
17,2395.0081774013724
18,2395.0081773898078
19,2395.0081774118757
20,2395.0081774116575
