Run,Cost
1,2398.5889961743733
2,2398.5889961988028
3,2398.588996226994
4,2398.5889961700063
5,2398.588996218102
6,2398.588996203409
7,2398.5889961896023
8,2398.588996174609
9,2398.5889962137794
10,2398.5889961850958
11,2398.588996188324
12,2398.5889962192255
13,2398.5889961973226
14,2398.5889961596245
15,2398.5889962076917
16,2398.588996199451
17,2398.5889962117017
18,2398.588996153956
19,2398.5889961968005
20,2398.588996199951
