Run,Cost
1,4972.445235296186
2,4972.445235329192
3,4972.44523528153
4,4972.445235268
5,4972.4452352778235
6,4972.445235280698
7,4972.445235360158
8,4972.44523528435
9,4972.445235282494
10,4972.445235312695
11,4972.445235346374
12,4972.445235302709
13,4972.445235284394
14,4972.4452352815615
15,4972.445235250656
16,4972.445235267453
17,4972.445235308975
18,4972.445235291758
19,4972.44523530125
20,4972.445235310476
