Run,Cost
1,9472.392580809403
2,9472.064353213349
3,9472.064353077409
4,9473.303138917823
5,9472.064353113035
6,9471.153794980472
7,9471.153795028935
8,9472.39258073662
9,9471.153795034943
10,9471.153794968797
11,9472.392580768286
12,9472.064353155616
13,9472.064353009115
14,9472.392580708769
15,9473.303138863052
16,9472.392580752425
17,9471.153794950988
18,9472.392580814396
19,9473.303138935067
20,9471.153794998492
