Run,Cost
1,9414.276314794755
2,9412.267013704623
3,9412.910806932492
4,9413.928498450492
5,9415.28603898557
6,9413.28470518193
7,9415.286038935912
8,9415.29400628758
9,9414.276314755098
10,9415.294006256609
11,9415.921864852573
12,9413.920531208283
13,9415.92186488022
14,9413.284705198063
15,9415.921864864446
16,9412.267013685867
17,9414.912140700659
18,9413.928498474765
19,9414.912140645647
20,9415.286038903358
