Run,Cost
1,6283.70403733382
2,6283.704037396522
3,6283.704037307826
4,6283.704037325963
5,6283.704037331282
6,6283.704037270842
7,6283.7040373559985
8,6283.70403734504
9,6283.70403740451
10,6283.70403736917
11,6283.704037342828
12,6283.704037361393
13,6283.704037272122
14,6283.704037370282
15,6283.704037338087
16,6283.704037387704
17,6283.7040373661275
18,6283.704037314846
19,6283.704037356532
20,6283.704037336377
