Run,Cost
1,6263.530189412119
2,6263.530189389648
3,6262.929356892383
4,6262.929356835279
5,6259.8795368154515
6,6259.879536817626
7,6262.929356841277
8,6259.879536795695
9,6263.530189407154
10,6263.530189441318
11,6262.92935682846
12,6263.530189460607
13,6263.530189441169
14,6259.278704228081
15,6262.929356819308
16,6259.879536826219
17,6259.879536837961
18,6263.53018943749
19,6263.530189425486
20,6263.530189402939
