Run,Cost
1,4476.379968661463
2,4475.631426131593
3,4475.631426091485
4,4476.379968772964
5,4475.631426110454
6,4476.379968714579
7,4476.379968766495
8,4475.631426113994
9,4476.379968734263
10,4476.379968724092
11,4476.37996879076
12,4475.631426143007
13,4476.379968720542
14,4476.37996879533
15,4475.631426139644
16,4476.379968746229
17,4475.631426153567
18,4476.379968716948
19,4475.631426187298
20,4476.379968737779
