Run,Cost
1,4507.056574639827
2,4510.430472643257
3,4509.175563176415
4,4510.4304726661785
5,4510.430472607007
6,4507.056574627803
7,4507.05657463314
8,4505.801665067291
9,4509.175563162149
10,4509.175563144962
11,4507.056574647061
12,4510.430472659099
13,4505.801665115623
14,4505.801665090652
15,4505.801665122518
16,4507.056574654414
17,4510.430472624022
18,4509.175563185255
19,4509.1755632131835
20,4510.430472705374
