Run,Cost
1,3254.0258220873156
2,3254.0258220640208
3,3253.8241081136484
4,3254.0258220594505
5,3253.8241081279757
6,3253.824108117555
7,3253.824108142974
8,3253.8241081225638
9,3254.025822078535
10,3253.8241081052774
11,3254.0258220536875
12,3253.8241080777298
13,3254.0258220922537
14,3254.025822090696
15,3254.0258220832648
16,3254.0258220140176
17,3253.8241080875455
18,3253.824108080616
19,3254.025822031188
20,3253.8241081071183
