Run,Cost
1,3273.0600899545148
2,3272.342286542749
3,3271.8048151097078
4,3273.060089990684
5,3272.522618465324
6,3273.060089968653
7,3273.060089995278
8,3272.3422865534985
9,3273.0600899820806
10,3271.8048150203026
11,3271.804815081543
12,3272.3422865466187
13,3271.8048150610825
14,3272.5226185032175
15,3272.522618411396
16,3271.8048150257478
17,3271.804815072746
18,3273.0600899402675
19,3273.060089986507
20,3271.8048150497207
