Run,Cost
1,5209.373219061534
2,5209.373219149317
3,5209.373219105492
4,5209.373219126032
5,5209.373219112991
6,5209.3732190763785
7,5209.3732190726905
8,5209.373219041807
9,5209.37321908375
10,5209.373219133902
11,5209.373219009317
12,5209.373219112385
13,5209.373219099242
14,5209.373219089175
15,5209.373219061559
16,5209.3732190711835
17,5209.373219101385
18,5209.373219093848
19,5209.3732191219815
20,5209.3732190811015
