Run,Cost
1,6140.488116812697
2,6140.488116810981
3,6140.488116825288
4,6140.488116815033
5,6140.488116838455
6,6140.4881168083175
7,6140.488116856042
8,6140.488116806701
9,6140.488116821937
10,6140.488116869561
11,6140.488116810501
12,6140.488116910648
13,6140.488116849068
14,6140.488116806389
15,6140.488116863392
16,6140.488116798294
17,6140.488116900162
18,6140.488116866509
19,6140.488116830942
20,6140.48811684023
