Run,Cost
1,6111.349837653042
2,6112.40842451561
3,6117.252217469145
4,6117.252217486339
5,6113.751176550964
6,6112.408424600469
7,6117.252217506547
8,6109.798987615446
9,6111.349837621123
10,6112.408424569911
11,6114.642780581158
12,6113.959274551631
13,6111.349837596265
14,6105.1117449816265
15,6113.091930562425
16,6108.404687949615
17,6112.564974891351
18,6113.09193054161
19,6111.141739537222
20,6117.252217499498
