Run,Cost
1,2400.1984606274773
2,2400.19846065472
3,2399.6723936831686
4,2400.1984606103133
5,2400.198460651983
6,2399.672393662156
7,2399.672393706549
8,2400.198460601608
9,2400.1984606305778
10,2399.672393673618
11,2400.1984606636856
12,2400.198460591351
13,2400.1984606261854
14,2399.6723936798867
15,2399.6723937016936
16,2400.198460581623
17,2399.6723936937083
18,2400.1984606095257
19,2400.1984606186456
20,2399.6723937194693
