Run,Cost
1,2390.3337144971133
2,2390.333714490381
3,2390.333714513423
4,2390.3337145152786
5,2390.3337145338305
6,2390.3337145371297
7,2390.3337144998754
8,2390.3337145059745
9,2390.3337145161736
10,2390.333714499894
11,2390.3337144445127
12,2390.3337145269907
13,2390.333714495387
14,2390.3337144752404
15,2390.3337145196515
16,2390.3337145212085
17,2390.333714471267
18,2390.3337145126497
19,2390.3337145090954
20,2390.333714504966
