Run,Cost
1,7310.183397962869
2,7310.382714908668
3,7314.386855800856
4,7313.436499481661
5,7315.204097369796
6,7316.024080857788
7,7313.053939227128
8,7316.042416878152
9,7315.204097397183
10,7311.199061158942
11,7313.349219261253
12,7313.253256181583
13,7314.169202748519
14,7313.149902363352
15,7315.204097451487
16,7315.204097388125
17,7313.63581636273
18,7311.199061111815
19,7309.363414467993
20,7311.199061137173
