Run,Cost
1,7340.927565996601
2,7340.9275660551075
3,7340.927566034959
4,7340.927566039209
5,7340.927566054877
6,7344.602631430204
7,7344.602631388284
8,7340.927566062595
9,7340.927566008655
10,7340.927566019465
11,7340.927566090218
12,7340.927566023072
13,7344.602631466925
14,7340.927566036088
15,7344.602631413827
16,7340.927566034919
17,7344.602631418743
18,7340.92756606882
19,7340.927566011178
20,7344.602631450164
