Run,Cost
1,6176.7350605032025
2,6170.804919829606
3,6173.1490365688705
4,6173.149036548088
5,6174.980944092273
6,6174.903152853962
7,6174.980944058551
8,6168.973012305295
9,6168.973012282169
10,6176.735060447839
11,6174.980944091442
12,6174.9809440735
13,6176.735060411118
14,6176.735060468371
15,6174.903153003624
16,6174.9031529322565
17,6173.149036540099
18,6174.77450100698
19,6174.774501003659
20,6173.020384641639
