Run,Cost
1,6219.085941553719
2,6219.0859414582
3,6219.085941569849
4,6219.085941571284
5,6219.08594161606
6,6219.085941551594
7,6219.085941585384
8,6219.085941548828
9,6219.08594157328
10,6219.085941596261
11,6219.085941551382
12,6219.085941526623
13,6219.08594158881
14,6219.085941550361
15,6219.08594158045
16,6219.0859416051735
17,6219.085941578804
18,6219.085941537561
19,6219.085941501527
20,6219.0859415475325
