Run,Cost
1,2047.6980294154087
2,2047.69802943615
3,2047.6980294195796
4,2047.6980293864399
5,2047.6980294317725
6,2047.6980294204775
7,2047.6980294178031
8,2047.6980294357006
9,2047.698029420001
10,2047.6980294026491
11,2047.6980294130128
12,2047.6980294355606
13,2047.6980294106672
14,2047.6980293901765
15,2047.6980293861684
16,2047.6980294050086
17,2047.6980294196985
18,2047.6980294234645
19,2047.6980294180028
20,2047.6980294387033
