Run,Cost
1,2045.7127430789117
2,2049.2999949852647
3,2049.299994959603
4,2049.2999950000954
5,2049.299994966659
6,2049.29999495218
7,2045.712743110888
8,2045.7127430946614
9,2049.2999949732903
10,2049.2999949616737
11,2049.299994932909
12,2045.712743097914
13,2045.7127431039055
14,2049.299994981386
15,2045.7127431200995
16,2045.7127431050924
17,2049.299994991858
18,2045.7127430886112
19,2045.71274310967
20,2049.2999949774053
