Run,Cost
1,1881.7673270253517
2,1879.0494172637764
3,1881.76732707686
4,1881.3231401296428
5,1881.3231401276694
6,1879.0494172866272
7,1881.323140140874
8,1879.4936041778951
9,1881.7673270654764
10,1879.493604197646
11,1879.0494172716806
12,1881.7673270711603
13,1879.4936041926253
14,1881.7673270722473
15,1881.7673270169041
16,1881.3231400824957
17,1881.3231401236244
18,1881.767327068004
19,1881.3231401077135
20,1881.7673270552234
