Run,Cost
1,1888.7756091501428
2,1888.7756091581773
3,1888.7756091103001
4,1888.7756091322076
5,1888.7756091514777
6,1888.7756091041217
7,1888.7756091444285
8,1888.7756091113506
9,1888.7756091691458
10,1888.7756091634476
11,1888.7756091400256
12,1888.7756091285887
13,1888.775609162239
14,1888.775609133476
15,1888.7756091145245
16,1888.7756091420117
17,1888.7756091311226
18,1888.7756091273352
19,1888.775609116321
20,1888.7756091423225
