Run,Cost
1,4829.055368617198
2,4829.055368662887
3,4829.055368605244
4,4829.055368616101
5,4829.055368689772
6,4829.055368651483
7,4829.055368647751
8,4829.0553686189005
9,4829.055368642459
10,4829.055368630432
11,4829.055368588683
12,4829.055368638673
13,4829.0553685775985
14,4829.055368596462
15,4829.055368652303
16,4829.055368652902
17,4829.055368652827
18,4829.055368623751
19,4829.055368651734
20,4829.055368581909
