Run,Cost
1,4829.902021249702
2,4829.902021346583
3,4829.902021225794
4,4829.902021292202
5,4829.902021245659
6,4829.902021275782
7,4829.90202125384
8,4829.902021261439
9,4829.902021257901
10,4829.902021282376
11,4829.902021311617
12,4829.902021299359
13,4829.902021256511
14,4829.902021284074
15,4829.902021279562
16,4829.902021244392
17,4829.902021262767
18,4829.902021318291
19,4829.9020213543545
20,4829.902021304625
