Run,Cost
1,3676.376662299568
2,3676.4598331290176
3,3676.3766623166757
4,3676.3766623497563
5,3676.3766623177457
6,3676.4598331940556
7,3676.376662341845
8,3676.3766623009956
9,3676.3766623586816
10,3676.376662346355
11,3676.3766622699227
12,3676.45983311813
13,3676.459833143352
14,3676.3766623297715
15,3676.376662271431
16,3676.3766623662946
17,3676.4598331659386
18,3676.3766623155047
19,3676.4598331913703
20,3676.459833224877
