Run,Cost
1,3673.537855156888
2,3673.537855171348
3,3673.5378551653757
4,3673.5378551396107
5,3673.537855128065
6,3673.53785516302
7,3673.537855079015
8,3671.611641556848
9,3671.611641578132
10,3671.61164162625
11,3673.53785512172
12,3673.53785510955
13,3671.6116415828583
14,3671.6116415205415
15,3673.53785514593
16,3673.537855147914
17,3673.5378551468325
18,3673.537855136917
19,3673.537855129816
20,3673.5378551342087
