Run,Cost
1,6245.495077896059
2,6246.415115090473
3,6245.495077957814
4,6246.41511499257
5,6246.415114980986
6,6245.495077979285
7,6245.495077953584
8,6245.49507797481
9,6245.495077973935
10,6246.415114996801
11,6246.415115024659
12,6246.415114967324
13,6245.495078076152
14,6245.495077984431
15,6245.495078030749
16,6246.415114994777
17,6245.495078067012
18,6246.415115019484
19,6245.495077980935
20,6246.415115014609
