Run,Cost
1,6263.014786949488
2,6262.736213824935
3,6262.588092825156
4,6263.138115007295
5,6263.138115115923
6,6262.17483045007
7,6262.7570890937095
8,6263.307111273308
9,6262.757089100888
10,6262.757089070878
11,6262.195705675198
12,6262.724852762986
13,6263.03566204166
14,6262.576731687766
15,6262.633760858741
16,6262.745727916972
17,6262.343826685751
18,6263.286236009335
19,6262.343826717293
20,6263.307111257828
