Run,Cost
1,6507.6946937657
2,6507.694693903531
3,6508.251578266432
4,6507.694693837206
5,6508.251578285214
6,6507.694693850462
7,6508.251578297112
8,6507.694693876566
9,6508.251578316179
10,6507.694693860179
11,6508.2515783317795
12,6507.694693785384
13,6507.69469380808
14,6507.694693854165
15,6508.251578263335
16,6507.694693806158
17,6507.694693849811
18,6508.251578285986
19,6508.251578268942
20,6508.25157831793
