Run,Cost
1,6469.063715021918
2,6468.819327820017
3,6468.3202543217185
4,6468.917333860931
5,6468.320254311459
6,6468.67294668228
7,6468.917333918913
8,6468.917333865207
9,6467.929485840715
10,6468.173873069177
11,6468.173873093152
12,6468.672946656696
13,6468.3202542191075
14,6469.063715125802
15,6468.6729466390625
16,6468.917333970338
17,6468.320254278084
18,6468.320254282716
19,6468.917333937694
20,6467.929485884079
