Run,Cost
1,7467.46525231823
2,7467.465252328192
3,7467.0835433492775
4,7467.4652523324885
5,7465.976166888594
6,7465.976166892096
7,7465.976166867864
8,7467.465252368366
9,7468.572628848304
10,7468.572628777903
11,7467.083543379217
12,7468.572628734146
13,7468.572628815039
14,7467.465252399927
15,7468.572628750051
16,7465.976166922686
17,7467.083543343774
18,7465.976166883588
19,7468.572628768507
20,7467.083543316991
