Run,Cost
1,7451.7667928615
2,7453.10649605662
3,7442.136134460068
4,7447.44696297063
5,7442.136134460857
6,7447.44696297667
7,7459.616027543429
8,7447.44696293171
9,7457.07762138424
10,7456.04303549968
11,7442.1361344867855
12,7443.475837609531
13,7446.412377017502
14,7454.3051989691585
15,7459.6160275552775
16,7453.106496110891
17,7446.412377139818
18,7453.106496084568
19,7446.412377082772
20,7442.136134490495
