Run,Cost
1,3994.220670474912
2,3995.3392162042887
3,3995.569907801755
4,3995.5699077930385
5,3994.2206704857626
6,3995.5699078659272
7,3994.220670458065
8,3996.688453458723
9,3995.56990782134
10,3995.3392161925394
11,3995.5699078270995
12,3995.569907850316
13,3996.6884534706865
14,3995.5699078418183
15,3995.569907797076
16,3995.339216175883
17,3994.220670542061
18,3994.2206704894293
19,3995.339216168956
20,3995.569907839829
