Run,Cost
1,3985.0079652489535
2,3990.056798292045
3,3987.0420106594215
4,3990.0567983439296
5,3987.0420106155925
6,3985.0079652433615
7,3990.0567983368824
8,3990.0567983237634
9,3987.0420106475917
10,3985.0079653292646
11,3990.056798300315
12,3987.04201062712
13,3985.007965269704
14,3987.0420105881262
15,3981.993177593555
16,3990.0567983400474
17,3981.9931776289022
18,3985.0079653174544
19,3985.0079652499458
20,3985.0079653166695
