Run,Cost
1,4507.89769805292
2,4507.897698058558
3,4507.897698069165
4,4507.897698046488
5,4509.428255595721
6,4507.897698077659
7,4507.897698109141
8,4509.428255593591
9,4509.428255567332
10,4507.897698064858
11,4507.897698017577
12,4509.4282555748805
13,4509.428255554643
14,4507.8976980952675
15,4507.897698060531
16,4509.428255541666
17,4507.8976979694335
18,4509.428255596499
19,4507.897698029746
20,4509.428255546064
