Run,Cost
1,4498.261649153451
2,4498.2616491895205
3,4498.261649195923
4,4498.261649176932
5,4498.261649115551
6,4498.261649205365
7,4498.26164913994
8,4498.2616491969275
9,4498.261649222242
10,4498.261649205688
11,4498.261649164946
12,4498.261649249464
13,4498.261649235308
14,4498.261649181496
15,4498.26164920737
16,4498.261649171805
17,4498.261649197065
18,4498.261649216805
19,4498.26164922173
20,4498.261649209724
