Run,Cost
1,3416.559373739714
2,3416.5593737170966
3,3416.55937375152
4,3416.5593737344766
5,3416.559373769516
6,3416.5593737734175
7,3416.559373771272
8,3416.559373739501
9,3416.5593737201493
10,3416.559373746211
11,3416.5593737696945
12,3416.5593737929476
13,3416.5593737723675
14,3416.559373766733
15,3416.5593737255094
16,3416.559373757141
17,3416.5593737707186
18,3416.559373729873
19,3416.559373768505
20,3416.559373755119
