Run,Cost
1,3417.389482015324
2,3417.3894820318233
3,3417.389482011415
4,3417.3894820441656
5,3417.389482026373
6,3417.3894820254027
7,3417.3894819824563
8,3417.3894820048854
9,3417.3894820926175
10,3417.389482000338
11,3417.3894820195324
12,3417.3894820061746
13,3417.3894820510095
14,3417.3894820555483
15,3417.389482004121
16,3417.3894820228998
17,3417.3894820112364
18,3417.389482024291
19,3417.389481973271
20,3417.389482009555
