Run,Cost
1,4272.05728039738
2,4272.057280454005
3,4272.057280440412
4,4272.0572804417325
5,4272.057280449058
6,4272.057280412668
7,4268.73681071087
8,4268.736810702409
9,4268.736810699012
10,4272.0572804020385
11,4272.057280407846
12,4268.736810654207
13,4272.05728037796
14,4268.736810658708
15,4268.7368107154925
16,4268.736810696335
17,4268.736810637936
18,4268.7368106793165
19,4272.05728043561
20,4268.736810698187
