Run,Cost
1,4275.876953541838
2,4275.876953518693
3,4275.876953590179
4,4275.876953560404
5,4275.876953579484
6,4276.235623807684
7,4276.235623732088
8,4275.876953519709
9,4276.2356237403865
10,4275.876953532963
11,4276.235623761368
12,4275.876953592037
13,4275.876953545867
14,4276.235623760429
15,4276.23562375826
16,4276.235623717628
17,4275.876953562443
18,4276.235623731787
19,4276.235623771092
20,4275.876953537111
