Run,Cost
1,4033.974410353697
2,4033.922794439489
3,4033.974410400893
4,4033.9744104248803
5,4033.92279444792
6,4033.922794441406
7,4033.974410430823
8,4033.9227944452
9,4033.9744104554084
10,4033.974410407714
11,4033.9744103868097
12,4033.974410406918
13,4033.974410410982
14,4033.9227944165627
15,4033.9227944546697
16,4033.922794422185
17,4033.9227944100676
18,4033.974410401482
19,4033.974410386269
20,4033.9744103840544
