Run,Cost
1,4010.147986044147
2,4010.6342034870513
3,4010.7945567745273
4,4010.7945568248297
5,4010.794556822373
6,4010.1479860304685
7,4010.79455686445
8,4009.1845603427264
9,4010.634203478172
10,4010.6342034837794
11,4010.7945568490727
12,4009.184560338435
13,4010.6342034881727
14,4010.6342034909153
15,4010.634203469225
16,4010.147985994476
17,4009.1845602766607
18,4010.6342034682716
19,4010.634203469802
20,4009.1845603299785
