Run,Cost
1,1898.0532118605995
2,1898.053211838006
3,1898.053211822658
4,1898.0532118632857
5,1898.0532118518422
6,1898.0532118210408
7,1898.0532118792814
8,1898.053211796494
9,1898.0532118441765
10,1898.0532118472404
11,1898.0532118584579
12,1898.0532118010046
13,1898.0532118147655
14,1898.0532118533401
15,1898.0532118764615
16,1898.053211832985
17,1898.0532118577073
18,1898.0532118746426
19,1898.0532118397555
20,1898.053211847201
