Run,Cost
1,9955.096754784383
2,9954.66616241083
3,9955.695655661042
4,9953.82486757868
5,9953.824867561807
6,9953.824867667381
7,9953.824867669435
8,9955.695655607038
9,9955.695655563371
10,9953.511840738476
11,9954.06726162977
12,9953.511840734425
13,9954.380288518845
14,9954.067261606477
15,9954.067261541766
16,9954.541333931622
17,9955.096754811406
18,9955.096754843742
19,9954.380288504153
20,9955.096754917447
