Run,Cost
1,1894.8862466839896
2,1894.886246698067
3,1894.8862467129259
4,1894.8862466364537
5,1894.88624673201
6,1894.886246692116
7,1894.8862466977675
8,1894.8862466801263
9,1894.886246656428
10,1894.88624667906
11,1894.8862467029905
12,1894.8862466681687
13,1894.8862466887172
14,1894.8862466882963
15,1894.8862466828275
16,1894.8862467017445
17,1894.886246670535
18,1894.8862466786784
19,1894.886246696734
20,1894.886246703902
