Run,Cost
1,9980.030973615754
2,9980.030973531899
3,9980.030973489122
4,9980.030973560639
5,9980.030973491665
6,9980.030973588977
7,9980.030973541612
8,9979.852776917662
9,9979.852777120588
10,9979.852777021051
11,9979.852777049025
12,9980.030973465253
13,9980.03097352452
14,9980.030973531535
15,9979.852776978001
16,9980.030973537478
17,9980.030973508994
18,9979.85277699125
19,9979.852776932943
20,9980.030973603067
