Run,Cost
1,5064.78010804293
2,5064.780108032793
3,5064.780108010272
4,5064.7801079536575
5,5064.780108052964
6,5064.780107987603
7,5064.780108007586
8,5064.780108061458
9,5064.780108049787
10,5064.780108009946
11,5064.780108014602
12,5064.780107996142
13,5064.780108034428
14,5064.780108002146
15,5064.7801080439285
16,5064.780108075776
17,5064.780108041563
18,5064.780107998635
19,5064.780108031073
20,5064.7801080016625
