Run,Cost
1,5028.193650947185
2,5028.19365089958
3,5028.193650901429
4,5028.193650888032
5,5028.193650944398
6,5024.6691343403045
7,5028.193650883249
8,5028.193650912706
9,5028.193650942759
10,5030.682928026413
11,5028.193650885742
12,5028.193650940481
13,5028.1936509306
14,5028.193650912197
15,5024.669134336636
16,5030.682928066931
17,5030.682928079482
18,5028.193650945557
19,5028.193650892772
20,5030.682928066147
