Run,Cost
1,10928.275995646962
2,10932.16943170788
3,10930.062334295591
4,10932.840178689587
5,10933.378213697813
6,10933.378213736869
7,10929.524299174846
8,10930.101855996498
9,10932.840178769178
10,10930.639891012714
11,10930.639890991186
12,10930.062334231252
13,10933.955770469087
14,10930.062334240112
15,10933.378213714514
16,10930.639890956167
17,10933.378213705688
18,10929.52429933753
19,10930.062334240914
20,10933.41773537371
