Run,Cost
1,7359.84494067135
2,7361.888672528359
3,7362.695510070319
4,7361.888672436049
5,7361.888672425036
6,7362.695510001979
7,7364.7392418264435
8,7364.739241815908
9,7359.844940661596
10,7364.739241787419
11,7361.888672489826
12,7359.8449407328935
13,7359.844940661052
14,7359.844940613773
15,7361.888672479394
16,7361.8886724644035
17,7361.888672437144
18,7364.739241824386
19,7359.844940640089
20,7361.88867240899
