Run,Cost
1,10973.980065608357
2,10973.980065520584
3,10973.980065549404
4,10974.957994960661
5,10973.980065569345
6,10974.957994879373
7,10973.980065546992
8,10973.980065499672
9,10973.980065494514
10,10973.980065482301
11,10974.957994981856
12,10973.980065590353
13,10973.980065477517
14,10973.980065563232
15,10973.980065500416
16,10973.980065578824
17,10973.980065616921
18,10973.980065530663
19,10973.980065579564
20,10973.98006552785
