Run,Cost
1,4228.287790693826
2,4228.287790690929
3,4228.287790730678
4,4228.287790656818
5,4228.287790666026
6,4228.287790687255
7,4228.287790676141
8,4228.287790694217
9,4228.287790707535
10,4228.287790700759
11,4228.287790685472
12,4228.287790719881
13,4228.28779068996
14,4228.28779070358
15,4228.28779070486
16,4228.2877906788835
17,4228.287790691719
18,4228.287790660529
19,4228.287790673799
20,4228.2877906808335
