Run,Cost
1,1513.6413170477035
2,1513.6413170524208
3,1513.641317042978
4,1513.6413170309002
5,1512.6846762770451
6,1512.6846762918858
7,1512.6846762724645
8,1513.641317041563
9,1512.6846763079482
10,1513.6413170378194
11,1512.6846762877335
12,1513.641317040923
13,1512.684676275735
14,1513.6413170316785
15,1512.6846762995615
16,1513.6413170306203
17,1512.6846762935543
18,1513.6413170755518
19,1512.6846762667574
20,1512.684676296909
