Run,Cost
1,1521.7967727745577
2,1521.6507417602506
3,1521.6507417488717
4,1521.3483267082509
5,1521.796772783829
6,1521.3483267170561
7,1521.6507417479424
8,1521.6507417214061
9,1521.3483267244153
10,1521.3483267044016
11,1521.2022956834624
12,1521.3483267089307
13,1521.7967727776427
14,1521.6507417221992
15,1521.6507417429993
16,1521.7967727824541
17,1521.3483267132926
18,1521.6507417798753
19,1521.6507417456323
20,1521.6507417442742
