Run,Cost
1,5021.974600819538
2,5021.974600778729
3,5021.974600737085
4,5021.974600806406
5,5021.974600822448
6,5021.97460085877
7,5021.974600807829
8,5021.974600764364
9,5021.974600777912
10,5021.974600819893
11,5021.974600826964
12,5021.974600772921
13,5021.9746007989515
14,5021.974600868346
15,5021.974600766105
16,5021.974600763971
17,5021.974600773729
18,5021.974600765113
19,5021.974600833574
20,5021.974600762354
