Run,Cost
1,5027.909243371439
2,5027.9092434021
3,5027.909243405287
4,5027.480272059392
5,5027.909243416894
6,5027.909243353492
7,5027.909243369298
8,5027.909243377202
9,5027.480272072237
10,5027.9092433820615
11,5027.909243419091
12,5027.480272088772
13,5027.480272067331
14,5027.4802720528705
15,5027.480272086422
16,5027.480272058927
17,5027.480272028544
18,5027.909243422191
19,5027.480272097132
20,5027.480272038765
