Run,Cost
1,686.4312149077881
2,686.4312149282101
3,686.4312149088078
4,686.4312149100774
5,686.431214900828
6,686.4312149170146
7,686.4312149269888
8,686.4312149217092
9,686.4312149062425
10,686.4312149088935
11,686.4312149169436
12,686.431214907883
13,686.4312149239602
14,686.431214905305
15,686.4312149169874
16,686.4312149197219
17,686.4312149123346
18,686.4312149309275
19,686.4312149227761
20,686.4312149289283
