Run,Cost
1,680.966345146461
2,680.9663451613255
3,680.9663451434614
4,680.9663451574849
5,680.9663451543263
6,680.9663451423182
7,680.9663451430467
8,680.9663451782553
9,680.9663451493724
10,680.9663451423519
11,680.9663451477453
12,680.9663451502436
13,680.9663451405922
14,680.9663451478201
15,680.9663451516105
16,680.9663451371222
17,680.966345142526
18,680.9663451419691
19,680.9663451514432
20,680.9663451485613
