Run,Cost
1,4647.189562773944
2,4647.189562808652
3,4647.1895627896265
4,4647.189562815599
5,4647.189562784868
6,4648.929322675492
7,4647.189562839337
8,4648.929322664261
9,4647.189562818265
10,4647.189562829842
11,4648.929322722502
12,4648.929322688821
13,4647.189562764975
14,4648.929322694202
15,4647.189562819628
16,4647.189562810052
17,4648.929322689469
18,4647.189562849236
19,4648.929322678257
20,4647.1895628001985
