Run,Cost
1,4645.2331946269305
2,4645.23319458529
3,4645.233194567516
4,4645.233194580412
5,4645.233194607331
6,4645.233194545727
7,4645.233194609315
8,4645.233194559839
9,4645.233194598904
10,4645.233194601966
11,4645.2331946460245
12,4645.233194561256
13,4645.2331945943515
14,4645.233194571903
15,4645.233194587823
16,4645.233194552765
17,4645.233194599358
18,4645.233194623625
19,4645.233194573041
20,4645.2331946000495
