Run,Cost
1,7248.001734590589
2,7242.601392984561
3,7248.001734598042
4,7248.001734569418
5,7248.001734617824
6,7248.00173455797
7,7248.00173454387
8,7242.601393003045
9,7248.001734597816
10,7248.001734639717
11,7242.601393014701
12,7242.601392987945
13,7248.001734522079
14,7242.601392983087
15,7248.001734570652
16,7242.601393002638
17,7242.6013929571045
18,7242.601392959924
19,7248.001734586644
20,7242.601392983804
