Run,Cost
1,7218.950786921621
2,7218.950786902874
3,7216.358647358005
4,7216.358647320901
5,7216.358647303715
6,7218.950786891901
7,7218.950786938189
8,7216.358647334767
9,7216.358647346854
10,7216.358647331242
11,7216.358647321069
12,7218.950786874336
13,7218.950786861201
14,7218.950786956512
15,7218.950786883239
16,7216.358647409181
17,7218.950786882289
18,7216.358647364927
19,7216.358647410707
20,7216.358647381079
