Run,Cost
1,1873.0935243962379
2,1873.0935244530815
3,1873.0935243876575
4,1877.0861342253736
5,1873.0935244362702
6,1877.0861342327955
7,1877.0861342226854
8,1873.0935244507436
9,1877.0861342113867
10,1873.0935244359878
11,1873.0935244221407
12,1877.086134223465
13,1877.0861342221058
14,1877.0861341888256
15,1873.093524422027
16,1873.0935244129637
17,1873.0935244274654
18,1877.0861341975929
19,1873.093524409954
20,1877.0861342413946
