Run,Cost
1,1884.1288896481733
2,1884.1288896428678
3,1884.1288896323022
4,1886.1279083390323
5,1886.1279083673035
6,1884.1288896361477
7,1886.1279083277905
8,1888.3346238756876
9,1884.128889643601
10,1890.3336425815205
11,1888.3346238751092
12,1890.333642579076
13,1890.3336425544246
14,1884.128889689749
15,1890.3336425779937
16,1884.1288896516269
17,1890.3336425570421
18,1884.1288896536623
19,1888.3346238811139
20,1888.3346238732724
