Run,Cost
1,2878.4368572493713
2,2878.817242537069
3,2878.8172425530006
4,2878.8172426029396
5,2878.817242562713
6,2878.4368572616468
7,2878.4368572238454
8,2878.817242582462
9,2878.4368572472113
10,2878.4368572415497
11,2878.8172425394932
12,2878.436857231638
13,2878.8172425601747
14,2878.817242574385
15,2878.4368572452386
16,2878.4368572218973
17,2878.4368572451494
18,2878.4368572491626
19,2878.4368572617564
20,2878.436857265962
