Run,Cost
1,2888.1119519462095
2,2888.111951982698
3,2888.111951990281
4,2888.1119519610393
5,2888.1119519356275
6,2888.1119519411573
7,2888.1119519551676
8,2888.1119519588997
9,2888.1119519971535
10,2888.1119519814283
11,2888.1119519919093
12,2888.1119520109005
13,2888.111951974958
14,2888.1119519763574
15,2888.1119519787762
16,2888.1119519785734
17,2888.11195194167
18,2888.111951943379
19,2888.1119519671793
20,2888.111951975459
