Run,Cost
1,5045.477191183627
2,5044.641261079592
3,5045.477191171814
4,5044.641261061859
5,5045.477191163612
6,5045.477191127838
7,5045.477191112939
8,5044.641261040075
9,5045.477191225194
10,5044.641261042128
11,5044.641261002986
12,5044.641260994933
13,5044.641261018835
14,5045.477191149827
15,5044.641261024368
16,5044.641261020934
17,5045.477191144591
18,5044.6412610808675
19,5044.641261015588
20,5045.477191204142
