Run,Cost
1,5036.932984281503
2,5036.93298432241
3,5036.932984297347
4,5036.9329842840425
5,5034.8104458420885
6,5036.932984323783
7,5036.932984281099
8,5036.932984326726
9,5036.932984296391
10,5034.810445825799
11,5034.810445805939
12,5036.932984350562
13,5036.932984249841
14,5034.810445787827
15,5036.932984310454
16,5034.810445831257
17,5036.932984347216
18,5034.8104457631935
19,5034.810445825061
20,5036.932984309692
