Run,Cost
1,2902.406622655119
2,2902.4066226889063
3,2902.4066226594873
4,2902.406622646254
5,2902.406622596854
6,2902.4066226709992
7,2902.4066226433424
8,2902.4066226535233
9,2902.4066226471805
10,2902.406622617439
11,2902.4066226687337
12,2902.406622628407
13,2902.406622638523
14,2902.406622649384
15,2902.4066226753075
16,2902.406622670205
17,2902.40662265366
18,2902.4066226659543
19,2902.406622653372
20,2902.4066226472896
