Run,Cost
1,2907.5870199227115
2,2907.587019940958
3,2907.58701991569
4,2907.587019902048
5,2907.587019951816
6,2907.587019952045
7,2907.587019965268
8,2907.58701993547
9,2907.5870199709047
10,2907.5870199496735
11,2907.58701993516
12,2907.587019971944
13,2907.587019919916
14,2907.587019917406
15,2907.587019905981
16,2907.5870199295723
17,2907.5870199581823
18,2907.587019929704
19,2907.5870198947164
20,2907.5870199071464
