Run,Cost
1,2751.645606610107
2,2751.6456065656284
3,2751.645606581782
4,2751.6456065694774
5,2751.645606544093
6,2751.645606560602
7,2751.645606583875
8,2751.6456065678653
9,2751.645606586418
10,2751.6456065955144
11,2751.6456065632224
12,2751.6456065595285
13,2751.6456065545653
14,2751.645606599519
15,2751.645606578427
16,2751.6456066353185
17,2751.6456065655334
18,2751.6456066169403
19,2751.645606604061
20,2751.645606566367
