Run,Cost
1,2757.746851272677
2,2757.746851238324
3,2757.74685121433
4,2757.7468512519163
5,2757.7468512489263
6,2757.746851274862
7,2757.801336076481
8,2757.746851249257
9,2757.801336075932
10,2757.801336085733
11,2757.7468512464948
12,2757.8013360998752
13,2757.7468512363157
14,2757.746851272009
15,2757.7468512239866
16,2757.7468512379073
17,2757.7468512457212
18,2757.7468512705796
19,2757.801336062395
20,2757.801336043833
