Run,Cost
1,7262.945718668732
2,7262.693717702041
3,7262.945718656022
4,7262.693717672045
5,7262.9457186729705
6,7262.94571871502
7,7262.693717706835
8,7262.693717664898
9,7262.945718651632
10,7262.69371766859
11,7262.9457185942765
12,7262.945718640827
13,7262.945718727396
14,7262.693717761057
15,7262.693717673183
16,7262.693717618082
17,7262.693717753793
18,7262.69371767434
19,7262.94571871506
20,7262.945718691258
