Run,Cost
1,7243.628848639826
2,7246.350076409028
3,7245.692570474201
4,7231.2430535011235
5,7240.84165447109
6,7245.570570660212
7,7243.070803784163
8,7240.796512586117
9,7245.69257049972
10,7238.228207112972
11,7246.463756918607
12,7240.185222053964
13,7242.125743944947
14,7245.692570420757
15,7238.777932645495
16,7241.621160276786
17,7244.400035056719
18,7238.121500196026
19,7243.070803716838
20,7238.732790677335
