Run,Cost
1,2276.2511700395353
2,2276.251170007758
3,2276.251170037652
4,2276.2511700047335
5,2276.251170026182
6,2276.25117000953
7,2276.251169999274
8,2276.251170007548
9,2276.2511700278264
10,2276.2511700160553
11,2276.251170020868
12,2276.251170068614
13,2276.2511700446926
14,2276.251169997427
15,2276.2511700271166
16,2276.2511700359228
17,2276.251170043916
18,2276.251170005801
19,2276.25116999515
20,2276.2511700238947
