Run,Cost
1,2260.061888353946
2,2260.0618883614056
3,2260.061888385062
4,2260.0618883455622
5,2260.061888330562
6,2260.061888371192
7,2260.061888336154
8,2260.0618883831926
9,2260.061888362296
10,2260.061888363494
11,2260.0618883415423
12,2260.0618883618927
13,2260.061888341401
14,2260.0618883591374
15,2260.061888345681
16,2260.061888399855
17,2260.061888398333
18,2260.0618883452853
19,2260.0618883601664
20,2260.0618883445327
