Run,Cost
1,6561.704793265737
2,6561.704793289682
3,6561.8685725517
4,6561.704793289882
5,6561.704793268465
6,6561.704793289369
7,6561.868572585812
8,6561.86857255872
9,6561.704793347544
10,6561.868572532617
11,6561.868572565431
12,6561.704793321097
13,6561.868572526528
14,6561.868572553924
15,6561.868572654533
16,6561.704793286745
17,6561.704793314053
18,6561.868572568936
19,6561.704793351815
20,6561.704793289701
