Run,Cost
1,6571.655499642162
2,6571.655499584614
3,6571.655499677573
4,6571.6554996378545
5,6571.655499608175
6,6571.655499638109
7,6571.655499628452
8,6571.655499627488
9,6571.655499686953
10,6571.655499618437
11,6571.655499531811
12,6571.655499638542
13,6571.655499643828
14,6571.655499610415
15,6571.655499650956
16,6571.6554996409905
17,6571.6554996566065
18,6571.655499632143
19,6571.65549966762
20,6571.65549961542
