Run,Cost
1,7922.416774176439
2,7922.416774039413
3,7922.416774119871
4,7922.416774040598
5,7922.416774134136
6,7922.416774117274
7,7922.416774094537
8,7922.4167741138735
9,7922.41677417546
10,7922.416774106275
11,7922.416774106001
12,7922.416774133377
13,7922.416774093671
14,7922.416774093983
15,7922.4167741388555
16,7922.4167741532665
17,7922.416774102321
18,7922.416774173579
19,7922.416774109137
20,7922.41677414087
