Run,Cost
1,7875.840994008453
2,7878.017610937758
3,7875.840993959248
4,7878.017610838163
5,7878.017610857852
6,7875.8409939559315
7,7875.840994000915
8,7878.01761095129
9,7878.017610975379
10,7875.840993957228
11,7878.0176109223285
12,7878.017610929419
13,7878.017610875089
14,7878.017610913784
15,7875.840993999037
16,7875.840993964267
17,7878.017610954196
18,7878.0176109381
19,7878.017610890092
20,7875.840994006996
