Run,Cost
1,3180.426502525217
2,3180.426502550434
3,3180.4265025286513
4,3180.426502530063
5,3180.4265025453815
6,3180.4265025983136
7,3180.4265025313794
8,3180.4265025021746
9,3180.4265025448667
10,3180.426502542604
11,3180.426502538061
12,3180.426502565992
13,3180.426502538882
14,3180.4265025599534
15,3180.426502547187
16,3180.4265024767014
17,3180.4265025677314
18,3180.426502567093
19,3180.426502505553
20,3180.426502524153
