Run,Cost
1,3195.309038307619
2,3195.3090383412573
3,3195.3090383490553
4,3195.3090382933524
5,3195.309038326243
6,3195.309038341202
7,3195.3090383497033
8,3195.3090383070908
9,3195.309038334961
10,3195.3090382975383
11,3195.3090382984433
12,3195.309038326298
13,3195.309038295445
14,3195.309038334943
15,3195.3090383184176
16,3195.3090383208264
17,3195.309038327724
18,3195.30903832239
19,3195.3090383460626
20,3195.3090382895916
