Run,Cost
1,6012.332582236324
2,6012.332582270767
3,6011.775048833039
4,6011.775048843213
5,6012.332582216163
6,6012.332582212116
7,6011.775048873473
8,6011.775048871224
9,6011.775048862153
10,6011.7750488712545
11,6012.332582254476
12,6012.3325823002415
13,6011.775048906999
14,6012.332582249009
15,6011.7750488405445
16,6012.332582258324
17,6011.775048848107
18,6012.332582209894
19,6012.332582244968
20,6012.3325822961215
