Run,Cost
1,1620.8960498651832
2,1621.6533430897969
3,1620.896049867875
4,1620.896049836617
5,1621.6533430950003
6,1621.6533431110292
7,1620.8960498892466
8,1620.8960498568947
9,1620.8960498642302
10,1621.6533430884617
11,1620.896049857555
12,1620.8960498462814
13,1621.6533430960758
14,1620.896049848188
15,1621.6533430954528
16,1621.6533430930092
17,1620.8960498539145
18,1620.896049852931
19,1621.653343092585
20,1620.8960498524737
