Run,Cost
1,6004.111655224532
2,6004.111655248037
3,6004.111655251703
4,6004.111655266096
5,6004.111655287555
6,6004.111655257262
7,6004.111655213582
8,6004.11165531667
9,6004.111655259112
10,6004.111655283417
11,6004.111655263033
12,6004.111655254365
13,6004.111655286586
14,6004.111655323586
15,6004.111655196416
16,6004.111655245947
17,6004.111655287898
18,6004.111655271073
19,6004.111655275145
20,6004.111655264623
