Run,Cost
1,5228.434705072783
2,5228.434705041035
3,5228.434705070686
4,5228.434705032486
5,5228.434705062949
6,5228.434705050501
7,5228.434704961856
8,5228.434705032992
9,5228.434705089032
10,5228.434705050716
11,5228.4347050510305
12,5228.434705015341
13,5228.434705035756
14,5228.434705027915
15,5228.434705016721
16,5228.434705049232
17,5228.434705073726
18,5228.434704967888
19,5228.434705062544
20,5228.4347050571705
