Run,Cost
1,5226.545114048616
2,5226.54511403708
3,5227.120161201834
4,5226.545114032203
5,5227.120161217941
6,5227.120161118352
7,5227.120161117764
8,5227.120161204706
9,5227.120161176394
10,5226.545113959992
11,5227.120161192468
12,5226.54511399959
13,5227.120161096936
14,5226.545114085569
15,5226.545113982968
16,5226.5451140600435
17,5227.120161183183
18,5227.120161205531
19,5226.545114005025
20,5227.120161178399
