Run,Cost
1,1798.5152263852376
2,1798.5152263895739
3,1798.5152263484129
4,1798.5152263871712
5,1799.1121595460272
6,1798.5152264015742
7,1798.5152264143967
8,1799.1121595386448
9,1799.1121595552274
10,1799.1121595974523
11,1799.1121595645725
12,1798.5152264107503
13,1799.1121595613586
14,1799.1121595459495
15,1798.5152263915807
16,1798.5152263863954
17,1799.1121595148015
18,1799.11215955312
19,1799.112159539539
20,1798.515226400346
