Run,Cost
1,1804.4470751540578
2,1804.447075128376
3,1804.4470751834474
4,1804.4470751539143
5,1804.4470751771796
6,1804.447075135459
7,1804.447075169821
8,1804.4470751596346
9,1804.4470751193999
10,1804.4470752036455
11,1804.4470751571935
12,1804.4470751301933
13,1804.447075159125
14,1804.44707514367
15,1804.447075147516
16,1804.4470751376755
17,1804.447075153668
18,1804.447075157661
19,1804.4470751839426
20,1804.4470751531192
