Run,Cost
1,2010.7983782203696
2,2010.7983782563856
3,2010.7983782534782
4,2010.7983782686103
5,2010.7983782673375
6,2010.7983782766576
7,2010.7983782759472
8,2010.7983783064499
9,2010.798378251278
10,2010.7983782916915
11,2010.7983782648607
12,2010.798378225393
13,2010.7983782741167
14,2010.7983782632366
15,2010.7983782601043
16,2010.798378256234
17,2010.798378268041
18,2010.7983782859392
19,2010.7983782704848
20,2010.798378308787
