Run,Cost
1,2010.644121159232
2,2010.6441211955464
3,2010.6441211607696
4,2010.6441212154211
5,2010.6441211699785
6,2010.6441211746635
7,2010.644121198817
8,2010.6441211164383
9,2010.6441211714914
10,2010.6441212140373
11,2010.644121199723
12,2010.6441211872684
13,2010.6441211380563
14,2010.6441211548226
15,2010.6441211420902
16,2010.6441211833242
17,2010.6441211799956
18,2010.6441211880795
19,2010.6441211726974
20,2010.6441211883375
