Run,Cost
1,3754.594853984985
2,3754.5948540027443
3,3754.5948540329714
4,3754.5948540047884
5,3754.5948539118626
6,3754.59485401384
7,3754.5948540192726
8,3754.5948540180166
9,3754.5948540233553
10,3754.594853983102
11,3754.5948540055138
12,3754.594853936319
13,3754.5948540037657
14,3754.5948540230597
15,3754.5948540162144
16,3754.5948540095296
17,3754.59485395446
18,3754.594854012585
19,3754.594853994702
20,3754.594854024646
