Run,Cost
1,3768.3736108373837
2,3768.373610791915
3,3768.3736107952864
4,3768.373610757657
5,3768.3736107722507
6,3768.373610810068
7,3768.3736107979003
8,3768.373610809529
9,3768.3736107100526
10,3768.3736107744007
11,3768.3736107717086
12,3768.3736108280077
13,3768.373610762933
14,3768.373610754976
15,3768.3736107415066
16,3768.373610791661
17,3768.373610781906
18,3768.3736107508075
19,3768.373610731487
20,3768.3736108067264
