Run,Cost
1,6738.756108133652
2,6738.756108075228
3,6738.756108113619
4,6738.756108128568
5,6738.756108067886
6,6738.756108095021
7,6738.756108045758
8,6738.756108036081
9,6738.756108044722
10,6738.75610801384
11,6738.756108049648
12,6738.75610808614
13,6738.75610808218
14,6738.7561080591595
15,6738.75610801986
16,6738.756108083983
17,6738.756108118011
18,6738.756108153
19,6738.75610808351
20,6738.756108149683
