Run,Cost
1,6762.718405309475
2,6763.405269317981
3,6762.71840534999
4,6763.4052692796195
5,6763.405269433909
6,6762.718405373366
7,6763.40526936897
8,6763.405269362263
9,6763.405269310865
10,6762.718405321589
11,6763.405269410956
12,6763.405269341018
13,6763.405269375536
14,6763.405269430094
15,6763.405269368164
16,6763.40526940779
17,6762.718405348451
18,6762.718405405392
19,6762.718405292645
20,6763.405269319934
