Run,Cost
1,12682.04897327694
2,12682.048973396903
3,12682.048973282994
4,12682.048973356834
5,12682.04897332566
6,12682.048973317904
7,12682.04897335844
8,12682.048973483781
9,12682.048973290432
10,12682.048973398465
11,12682.048973446887
12,12682.048973406856
13,12682.048973342236
14,12682.048973237463
15,12682.048973344788
16,12682.048973338546
17,12682.048973380683
18,12682.048973387462
19,12682.048973417843
20,12682.048973422565
