Run,Cost
1,5130.903863372002
2,5130.903863386047
3,5130.903863356134
4,5130.903863351289
5,5130.903863323535
6,5130.90386335155
7,5130.903863372151
8,5130.903863370561
9,5130.90386336562
10,5130.90386335259
11,5130.903863342487
12,5130.903863359946
13,5130.90386328982
14,5130.9038633666405
15,5130.903863393621
16,5130.903863372427
17,5130.903863373884
18,5130.903863357718
19,5130.903863398514
20,5130.903863353679
