Run,Cost
1,5120.599599385366
2,5120.599599439348
3,5120.5995994553905
4,5120.599599408517
5,5120.599599401448
6,5120.599599429996
7,5120.599599395715
8,5120.599599387674
9,5120.599599467552
10,5120.599599379853
11,5120.599599389329
12,5120.599599415731
13,5120.599599451816
14,5120.599599416348
15,5120.599599385426
16,5120.59959942644
17,5120.5995994491495
18,5120.599599423177
19,5120.599599424017
20,5120.599599446871
