Run,Cost
1,3147.945698485595
2,3144.0844211877575
3,3144.0844211998574
4,3147.9456985258644
5,3147.8072475326608
6,3144.0844211754365
7,3147.807247544592
8,3144.222872178604
9,3147.9456984844205
10,3144.2228721721685
11,3144.2228721381744
12,3147.8072475115
13,3144.222872141526
14,3144.084421195353
15,3144.222872172696
16,3147.807247526954
17,3144.222872118567
18,3147.9456984722774
19,3147.9456985154225
20,3144.2228721116485
