Run,Cost
1,3384.4190000001718
2,3384.7246148548807
3,3383.8113779917376
4,3383.8113780000053
5,3381.9723867221987
6,3384.419000017079
7,3382.8856236621955
8,3382.8856236104425
9,3384.4190000183658
10,3381.9723867136713
11,3383.811377995367
12,3385.3322369170983
13,3384.418999972355
14,3385.332236891432
15,3381.972386749452
16,3384.41900001511
17,3385.3322369106927
18,3384.419000030582
19,3382.2780015941103
20,3384.4190000403173
