Run,Cost
1,3385.5508763996495
2,3385.0326493045404
3,3385.5508763978023
4,3385.550876408341
5,3385.5508764137144
6,3385.032649327231
7,3385.550876401643
8,3385.0326493445837
9,3385.5508764308984
10,3385.0326493446155
11,3385.0326493471575
12,3385.032649366022
13,3385.5508764558886
14,3385.032649359576
15,3385.032649330443
16,3385.032649385438
17,3385.0326493545494
18,3385.032649303266
19,3385.550876422996
20,3385.5508763785874
