Run,Cost
1,1494.6504219956475
2,1494.6504219641006
3,1494.6504219558435
4,1494.6504219663573
5,1494.6504219622925
6,1494.6504220046888
7,1494.6504219655214
8,1494.6504219690823
9,1494.6504219778476
10,1494.6504219670992
11,1494.6504219736485
12,1494.6504219713904
13,1494.6504219955461
14,1494.6504219754866
15,1494.6504219845604
16,1494.6504219737983
17,1494.650421980953
18,1494.650421962244
19,1494.6504219475214
20,1494.6504219824596
