Run,Cost
1,1496.4137757150384
2,1496.413775732114
3,1496.4137756991915
4,1496.4137757098658
5,1496.4137757165615
6,1496.4137757095386
7,1496.4137756950581
8,1496.413775701273
9,1496.4137757358571
10,1496.4137757287024
11,1496.4137757379785
12,1496.4137757516908
13,1496.413775698838
14,1496.4137757212466
15,1496.4137757120432
16,1496.4137757168535
17,1496.4137757024944
18,1496.4137757086253
19,1496.4137757248204
20,1496.4137757258131
