Run,Cost
1,1886.594804987397
2,1866.3570280936874
3,1866.357028090507
4,1866.357028085331
5,1886.594804972135
6,1886.5948049747994
7,1866.3570280775905
8,1866.3570281017985
9,1886.5948050110835
10,1886.5948050155744
11,1866.3570280893694
12,1866.3570281008028
13,1886.5948049713097
14,1866.3570280802332
15,1886.5948050074967
16,1866.357028104063
17,1866.357028094749
18,1886.5948049918368
19,1886.5948049476763
20,1866.3570280780937
