Run,Cost
1,1893.3329926557503
2,1893.3329926866825
3,1893.33299268536
4,1893.3329927082439
5,1893.332992655243
6,1893.3329926684016
7,1893.3329926936722
8,1893.332992616914
9,1893.332992694148
10,1893.3329926765116
11,1893.332992640498
12,1893.3329926468527
13,1893.332992650835
14,1893.3329926595252
15,1893.3329926704482
16,1893.3329926763306
17,1893.3329926259494
18,1893.3329926626795
19,1893.332992666437
20,1893.3329927056739
