Run,Cost
1,2301.470145509568
2,2301.4701455235763
3,2301.470145532365
4,2301.4701454929477
5,2301.4701455214617
6,2301.4701454683654
7,2301.470145499956
8,2301.4701455112645
9,2301.4701455232093
10,2301.4701455086433
11,2301.4701455122017
12,2301.4701455000345
13,2301.4701454968977
14,2301.470145491919
15,2301.470145500775
16,2301.4701455487225
17,2301.4701455454006
18,2301.4701455066293
19,2301.470145507306
20,2301.4701455202335
