Run,Cost
1,2296.1986919707447
2,2296.19869197637
3,2294.815221034734
4,2296.1986919690216
5,2294.815221030587
6,2296.1986919531573
7,2296.1986919468814
8,2294.8152210110907
9,2294.8152210295225
10,2294.8152210176095
11,2294.8152210292105
12,2296.1986919595547
13,2296.198691965791
14,2294.815221047072
15,2294.8152210271146
16,2296.1986919594515
17,2296.1986920102736
18,2296.1986919679016
19,2296.198691978262
20,2296.198691976715
