Run,Cost
1,8587.7401481614
2,8589.4705192217
3,8587.74014820507
4,8589.470519271119
5,8587.74014814616
6,8587.740148229019
7,8587.740148166202
8,8587.740148193543
9,8587.74014816154
10,8587.740148112327
11,8587.740148228891
12,8587.740148185976
13,8587.74014818503
14,8587.74014820765
15,8589.47051923453
16,8589.470519151468
17,8589.47051926106
18,8587.74014819736
19,8587.740148136003
20,8587.740148126752
