Run,Cost
1,8552.068929958856
2,8552.068929942785
3,8552.28815803077
4,8553.09646758954
5,8552.28815809299
6,8537.812992765186
7,8552.068929898842
8,8537.812992709349
9,8553.81381574991
10,8553.096467636184
11,8552.786277944251
12,8552.06892993674
13,8552.877239533233
14,8553.813815735055
15,8552.288158021009
16,8553.594587522519
17,8552.288158012969
18,8552.288158063415
19,8553.09646772544
20,8553.096467627634
