Run,Cost
1,6620.7501823059165
2,6620.750182315674
3,6620.750182367342
4,6629.891687686229
5,6620.750182330535
6,6620.75018234756
7,6629.8916876262465
8,6629.89168761539
9,6629.891687625504
10,6620.750182287039
11,6620.750182320089
12,6620.75018236113
13,6620.750182339398
14,6629.891687656117
15,6629.891687597555
16,6620.750182300209
17,6620.750182234378
18,6629.891687700814
19,6620.750182295458
20,6629.891687649865
