Run,Cost
1,6622.361962724707
2,6622.361962749465
3,6622.361962765494
4,6622.361962769105
5,6622.361962800266
6,6622.3619627578255
7,6622.3619627719
8,6622.3619627280905
9,6622.361962756027
10,6622.361962798225
11,6622.361962762313
12,6622.361962761129
13,6622.361962751818
14,6622.36196273677
15,6622.361962767324
16,6622.36196274481
17,6622.361962775162
18,6622.361962732293
19,6622.361962718071
20,6622.36196272499
