Run,Cost
1,5067.195051908319
2,5067.195051883124
3,5067.195051930207
4,5067.195051859199
5,5067.195051956055
6,5067.195051918706
7,5067.195051945169
8,5067.195051917046
9,5067.195051930625
10,5067.195051985576
11,5067.19505193422
12,5067.195051969397
13,5067.1950518718795
14,5067.19505191173
15,5067.1950518739395
16,5067.195051909376
17,5067.195051903582
18,5067.195051933012
19,5067.195051979042
20,5067.195051849235
