Run,Cost
1,5058.17811302598
2,5057.266396367707
3,5057.266396336792
4,5045.064178294241
5,5045.064178323986
6,5045.975895005128
7,5057.266396333627
8,5045.975894989147
9,5045.064178301944
10,5045.064178319245
11,5057.26639633836
12,5045.975895032761
13,5058.178113017448
14,5057.266396321832
15,5058.178113035726
16,5045.0641783141255
17,5057.266396240665
18,5045.9758950622645
19,5045.064178253875
20,5057.2663963360155
