Run,Cost
1,335.42620231428
2,335.42620230867186
3,335.42620231217063
4,335.42620230601494
5,335.42620230305994
6,335.4262023174197
7,335.4262023069123
8,335.42620232112824
9,335.4262023196337
10,335.4262023151973
11,335.4262023286335
12,335.4262023286484
13,335.426202326583
14,335.4262023063661
15,335.42620231970886
16,335.426202324894
17,335.4262023228965
18,335.4262023148317
19,335.42620232450713
20,335.4262023229561
