Run,Cost
1,7797.549061718942
2,7796.152603638401
3,7797.549061699047
4,7797.549061774914
5,7797.549061738701
6,7797.549061732827
7,7796.152603595086
8,7797.549061693929
9,7796.152603630472
10,7796.152603695931
11,7796.152603590032
12,7796.152603576411
13,7796.152603649481
14,7797.549061770233
15,7796.152603616841
16,7797.5490617196665
17,7797.549061788714
18,7796.152603618018
19,7797.549061743792
20,7797.549061740853
