Run,Cost
1,7831.467949581576
2,7831.467949567132
3,7833.441538828051
4,7833.222773602088
5,7832.97857623525
6,7833.2227735540955
7,7833.441538819277
8,7831.249184335766
9,7833.441538816644
10,7831.249184348814
11,7831.467949545042
12,7833.222773548592
13,7831.249184326263
14,7832.978576243723
15,7831.249184290677
16,7833.222773633454
17,7831.467949484958
18,7833.441538809715
19,7833.441538765585
20,7833.222773578547
