Run,Cost
1,6613.052450192043
2,6613.052450162053
3,6613.052450191617
4,6613.052450210896
5,6613.052450182877
6,6613.052450203529
7,6613.052450183923
8,6613.0524501986665
9,6613.05245020772
10,6613.0524501807295
11,6613.052450101841
12,6613.052450221237
13,6613.052450181927
14,6613.0524501763875
15,6613.052450171638
16,6613.052450164325
17,6613.052450225363
18,6613.0524501749005
19,6613.052450149213
20,6613.0524501533455
