Run,Cost
1,6592.552378126678
2,6592.552378058766
3,6590.550109803166
4,6590.550109746002
5,6592.5523780507865
6,6590.550109803706
7,6592.552378113792
8,6590.550109756442
9,6590.550109730922
10,6592.552378093363
11,6592.552378102119
12,6590.55010978862
13,6590.550109784388
14,6592.5523780733565
15,6590.550109774835
16,6590.550109784916
17,6590.550109789714
18,6590.550109731358
19,6590.550109709683
20,6592.552378131675
