Run,Cost
1,3349.823464294971
2,3349.8234643252363
3,3349.823464308876
4,3349.82346429043
5,3349.8234642793136
6,3349.8234643098676
7,3349.8234642427583
8,3349.823464283135
9,3349.8234643296673
10,3349.8234642686134
11,3349.823464254061
12,3349.8234643240494
13,3349.823464261988
14,3349.8234642567595
15,3349.823464330148
16,3349.8234642263137
17,3349.8234643005017
18,3349.8234643067276
19,3349.823464313435
20,3349.8234642525867
