Run,Cost
1,3355.3919371314178
2,3354.0195839295357
3,3355.39193718963
4,3355.3919371643037
5,3355.391937195128
6,3354.0195838924083
7,3354.019583939064
8,3354.019583846157
9,3355.391937172876
10,3355.391937163036
11,3355.391937164314
12,3355.3919371230227
13,3355.3919370903823
14,3355.391937160514
15,3354.0195838598306
16,3354.019583905705
17,3354.019583954979
18,3355.391937163855
19,3354.0195838618647
20,3355.3919371628
