Run,Cost
1,1877.0789000620991
2,1877.0789000625946
3,1877.0789000476848
4,1877.078900068966
5,1877.0789000491063
6,1877.0789000686964
7,1877.0789000705886
8,1877.0789000589841
9,1877.0789000782056
10,1877.0789000838508
11,1877.0789000718216
12,1877.078900041488
13,1877.0789000872157
14,1877.0789000550026
15,1877.0789000601162
16,1877.0789000832976
17,1877.0789000935627
18,1877.0789000549505
19,1877.0789000897087
20,1877.0789000381133
