Run,Cost
1,1876.379183724846
2,1876.3791837456472
3,1876.379183715178
4,1876.3791837263257
5,1876.3791837262663
6,1876.3791837395245
7,1876.37918372791
8,1876.379183728031
9,1876.3791837521346
10,1876.379183727668
11,1876.3791837444276
12,1876.3791836888558
13,1876.3791837452552
14,1876.379183745544
15,1876.3791837341423
16,1876.3791837265608
17,1876.3791837466324
18,1876.379183765424
19,1876.3791837607816
20,1876.379183757092
