Run,Cost
1,9405.203128966765
2,9405.203128902549
3,9405.203128985035
4,9405.203128962803
5,9405.20312893424
6,9405.203128913141
7,9405.203128977142
8,9405.203128898122
9,9405.203128839892
10,9405.20312898459
11,9405.20312889833
12,9405.203128929747
13,9405.203128965022
14,9405.203128905974
15,9405.203128918007
16,9405.203128887362
17,9405.203129011898
18,9405.203128956107
19,9405.203128892446
20,9405.203128895278
