Run,Cost
1,9389.209869036556
2,9385.895090213311
3,9389.209869019345
4,9389.209869024538
5,9385.895090181233
6,9389.209869031025
7,9386.17520016756
8,9389.209869039185
9,9385.895090178703
10,9389.209869038386
11,9386.175200163652
12,9389.20986912268
13,9385.895090216864
14,9385.895090171804
15,9386.175200194133
16,9389.209869038004
17,9385.89509010543
18,9385.895090212158
19,9389.209869018505
20,9385.895090286323
