Run,Cost
1,8902.094822288765
2,8902.5064530079
3,8902.867743068813
4,8902.86774300796
5,8902.867743004446
6,8904.923371683704
7,8902.86774308002
8,8904.15045095122
9,8901.733532357013
10,8901.73353237823
11,8904.562081705868
12,8903.789160980945
13,8901.733532347815
14,8902.09482230942
15,8902.506453010143
16,8904.923371637587
17,8902.86774297646
18,8902.506453061247
19,8902.50645301468
20,8902.867743040906
