Run,Cost
1,8854.519155757755
2,8854.545909869623
3,8854.545909867038
4,8855.64238905946
5,8853.422676467693
6,8853.422676449514
7,8855.64238913224
8,8855.642389228373
9,8854.519155753453
10,8853.422676445705
11,8853.4226765401
12,8854.54590985278
13,8855.642389107956
14,8855.642389143648
15,8854.545909808168
16,8855.642389088533
17,8854.51915572077
18,8854.54590977936
19,8855.642389172763
20,8854.519155759925
