Run,Cost
1,5980.7146381542425
2,5980.714638163086
3,5980.714638108382
4,5980.714638148463
5,5980.714638167876
6,5980.714638130121
7,5980.714638108817
8,5980.714638151046
9,5980.714638099573
10,5980.714638134904
11,5980.714638139725
12,5980.714638124645
13,5980.714638185086
14,5980.714638186788
15,5980.714638221179
16,5980.714638160732
17,5980.714638164795
18,5980.714638171524
19,5980.714638181231
20,5980.714638243582
