Run,Cost
1,5985.26505839617
2,5986.026193402071
3,5985.2650584469775
4,5985.265058422704
5,5985.265058433645
6,5986.026193413881
7,5985.265058507346
8,5985.265058449772
9,5985.265058442576
10,5986.026193395088
11,5985.26505846535
12,5986.026193414215
13,5986.02619339659
14,5986.026193393224
15,5985.265058454815
16,5985.265058466432
17,5985.265058436295
18,5986.026193430337
19,5985.2650584454295
20,5986.026193382994
