Run,Cost
1,4192.162604240372
2,4192.162604236034
3,4192.162604260562
4,4192.162604178979
5,4192.162604161493
6,4192.162604187022
7,4192.162604175294
8,4192.162604277541
9,4192.162604214809
10,4192.162604225507
11,4192.162604229185
12,4192.162604164236
13,4192.162604202696
14,4192.162604193965
15,4192.162604241601
16,4192.162604187441
17,4192.1626042303005
18,4192.162604204374
19,4192.162604231143
20,4192.1626042422395
