Run,Cost
1,4195.018890698316
2,4195.0188906520425
3,4195.018890649853
4,4195.018890672082
5,4195.018890639051
6,4195.018890645552
7,4195.01889065968
8,4195.0188906821595
9,4195.018890669805
10,4195.018890645154
11,4195.01889065569
12,4195.018890668218
13,4195.018890634579
14,4195.0188906920575
15,4195.018890668955
16,4195.01889063652
17,4195.018890660607
18,4195.018890659489
19,4195.018890673949
20,4195.018890718812
