Run,Cost
1,3327.3081940229813
2,3330.964141408243
3,3330.9641414146763
4,3327.308194034396
5,3327.3081940335055
6,3330.96414138869
7,3330.9641414348034
8,3327.308194044561
9,3327.308194069754
10,3330.964141444864
11,3330.964141408708
12,3327.3081940238985
13,3327.3081940079833
14,3327.308194043254
15,3327.3081940004154
16,3327.3081940310653
17,3327.308194030216
18,3330.9641414294483
19,3330.9641414258545
20,3327.308194024336
