Run,Cost
1,3335.5973662834513
2,3335.597366250394
3,3335.597366262809
4,3335.5973662960546
5,3335.5973663249683
6,3335.5973662688953
7,3335.597366289328
8,3335.5973662935153
9,3335.5973662581014
10,3335.5973662460888
11,3335.5973662236747
12,3335.5973663015498
13,3335.5973663150457
14,3335.5973662638817
15,3335.597366256866
16,3335.597366303536
17,3335.597366242439
18,3335.597366252178
19,3335.5973663322206
20,3335.597366294948
