Run,Cost
1,13168.842023607129
2,13168.842023654597
3,13168.842023621646
4,13168.842023703719
5,13168.842023697842
6,13168.842023637937
7,13168.842023668343
8,13168.842023661862
9,13168.842023626641
10,13168.842023704807
11,13168.842023586223
12,13168.842023604708
13,13168.84202369819
14,13168.842023735739
15,13168.842023630665
16,13168.842023606514
17,13168.842023620668
18,13168.842023688137
19,13168.842023590401
20,13168.842023594247
