Run,Cost
1,13156.518760942246
2,13156.51876095258
3,13156.518760922787
4,13156.5187608892
5,13156.518760945057
6,13156.518760947498
7,13156.518760815286
8,13156.518760915726
9,13156.518760920697
10,13156.518760930272
11,13156.518760922398
12,13156.518760909366
13,13156.51876094574
14,13156.518760863855
15,13156.51876089296
16,13156.518760948771
17,13156.518760898378
18,13156.51876092861
19,13156.518760970404
20,13156.518760821376
