Run,Cost
1,4612.977266333848
2,4614.695762259622
3,4614.695762292361
4,4614.695762227535
5,4614.695762319485
6,4614.69576231033
7,4612.9772662829655
8,4614.695762159098
9,4614.695762270183
10,4614.695762238829
11,4614.695762237517
12,4612.977266369758
13,4612.977266299667
14,4614.695762215687
15,4614.695762281643
16,4614.695762207862
17,4614.695762303923
18,4614.6957623134995
19,4612.977266319355
20,4612.977266351902
