Run,Cost
1,817.8803039670313
2,817.8803039290281
3,817.8803039404983
4,817.8803039370641
5,817.8803039496132
6,817.8803039572259
7,817.880303949837
8,817.8803039605655
9,817.8803039637576
10,817.8803039475301
11,817.880303939542
12,817.8803039619692
13,817.8803039704641
14,817.8803039684034
15,817.8803039648108
16,817.8803039536201
17,817.8803039499084
18,817.8803039625494
19,817.8803039369943
20,817.8803039428516
