Run,Cost
1,824.7597200728968
2,824.7597200721723
3,824.7597200518578
4,824.7597200642674
5,824.7597200636941
6,824.7597200542843
7,824.7597200849127
8,824.7597200578625
9,824.7597200529639
10,824.7597200564883
11,824.7597200880549
12,824.7597200661714
13,824.7597200630757
14,824.7597200855067
15,824.7597200593838
16,824.7597200875465
17,824.759720077762
18,824.7597200717436
19,824.7597200696069
20,824.759720054749
