Run,Cost
1,4589.119594286777
2,4589.11959428957
3,4589.119594311161
4,4589.119594325442
5,4589.119594260549
6,4589.119594292377
7,4589.119594256486
8,4589.119594286348
9,4589.119594267799
10,4589.119594320851
11,4589.119594261431
12,4589.11959430595
13,4589.119594283779
14,4589.119594241389
15,4589.1195942915665
16,4589.119594277572
17,4589.119594278856
18,4589.119594285442
19,4589.119594282011
20,4589.119594270351
