Run,Cost
1,4586.11114809589
2,4586.111148064378
3,4586.111148087043
4,4586.111148085921
5,4586.111148071596
6,4586.111148078619
7,4586.1111480471745
8,4586.111148041271
9,4586.111148101486
10,4586.111148058728
11,4586.11114807815
12,4586.1111481082135
13,4586.111148036292
14,4586.111148102178
15,4586.111148086281
16,4586.111148072015
17,4586.111148062286
18,4586.111148033807
19,4586.111148046432
20,4586.111148068174
