Run,Cost
1,876.8798803513341
2,876.8798803487917
3,876.8798803794593
4,876.8798803656229
5,876.8798803499932
6,876.8798803365426
7,876.8798803726296
8,876.8798803728605
9,876.8798803893735
10,876.879880372885
11,876.8798803575945
12,876.8798803432172
13,876.8798803515455
14,876.8798803657718
15,876.8798803870963
16,876.879880360106
17,876.8798803634367
18,876.8798803560977
19,876.8798803511011
20,876.8798803579288
