Run,Cost
1,876.1427283538503
2,876.1427283372731
3,876.1427283361102
4,876.1427283470075
5,876.157083598846
6,876.1570836356896
7,876.1570836020659
8,876.1570835949478
9,876.1427283436294
10,876.1570835983111
11,876.1570836059934
12,876.157083615251
13,876.1427283260936
14,876.1570836073597
15,876.157083620788
16,876.1427283459977
17,876.1427283200412
18,876.1570835856573
19,876.1427283277319
20,876.1427283262311
