Run,Cost
1,4629.2980100504565
2,4629.2980100789955
3,4629.298010052141
4,4629.29801004232
5,4629.298010056765
6,4629.298009985456
7,4629.298010039643
8,4629.298009998961
9,4629.298010010694
10,4629.2980100255245
11,4629.298010065625
12,4629.298010008649
13,4629.298010057617
14,4629.29801009476
15,4629.298010070297
16,4629.298010021218
17,4629.298009978193
18,4629.298010030011
19,4629.2980100064415
20,4629.298010047617
