Run,Cost
1,4618.012786515872
2,4617.161609336197
3,4617.430674304095
4,4617.430674304249
5,4617.8574044478655
6,4617.927191897477
7,4618.012786546543
8,4617.927191806292
9,4617.161609294396
10,4617.161609337753
11,4618.012786559882
12,4617.430674274627
13,4617.927191893574
14,4617.857404436936
15,4617.8574044727575
16,4617.927191892708
17,4617.430674290354
18,4618.7085816611125
19,4617.161609394584
20,4617.2313967051
