Run,Cost
1,9709.951599470234
2,9698.25471460687
3,9712.397504138396
4,9691.745556242055
5,9712.397504086779
6,9705.991801937365
7,9702.214512152208
8,9702.214512219458
9,9702.214512133087
10,9698.254714590332
11,9702.21451211009
12,9709.951599497863
13,9705.991801905293
14,9709.95159952074
15,9709.95159944526
16,9709.951599422666
17,9691.745556199478
18,9712.397504067942
19,9705.991801885257
20,9691.745556228067
