Run,Cost
1,6677.429766978774
2,6677.299870870666
3,6677.299870835971
4,6677.429766840164
5,6677.429766906121
6,6677.299870823975
7,6677.429766962667
8,6677.299870883653
9,6677.299870834248
10,6677.299870866616
11,6677.299870792285
12,6677.299870822098
13,6677.429766879745
14,6677.4297669380785
15,6677.429766935691
16,6677.299870806308
17,6677.299870827692
18,6677.299870850522
19,6677.42976692686
20,6677.429766919016
