Run,Cost
1,6650.4236112590925
2,6646.911576295503
3,6650.766295185945
4,6650.766295276538
5,6646.911576172314
6,6650.76629523845
7,6650.423611234339
8,6650.766295189727
9,6650.766295170188
10,6650.766295234793
11,6650.423611254393
12,6650.766295295489
13,6650.766295224295
14,6650.423611199148
15,6646.5688923189855
16,6650.4236112521385
17,6650.423611271981
18,6650.76629520547
19,6650.42361129134
20,6650.423611318501
