Run,Cost
1,4932.949726884851
2,4932.949726875707
3,4932.9497269219455
4,4932.9497269093235
5,4932.949726868708
6,4932.949726786854
7,4932.949726831973
8,4932.949726869902
9,4932.949726871336
10,4932.949726853879
11,4932.949726844326
12,4932.949726881976
13,4932.949726863804
14,4932.9497268423665
15,4932.949726893937
16,4932.9497268194145
17,4932.949726866712
18,4932.949726897727
19,4932.949726856687
20,4932.94972687656
