Run,Cost
1,4929.930527980074
2,4929.930527949136
3,4929.930527972205
4,4929.930527970645
5,4929.930527980575
6,4929.930527932399
7,4929.930527946484
8,4929.9305279536675
9,4929.93052803651
10,4929.930527972675
11,4929.930527949903
12,4929.930527966205
13,4929.930527980715
14,4929.9305279926975
15,4929.930528035438
16,4929.930527975467
17,4929.9305279858245
18,4929.930528057336
19,4929.930528016107
20,4929.930527955063
