Run,Cost
1,8361.642137683002
2,8361.642137736768
3,8359.444038351194
4,8361.642137745934
5,8361.642137710998
6,8361.642137806146
7,8359.44403834145
8,8359.444038348052
9,8359.444038378562
10,8359.44403844487
11,8361.642137718392
12,8359.444038392938
13,8359.444038357547
14,8361.642137659052
15,8361.642137633222
16,8359.444038271358
17,8359.444038368878
18,8361.642137658377
19,8361.642137757497
20,8361.642137789664
