Run,Cost
1,8423.720391396773
2,8423.7203913287
3,8423.72039134681
4,8423.720391317893
5,8423.72039137655
6,8423.720391387997
7,8423.720391334815
8,8423.720391379838
9,8423.720391441688
10,8423.720391418768
11,8423.720391377128
12,8423.72039135607
13,8423.720391295506
14,8423.720391338245
15,8423.72039144774
16,8423.720391386061
17,8423.720391399504
18,8423.720391388893
19,8423.720391348998
20,8423.720391337762
