Run,Cost
1,7197.998056304736
2,7197.631392942949
3,7197.998056303998
4,7197.631392921106
5,7197.6313929691705
6,7197.631392938945
7,7197.998056328688
8,7197.998056345768
9,7197.998056281287
10,7197.631393001419
11,7197.998056241174
12,7197.998056299934
13,7197.998056280058
14,7197.998056187523
15,7197.631392911186
16,7197.998056366353
17,7197.998056282326
18,7197.998056265746
19,7197.9980562791925
20,7197.631393054398
