Run,Cost
1,7196.828654419431
2,7196.828654459696
3,7196.828654523543
4,7196.828654423376
5,7196.828654430394
6,7196.828654495944
7,7196.828654467524
8,7196.828654471309
9,7196.8286544448565
10,7196.828654452238
11,7196.828654451043
12,7196.828654465689
13,7196.828654498435
14,7196.828654501738
15,7196.828654445611
16,7196.828654515321
17,7196.828654428294
18,7196.828654496632
19,7196.828654433317
20,7196.828654457136
