Run,Cost
1,5419.708674335511
2,5419.70867427634
3,5419.708674341181
4,5419.708674341493
5,5419.708674349476
6,5419.7086743031605
7,5419.708674343196
8,5419.708674331926
9,5419.708674355923
10,5419.708674309137
11,5419.708674285538
12,5419.708674330379
13,5419.70867430393
14,5419.7086743508025
15,5419.7086742803795
16,5419.708674347954
17,5419.708674307776
18,5419.7086742919855
19,5419.708674291654
20,5419.708674319382
