Run,Cost
1,5429.013719096202
2,5429.013719072636
3,5429.013719039576
4,5429.013719103035
5,5429.013719066323
6,5429.013719053681
7,5429.013719066768
8,5429.01371908207
9,5429.013719097589
10,5429.0137190843625
11,5429.013719037827
12,5429.013719085435
13,5429.01371904109
14,5429.0137190818305
15,5429.013719055547
16,5429.013719066987
17,5429.0137190667
18,5429.013719119735
19,5429.013719054813
20,5429.013719075926
