Run,Cost
1,8683.108499331394
2,8683.108499350217
3,8683.108499411448
4,8683.108499304335
5,8683.10849928084
6,8683.108499381266
7,8683.108499399887
8,8683.108499347914
9,8683.108499290449
10,8683.108499369633
11,8683.108499351749
12,8683.10849935654
13,8683.10849938583
14,8683.10849936233
15,8683.10849933958
16,8683.108499366517
17,8683.108499435153
18,8683.10849933876
19,8683.108499358128
20,8683.108499340064
