Run,Cost
1,8698.845269130547
2,8698.845269072091
3,8698.84526908357
4,8698.845269044157
5,8698.845269101213
6,8698.845269101826
7,8698.845269113677
8,8698.845269066589
9,8698.845269172165
10,8698.845269084484
11,8698.845269022455
12,8698.845269133184
13,8698.845269013169
14,8698.845269088033
15,8698.845269039259
16,8698.84526910325
17,8698.84526907702
18,8698.845269054435
19,8698.845269089672
20,8698.845269156032
