Run,Cost
1,7674.185556565992
2,7674.185556647671
3,7676.505639428774
4,7676.505639419619
5,7676.505639445475
6,7676.5056394901885
7,7676.505639415141
8,7674.185556619391
9,7674.185556605897
10,7676.505639538754
11,7676.50563940114
12,7674.185556623758
13,7674.185556597753
14,7674.185556627505
15,7674.185556610597
16,7676.505639393938
17,7676.505639340758
18,7674.185556573784
19,7676.505639425967
20,7676.505639400808
