Run,Cost
1,7604.130347567711
2,7604.130347594967
3,7604.130347560245
4,7604.130347609839
5,7605.409206718328
6,7604.130347578
7,7604.130347569987
8,7605.409206732653
9,7604.130347556351
10,7605.409206793808
11,7604.1303476233525
12,7604.130347602161
13,7605.409206725788
14,7604.130347638408
15,7604.130347521359
16,7604.130347564217
17,7605.409206737481
18,7604.130347514067
19,7605.409206769622
20,7604.130347547751
