Run,Cost
1,5524.912164647289
2,5524.912164654618
3,5524.912164673636
4,5524.912164628104
5,5524.912164648397
6,5524.912164658629
7,5524.912164622942
8,5524.912164600754
9,5524.912164631864
10,5524.91216465636
11,5524.912164657999
12,5524.912164622505
13,5524.9121646558915
14,5524.912164585797
15,5524.912164617449
16,5524.912164680644
17,5524.9121646512085
18,5524.912164635789
19,5524.9121646644335
20,5524.912164636881
