Run,Cost
1,5555.319800303333
2,5555.578159624152
3,5555.319800292964
4,5555.319800308344
5,5555.319800331224
6,5555.3198003365405
7,5555.319800343406
8,5555.57815950575
9,5555.319800390008
10,5555.578159599263
11,5555.319800379625
12,5555.578159568227
13,5555.319800360368
14,5555.319800321354
15,5555.578159562878
16,5555.319800330789
17,5555.578159620676
18,5555.578159586386
19,5555.319800298472
20,5555.578159565223
