Run,Cost
1,3951.9476313189007
2,3951.947631356838
3,3951.947631337969
4,3951.9476313460127
5,3951.9476312983747
6,3951.9476313362475
7,3951.947631364161
8,3951.947631368456
9,3951.947631359925
10,3951.9476313444675
11,3951.947631310726
12,3951.9476313574196
13,3951.9476313349865
14,3951.947631294439
15,3951.9476313266764
16,3951.9476313628275
17,3951.9476313679625
18,3951.947631323708
19,3951.9476313765363
20,3951.9476313076493
