Run,Cost
1,3948.121405713719
2,3948.1214057265684
3,3948.121405684689
4,3948.1214056259046
5,3948.121405695985
6,3948.1214056649155
7,3948.1214056561353
8,3948.1214056709237
9,3948.1214056934573
10,3948.1214057421266
11,3948.1214056856493
12,3948.1214056953204
13,3948.1214056579092
14,3948.121405710034
15,3948.121405681921
16,3948.1214057390375
17,3948.1214057385364
18,3948.1214056441036
19,3948.1214057118314
20,3948.1214056622784
