Run,Cost
1,4808.343965697257
2,4808.3439656598075
3,4808.343965636323
4,4808.34396570222
5,4808.343965630625
6,4808.343965661579
7,4808.343965712528
8,4808.343965667979
9,4808.343965756839
10,4808.343965674723
11,4808.3439656436485
12,4808.343965662423
13,4808.3439657109175
14,4808.343965695986
15,4808.34396570882
16,4808.343965657563
17,4808.343965683159
18,4808.343965684956
19,4808.343965681789
20,4808.343965661618
