Run,Cost
1,6210.3775097952275
2,6210.377509843014
3,6210.377509837664
4,6210.377509782915
5,6210.377509779717
6,6210.377509817906
7,6210.377509852805
8,6210.377509819515
9,6210.37750985823
10,6210.377509802083
11,6210.377509868241
12,6210.377509869097
13,6210.3775098222395
14,6210.377509770493
15,6210.377509824019
16,6210.377509754045
17,6210.377509777621
18,6210.377509838484
19,6210.3775097788175
20,6210.377509834408
