Run,Cost
1,6224.8426687289375
2,6224.842668731215
3,6224.842668706874
4,6224.842668700434
5,6224.8426687162
6,6224.842668722225
7,6224.842668682892
8,6224.842668734581
9,6224.842668698299
10,6224.842668754484
11,6224.842668804969
12,6224.842668729131
13,6224.842668798695
14,6224.842668765807
15,6224.842668736867
16,6224.84266876879
17,6224.842668693314
18,6224.842668805257
19,6224.842668760967
20,6224.842668709979
