Run,Cost
1,3055.986607941034
2,3055.9866079854037
3,3055.9866079781964
4,3055.9866079926996
5,3055.9866079436115
6,3055.986607936665
7,3055.986607967622
8,3055.986607968438
9,3055.9866080392326
10,3055.986607960602
11,3055.986608001605
12,3055.9866079611993
13,3055.9866079997764
14,3055.9866079625326
15,3055.986607982314
16,3055.9866079387157
17,3055.986607976572
18,3055.9866079783997
19,3055.986607971732
20,3055.9866079340304
