Run,Cost
1,3058.7054993096854
2,3058.7054992918193
3,3058.705499312365
4,3058.705499283194
5,3058.705499309981
6,3058.705499318916
7,3058.705499316205
8,3058.7054992736066
9,3058.705499279227
10,3058.705499368357
11,3058.7054993164693
12,3058.70549930034
13,3058.7054992857566
14,3058.7054993290963
15,3058.705499304257
16,3058.705499290113
17,3058.7054993072607
18,3058.705499295671
19,3058.705499261326
20,3058.70549927117
