Run,Cost
1,15537.869904350808
2,15537.869904370826
3,15537.869904318159
4,15537.86990436294
5,15537.86990438307
6,15537.869904307892
7,15537.869904365869
8,15537.869904327283
9,15537.869904354415
10,15537.869904502448
11,15537.869904318315
12,15537.869904341012
13,15537.86990435499
14,15537.869904332818
15,15537.869904342435
16,15537.869904367593
17,15537.86990436926
18,15537.869904351635
19,15537.869904346655
20,15537.869904332572
