Run,Cost
1,15530.620176276145
2,15530.620176275292
3,15530.620176259528
4,15530.620176228545
5,15530.620176233933
6,15530.62017622711
7,15530.620176311138
8,15530.620176387953
9,15530.62017625701
10,15530.620176261413
11,15530.620176300985
12,15530.620176233038
13,15530.620176296863
14,15530.620176206123
15,15530.620176186432
16,15530.620176280458
17,15530.620176249347
18,15530.62017623904
19,15530.620176295573
20,15530.620176404418
