Run,Cost
1,7213.702903484238
2,7216.553483945229
3,7210.701240850901
4,7217.610640525669
5,7217.610640577416
6,7213.702903494699
7,7217.610640605185
8,7217.610640607928
9,7213.702903520557
10,7210.70124082219
11,7210.7012408883165
12,7217.610640514669
13,7213.551821212871
14,7214.608977834485
15,7210.701240823645
16,7214.60897785745
17,7210.701240773957
18,7214.608977902883
19,7210.701240851163
20,7213.702903515192
