Run,Cost
1,5934.465210816005
2,5934.465210826701
3,5934.465210847658
4,5934.46521081451
5,5934.465210862037
6,5934.465210864046
7,5934.465210854515
8,5934.465210845793
9,5934.465210834177
10,5934.465210818715
11,5934.465210796534
12,5934.465210857535
13,5934.46521086497
14,5934.465210846308
15,5934.465210826981
16,5934.465210868596
17,5934.465210854988
18,5934.465210819749
19,5934.46521080304
20,5934.46521077328
