Run,Cost
1,5946.689131217573
2,5946.6891312051
3,5946.689131222773
4,5946.6891312147845
5,5946.689131245981
6,5946.68913122963
7,5946.689131251772
8,5946.689131205364
9,5946.689131210501
10,5946.689131238743
11,5946.689131235622
12,5946.689131236638
13,5946.689131235994
14,5946.689131223911
15,5946.689131248004
16,5946.689131248783
17,5946.689131265915
18,5946.689131269225
19,5946.689131257687
20,5946.6891312246435
