Run,Cost
1,4557.233419770846
2,4557.233419752433
3,4557.750442617011
4,4557.233419816411
5,4557.750442724976
6,4557.750442649523
7,4557.750442731916
8,4557.75044272772
9,4557.75044272479
10,4557.750442716759
11,4557.750442679514
12,4557.233419752708
13,4557.233419825251
14,4557.750442637768
15,4557.750442665703
16,4557.75044269286
17,4557.750442729106
18,4557.750442682302
19,4557.233419799219
20,4557.233419835524
