Run,Cost
1,4796.163287326524
2,4796.163287400265
3,4796.163287371626
4,4796.163287360253
5,4796.163287344845
6,4796.1632873958
7,4796.163287304901
8,4796.163287309077
9,4796.163287354997
10,4796.163287345541
11,4796.163287332421
12,4796.1632873147055
13,4796.163287327935
14,4796.163287407665
15,4796.163287304856
16,4796.163287348507
17,4796.163287361202
18,4796.163287339803
19,4796.163287410302
20,4796.163287372917
