Run,Cost
1,4772.018595876035
2,4774.353864141737
3,4772.018595814986
4,4772.018595825238
5,4772.018595841766
6,4774.353864133455
7,4772.01859581563
8,4774.353864138716
9,4772.018595803824
10,4774.353864062946
11,4774.3538641513305
12,4772.018595906112
13,4774.35386412689
14,4774.353864100503
15,4774.35386413812
16,4772.018595834145
17,4774.353864072096
18,4772.018595848084
19,4774.353864127731
20,4774.353864132323
