Run,Cost
1,387361.2864632229
2,387361.28646180977
3,387361.28646357474
4,387361.28648788965
5,387361.28646278597
6,387361.2864627461
7,387361.2864887775
8,387361.28648869076
9,387361.28646389063
10,387361.28646290745
11,387361.2864624313
12,387361.28646379133
13,387361.28646295035
14,387361.2864637123
15,387361.2864888094
16,387361.2864888843
17,387361.28646357695
18,387361.2864620941
19,387361.2864623747
20,387361.28646293184
