Run,Cost
1,4081584.5350107034
2,4081584.5350101585
3,4081584.5350111546
4,4081584.5350093613
5,4081584.535010251
6,4081584.5350097967
7,4081584.5350089874
8,4081584.535009837
9,4081584.5350101865
10,4081584.535010066
11,4081584.535009996
12,4081584.5350110377
13,4081584.535009971
14,4081584.53500956
15,4081584.5350091243
16,4081584.5350094396
17,4081584.5350108775
18,4081584.5350103457
19,4081584.535009998
20,4081584.5350091206
