Run,Cost
1,619924.2334361934
2,619924.2334360991
3,619924.2334360456
4,619924.2334361152
5,619924.2334362246
6,619924.2334361372
7,619924.2334359031
8,619924.233436206
9,619924.2334358315
10,619924.2334360344
11,619924.2334358948
12,619924.2334360359
13,619924.2334359668
14,619924.2334362791
15,619924.2334360731
16,619924.2334362018
17,619924.2334361523
18,619924.2334356989
19,619924.233436074
20,619924.2334360222
