Run,Cost
1,113242.84386197919
2,113242.84386195472
3,113242.843861674
4,113242.84386196977
5,113242.84386232571
6,113242.8438617884
7,113242.8438619676
8,113242.8438624671
9,113242.84386218118
10,113242.84386219805
11,113242.84386219778
12,113242.84386254272
13,113242.84386179456
14,113242.84386178866
15,113242.84386191382
16,113242.84386147717
17,113242.84386121674
18,113242.84386217232
19,113242.84386248906
20,113242.84386268545
