Run,Cost
1,71.99999999711571
2,70.0000000134338
3,71.99999999019524
4,68.0000000022472
5,70.00000000722125
6,66.99999999608967
7,70.00000000028516
8,69.00000000587912
9,67.00000000786838
10,69.00000001221224
11,71.99999999514591
12,70.00000000115108
13,70.00000000550754
14,69.00000000398617
15,70.00000001420553
16,71.0000000080598
17,70.00000000605479
18,71.00000000161825
19,69.00000000705181
20,69.99999999799755
