Run,Cost
1,254.00000001650142
2,249.99999999963654
3,254.00000001340663
4,254.00000000811502
5,253.999999998164
6,254.00000000378358
7,253.9999999585291
8,251.00000002310767
9,253.999999980697
10,253.99999995139984
11,254.00000000281378
12,253.99999998859073
13,247.99999998456033
14,253.99999999230775
15,249.00000000771243
16,254.00000001027067
17,254.0000000103095
18,253.99999997922274
19,254.00000001334888
20,253.9999999971633
