Run,Cost
1,118.99999997694938
2,128.00000001549836
3,128.00000000605272
4,126.00000000370596
5,127.99999999444114
6,127.99999999689268
7,127.00000000255433
8,132.999999995661
9,129.00000000380706
10,112.00000000136068
11,128.00000000002018
12,128.99999999433814
13,119.00000002674376
14,110.99999998966041
15,117.00000001144794
16,128.99999999702206
17,117.99999998869006
18,118.99999999369362
19,119.00000000220496
20,118.9999999781919
