Run,Cost
1,77.00000002286217
2,82.00000001668074
3,78.00000002162297
4,73.00000001710535
5,76.00000002090707
6,85.00000002316327
7,81.00000001288218
8,79.00000000852216
9,86.00000002038944
10,89.00000002303784
11,86.00000001833013
12,82.00000001731514
13,85.00000002645302
14,77.00000001551687
15,85.00000001679024
16,75.00000002287663
17,80.0000000175811
18,85.00000000872272
19,84.00000002325105
20,75.00000002314565
