Run,Cost
1,41.000000011408694
2,39.00000001791713
3,39.00000001642354
4,38.000000015910985
5,47.00000001880303
6,42.00000001942492
7,48.00000001100171
8,44.00000002099406
9,48.00000001341821
10,48.00000001395916
11,49.00000001289259
12,39.00000001473813
13,46.000000019465745
14,42.00000002080185
15,39.00000001963877
16,44.00000002047638
17,42.00000002075209
18,45.00000002612759
19,40.00000002501605
20,45.00000001584938
