Run,Cost
1,90.00000001705047
2,90.00000002180347
3,89.99999999871663
4,89.9999999856528
5,86.00000000607969
6,90.00000000681169
7,86.00000000372549
8,89.9999999973381
9,86.00000000365776
10,89.99999999929486
11,86.00000000799804
12,90.00000000216099
13,90.00000001376306
14,89.9999999959556
15,85.99999999557556
16,86.00000002063067
17,85.99999999911189
18,89.99999999186622
19,86.00000001317153
20,90.00000000068677
