Run,Cost
1,50.99999999846149
2,50.9999999932301
3,51.00000000779441
4,51.000000005586315
5,51.00000000194025
6,50.00000000321808
7,51.000000008078125
8,51.0000000012277
9,50.999999999505526
10,51.00000000306506
11,50.00000000979322
12,50.99999998931754
13,49.00000000810615
14,51.9999999962638
15,51.00000000166168
16,51.00000000237869
17,50.999999996227885
18,49.000000002203905
19,50.0000000083297
20,50.99999999939114
