Run,Cost
1,254.0000000081858
2,254.00000001425394
3,254.00000002785856
4,253.9999999931946
5,253.99999999820056
6,253.99999999147713
7,253.99999997985813
8,254.000000037739
9,254.0000000026487
10,254.00000000164638
11,253.99999999109846
12,253.99999999795912
13,254.00000003456046
14,254.00000002374273
15,254.0000000004325
16,253.99999999329447
17,254.00000001748523
18,253.99999999187398
19,253.9999999857401
20,254.0000000064604
