Run,Cost
1,119.00000001563325
2,140.0000000065933
3,140.99999999133064
4,117.00000001210101
5,130.00000002401714
6,131.00000000262887
7,144.00000001155635
8,144.00000000995456
9,139.9999999938532
10,149.99999998866812
11,137.00000002483392
12,136.00000001881241
13,129.000000013996
14,124.00000000967525
15,126.00000003185666
16,150.0000000005863
17,153.00000000664855
18,133.00000002107942
19,145.00000002766166
20,148.99999999170004
