Run,Cost
1,369.0000000109078
2,363.00000000262725
3,366.99999998952535
4,366.9999999806233
5,369.00000000674754
6,362.99999995902124
7,366.9999999947893
8,368.9999999771709
9,369.000000015175
10,367.00000001198515
11,368.99999998530427
12,369.00000000023533
13,366.99999999077966
14,369.0000000199449
15,369.0000000434481
16,367.0000000142809
17,366.99999998817543
18,368.9999999527024
19,363.0000000026196
20,369.00000000032617
