Run,Cost
1,137.99999999936853
2,142.9999999969585
3,140.0000000147032
4,131.9999999889883
5,133.9999999939251
6,139.99999999283753
7,134.99999999054018
8,144.00000000916572
9,135.00000000424365
10,133.0000000019526
11,133.9999999982498
12,137.00000000551623
13,139.9999999990079
14,136.99999999060555
15,141.0000000066903
16,140.00000001597584
17,134.99999999300883
18,142.99999999940619
19,137.00000002081583
20,134.99999996741573
