Run,Cost
1,369.0000000242151
2,369.00000004122063
3,369.00000002523274
4,369.00000002335855
5,368.99999997738274
6,368.999999994496
7,369.00000001046374
8,369.00000002244116
9,369.00000002309076
10,368.9999999979265
11,368.999999994189
12,369.0000000150906
13,369.0000000066336
14,369.00000001214664
15,368.99999994938344
16,368.99999998264855
17,369.00000000561573
18,369.0000000405974
19,368.99999996142554
20,369.00000000783996
