Run,Cost
1,52.00000002493178
2,52.00000002847344
3,57.00000002779259
4,60.00000002040007
5,58.00000002156938
6,55.00000002834811
7,59.00000002162827
8,52.000000019180064
9,54.00000002185052
10,58.000000021700686
11,56.00000001293077
12,50.00000001815979
13,57.00000002090193
14,54.00000002736743
15,50.00000002737092
16,54.00000002970994
17,54.00000002950033
18,57.000000023066434
19,59.0000000209523
20,56.00000002350266
