Run,Cost
1,65.99999999883349
2,68.00000000809796
3,70.00000000429276
4,61.00000000900414
5,65.00000000197937
6,66.99999999956607
7,69.0000000032728
8,68.00000000103206
9,67.9999999989909
10,67.00000000864453
11,68.00000000873167
12,66.99999999808692
13,68.00000000816816
14,65.00000000286006
15,68.99999999968894
16,64.00000000873733
17,66.00000000242741
18,68.00000000674399
19,68.00000000013648
20,68.00000000404928
