Run,Cost
1,162.00000000025173
2,166.0000000003102
3,153.00000001307257
4,153.00000002881308
5,154.00000002062256
6,156.0000000031771
7,183.0000000019985
8,167.00000000572922
9,169.00000004267287
10,162.00000001594384
11,167.00000003825576
12,162.00000001363804
13,159.00000002574927
14,157.00000000350147
15,162.00000001442558
16,153.00000000626326
17,161.00000001103353
18,162.00000001136863
19,172.0000000241264
20,183.0000000187507
