Run,Cost
1,114.00000001551645
2,112.00000001997984
3,115.00000001235789
4,116.00000001711476
5,122.00000003712832
6,120.00000002054152
7,117.00000001472382
8,111.00000000952957
9,118.00000001730376
10,108.00000001896481
11,108.0000000317222
12,97.00000005344663
13,122.00000001186622
14,126.0000000304681
15,119.00000002011373
16,99.00000002211425
17,122.00000002112148
18,131.00000001324722
19,110.00000001713131
20,109.00000002063094
