Run,Cost
1,75.00000002581025
2,76.00000002121129
3,79.00000001744998
4,82.00000002304907
5,76.0000000197272
6,79.00000002578005
7,73.00000001166657
8,79.00000002745622
9,81.00000001733933
10,83.00000001988614
11,80.00000002971926
12,82.00000002783779
13,78.00000002182429
14,70.00000002375575
15,76.00000002286974
16,71.00000002084677
17,73.00000002075302
18,82.00000001788793
19,73.00000002859304
20,75.00000002403853
