Run,Cost
1,242.00000001919062
2,237.99999998000013
3,235.0000000053204
4,236.00000001549918
5,239.00000001026274
6,236.99999999904244
7,239.00000001150573
8,215.00000000670934
9,247.999999967141
10,214.99999997136757
11,241.9999999908321
12,238.000000005362
13,242.99999999501625
14,238.0000000088365
15,235.9999999933375
16,239.0000000015683
17,223.00000001068713
18,221.00000000524076
19,238.00000000928114
20,243.000000025968
