Run,Cost
1,133.0000000349045
2,126.00000003614484
3,145.0000000164749
4,133.000000034503
5,133.0000000164672
6,140.00000001472225
7,126.00000003495174
8,130.00000003472482
9,131.00000002433353
10,141.00000000591243
11,140.00000003001188
12,122.00000003234584
13,147.00000001286486
14,132.0000000314844
15,143.0000000261263
16,128.00000002243848
17,141.00000002595453
18,132.00000003185622
19,145.00000003090375
20,131.00000003170706
