Run,Cost
1,92.00000002287682
2,107.00000001434078
3,99.00000001886359
4,91.00000003802796
5,98.00000002746744
6,90.00000002788717
7,96.0000000403998
8,101.00000001978444
9,93.000000035378
10,91.00000002400309
11,93.00000002162592
12,94.0000000322235
13,92.00000002426128
14,100.00000002898213
15,92.00000002827048
16,103.00000002543844
17,104.00000003955846
18,96.00000002603002
19,87.00000003445633
20,101.00000002821356
