Run,Cost
1,101.99999999089391
2,102.00000000587409
3,102.99999999751039
4,109.99999999848832
5,104.00000000652811
6,95.00000000695199
7,98.9999999890267
8,96.00000002413086
9,101.99999999657598
10,103.99999999815282
11,103.99999999717694
12,101.9999999855307
13,102.00000001468635
14,104.99999999950862
15,101.99999999466235
16,105.00000001328344
17,99.00000001550806
18,101.00000001157724
19,100.00000001015566
20,102.0000000137562
