Run,Cost
1,135.9999999931291
2,136.00000001522798
3,139.99999999842396
4,147.9999999957598
5,140.00000002749684
6,148.000000022519
7,135.99999999260484
8,147.99999999174605
9,140.0000000058243
10,147.99999999497751
11,139.9999999880749
12,135.99999999909895
13,147.9999999926398
14,135.99999999873077
15,140.00000000920892
16,148.00000001607668
17,135.99999998349512
18,147.99999998335062
19,141.99999999940064
20,136.00000000224358
