Run,Cost
1,202.99999999663572
2,202.00000005570521
3,228.00000001416046
4,206.00000001599417
5,219.0000000185342
6,224.00000003435554
7,237.9999999916827
8,228.00000005729012
9,189.00000002397226
10,214.00000003130793
11,213.00000002257764
12,227.99999998588584
13,204.00000002315062
14,212.00000001698288
15,206.999999985699
16,194.00000002117318
17,223.9999999903184
18,206.00000002005459
19,221.00000001445804
20,226.00000004129225
