Run,Cost
1,491.0000000432897
2,490.99999998184404
3,491.0000000237966
4,490.9999999850339
5,490.99999998887404
6,491.0000000523052
7,491.00000004699655
8,489.99999999614204
9,491.00000002688574
10,490.0000000251794
11,490.9999999903262
12,491.00000002782184
13,491.0000000121524
14,489.9999999397505
15,490.0000000317478
16,490.0000000015509
17,491.00000005229765
18,490.9999999813244
19,489.9999999886136
20,490.000000002024
