Run,Cost
1,491.0000000063948
2,491.0000000187103
3,490.00000005665066
4,490.9999999551929
5,490.0000000286619
6,491.0000000088285
7,490.0000000068275
8,491.00000000274247
9,491.0000000215469
10,490.00000002655895
11,490.0000000436684
12,490.00000003396093
13,490.9999999773756
14,490.0000000161397
15,490.9999999916863
16,490.9999999516611
17,491.00000002212005
18,490.0000000121167
19,491.0000000229512
20,490.0000000420743
