Run,Cost
1,70.00000002127406
2,71.00000003182777
3,65.00000003188298
4,68.00000002828506
5,67.00000003216466
6,70.00000003309101
7,71.00000003416619
8,72.00000003063963
9,76.00000002543959
10,70.000000030053
11,70.00000003004577
12,71.00000001989179
13,68.0000000271305
14,72.00000003213152
15,65.00000002856723
16,73.00000002523825
17,63.00000003054356
18,66.00000002234853
19,64.00000003368787
20,61.000000029253734
