Run,Cost
1,76.000000002972
2,84.00000000261292
3,81.00000000010583
4,76.00000000348419
5,79.00000000190595
6,78.00000000785586
7,78.00000000153943
8,83.99999999991066
9,73.99999999539459
10,73.00000000887036
11,77.00000000884616
12,83.00000000556334
13,80.00000001490508
14,71.99999999761222
15,78.00000000304681
16,77.99999999929727
17,80.00000000874239
18,81.00000000617624
19,77.99999999800993
20,77.99999999264816
