Run,Cost
1,74.000000032761
2,77.0000000331021
3,79.00000003538256
4,78.00000003465136
5,80.00000003030637
6,77.00000004332506
7,77.00000002755664
8,75.00000003648877
9,79.00000003511643
10,82.00000003425319
11,82.0000000351461
12,75.00000003160558
13,81.00000002526463
14,87.00000003248506
15,82.0000000368667
16,86.00000002276414
17,80.00000004182392
18,83.00000003178249
19,75.00000003926962
20,77.00000003158121
