Run,Cost
1,169.00000001580923
2,177.0000000162695
3,175.00000001365916
4,171.00000000829252
5,190.9999999998006
6,188.9999999961024
7,176.99999999302585
8,166.0000000084647
9,180.99999999766453
10,181.99999998200255
11,179.00000000132462
12,189.00000002289224
13,184.0000000209898
14,179.00000001619762
15,178.99999998923997
16,179.0000000002351
17,165.00000000777237
18,182.0000000099781
19,187.99999998138887
20,165.00000003744617
