Run,Cost
1,245.99999998585463
2,237.00000004734198
3,252.00000000577953
4,259.0000000110997
5,265.00000001331495
6,286.999999992134
7,263.0000000254621
8,267.9999999965575
9,286.0000000233519
10,235.00000000523193
11,292.0000000408069
12,257.0000000141446
13,247.0000000431201
14,273.0000000349112
15,271.0000000167243
16,266.0000000062695
17,265.00000000452224
18,250.0000000138872
19,278.0000000113808
20,257.0000000277604
