Run,Cost
1,103.00000003622434
2,124.00000001778803
3,121.00000004265648
4,113.00000003968482
5,114.0000000393392
6,109.00000004472324
7,117.00000001883697
8,110.00000003196726
9,128.00000002859323
10,108.00000003307892
11,114.00000004323341
12,106.00000002764891
13,120.00000002732438
14,124.00000005022885
15,112.00000004060203
16,116.00000003056046
17,111.00000004897173
18,114.00000003822593
19,116.00000001909042
20,119.00000003064667
