Run,Cost
1,656.9999999756197
2,656.9999999786351
3,656.9999999895826
4,657.0000000058272
5,656.9999999853895
6,657.0000000224688
7,656.9999999804926
8,657.0000000475269
9,657.0000000248382
10,656.999999970968
11,657.0000000062031
12,657.0000000584283
13,657.0000000133459
14,656.9999999453074
15,657.0000000060153
16,657.0000000187849
17,657.0000000274731
18,657.0000000205613
19,656.9999999905715
20,657.0000000138461
