Run,Cost
1,92.00000001203401
2,90.99999998452799
3,92.00000000330976
4,89.0000000047419
5,92.00000000296285
6,92.99999998408859
7,92.00000000312968
8,91.99999999957339
9,93.00000000101403
10,90.99999999829889
11,92.9999999967847
12,91.99999999836534
13,90.00000001597604
14,95.00000000099783
15,93.00000001171459
16,92.00000000097327
17,91.99999999644473
18,89.00000001508751
19,91.00000000696998
20,90.0000000021132
