Run,Cost
1,172.00000003224056
2,176.00000003891734
3,162.00000004543858
4,162.00000002404988
5,166.00000001866215
6,166.00000001958657
7,162.00000003811266
8,169.00000004492043
9,174.00000002014707
10,159.00000003189948
11,178.0000000185931
12,169.00000003096247
13,183.0000000306731
14,164.00000002584244
15,162.00000004087076
16,177.00000002443275
17,176.00000003144348
18,165.00000003575715
19,171.000000011436
20,175.0000000204144
