Run,Cost
1,656.9999999833025
2,656.9999999726938
3,656.9999999610317
4,636.9999999713607
5,656.9999999816396
6,656.9999999769072
7,656.9999999934012
8,656.9999999526217
9,656.9999999508904
10,657.0000000394924
11,656.9999999831696
12,657.000000008361
13,652.0000000468311
14,657.0000000210268
15,656.9999999571523
16,652.0000000242101
17,657.00000000884
18,656.9999999715561
19,640.9999999671157
20,652.0000000228496
