Run,Cost
1,267.99999999826946
2,276.9999999905834
3,268.00000001107094
4,277.0000000136096
5,268.0000000229151
6,277.0000000104588
7,267.0000000035882
8,266.99999997609837
9,266.0000000140837
10,273.99999998102544
11,277.00000000418135
12,268.0000000238882
13,275.00000000479054
14,283.00000003449685
15,267.9999999879977
16,273.99999998758625
17,277.0000000220925
18,268.0000000011928
19,277.00000000697696
20,272.9999999887174
