Run,Cost
1,80.00000000857638
2,81.00000001433685
3,95.00000000687282
4,75.00000002037083
5,90.00000002151495
6,81.0000000252698
7,78.00000001818765
8,91.00000001912723
9,76.0000000199212
10,73.00000001440368
11,87.00000000902644
12,80.00000001270615
13,76.00000001701194
14,79.00000001274576
15,86.00000000790233
16,78.00000002614073
17,75.00000002936326
18,77.0000000224052
19,81.00000001613574
20,81.00000002506134
