Run,Cost
1,63.00000002016211
2,65.00000001848377
3,59.00000002383949
4,57.000000012777086
5,71.00000000017678
6,67.00000001699955
7,63.00000001553076
8,61.000000020229294
9,59.00000002069956
10,59.00000001972686
11,69.00000001816124
12,58.00000002140742
13,65.0000000094533
14,63.000000008599926
15,55.000000036202486
16,63.00000001701997
17,66.00000002197962
18,59.000000016766165
19,68.00000000898181
20,58.000000026506974
