Run,Cost
1,52.00000000538839
2,52.000000013597486
3,51.99999999930825
4,51.00000000034964
5,51.99999999627635
6,52.00000000471926
7,52.00000000042355
8,50.000000007492424
9,51.00000000149761
10,52.00000000919075
11,51.999999996650665
12,50.99999999355365
13,52.00000000443469
14,52.00000000481071
15,52.00000000751988
16,52.00000000222588
17,51.00000000180214
18,49.00000000947602
19,52.00000000061344
20,52.00000000971913
