Run,Cost
1,141.99999999477873
2,142.00000000267414
3,142.00000000813367
4,141.0000000160964
5,141.00000001483102
6,141.00000000352395
7,141.0000000048195
8,141.00000002335662
9,143.9999999909326
10,141.0000000038158
11,141.00000002167127
12,141.00000000059967
13,141.00000000141517
14,141.99999998071584
15,141.00000000211267
16,141.00000000424416
17,142.00000001050606
18,140.99999999757787
19,140.99999999185852
20,141.00000000701127
