Run,Cost
1,147.00000002171166
2,134.00000000568772
3,121.00000000840295
4,134.00000000898834
5,140.00000002711985
6,117.99999998861975
7,124.00000001300853
8,126.00000000174597
9,146.000000016927
10,138.0000000005151
11,143.00000001243163
12,148.00000001204256
13,133.00000000152133
14,132.0000000096614
15,148.00000002540276
16,117.00000002562209
17,146.00000002881657
18,115.00000001674888
19,120.00000001326835
20,139.0000000167703
