Run,Cost
1,71.99999999723481
2,72.00000001117812
3,71.99999999294641
4,71.99999999390673
5,72.00000000106361
6,74.00000000294068
7,71.9999999988524
8,72.0000000012909
9,71.9999999933869
10,71.99999999831405
11,72.00000000571671
12,71.99999999627552
13,72.00000000458977
14,71.99999999839692
15,72.00000000477532
16,72.00000000603822
17,71.9999999919491
18,72.00000000373767
19,72.00000000248136
20,71.99999999738246
