Run,Cost
1,253.9999999797979
2,253.9999999693864
3,254.00000000627332
4,253.99999999908957
5,254.0000000189856
6,252.00000000452826
7,253.9999999892932
8,254.0000000110706
9,254.00000000053896
10,249.00000000921963
11,250.99999999350592
12,253.99999999245762
13,250.00000000055377
14,253.999999978328
15,250.9999999680025
16,249.99999999291362
17,251.99999997968294
18,254.00000001852766
19,250.0000000269352
20,251.00000000964258
