Run,Cost
1,88.00000000731498
2,87.99999999649349
3,88.0000000178744
4,87.99999999600166
5,88.00000000316625
6,88.00000000482297
7,88.00000001289631
8,92.00000000047046
9,88.00000000699093
10,88.00000000529627
11,88.00000001033759
12,87.99999998841105
13,88.00000000495069
14,87.99999999800282
15,93.00000001344642
16,88.00000000799454
17,87.99999999898277
18,88.00000000626868
19,87.99999999263294
20,88.0000000054915
