Run,Cost
1,42.00000001785703
2,39.0000000197495
3,42.00000001212104
4,43.00000000765835
5,46.000000013476686
6,47.000000015035496
7,36.000000018745325
8,46.0000000190515
9,40.000000016192004
10,38.00000001734812
11,39.000000013801255
12,43.000000018783965
13,42.00000001656955
14,32.000000023907155
15,41.00000001852646
16,41.00000001734693
17,45.000000022708136
18,44.0000000163104
19,47.000000017661996
20,38.00000002110068
