Run,Cost
1,369.00000000909057
2,368.9999999922158
3,369.00000000004445
4,368.99999996728894
5,369.0000000298486
6,369.00000000168114
7,368.9999999890459
8,369.0000000271871
9,369.0000000260358
10,368.99999999385517
11,369.0000000135608
12,368.99999999833454
13,369.0000000374392
14,369.0000000166509
15,368.999999983575
16,369.0000000399763
17,369.00000002437116
18,368.9999999953968
19,368.99999998200684
20,369.00000001454197
