Run,Cost
1,166.00000002482642
2,170.00000002784103
3,158.00000001446583
4,172.00000003491664
5,163.0000000384223
6,162.00000002436343
7,182.99999999428977
8,178.00000001705885
9,161.00000001800174
10,141.99999999750992
11,145.00000003878927
12,165.99999999794494
13,186.0000000108319
14,169.99999999542618
15,158.00000001179293
16,167.00000003835248
17,174.00000000356462
18,160.99999999900083
19,169.99999998951736
20,177.00000002827477
