Run,Cost
1,89.00000000227999
2,86.00000000027481
3,87.99999999925582
4,86.9999999985037
5,89.99999999291407
6,87.0000000000983
7,90.00000000671996
8,87.00000000394974
9,85.00000000863746
10,88.00000000211976
11,87.00000000240789
12,88.00000001556882
13,90.9999999944786
14,88.99999999450027
15,85.00000000335918
16,88.00000000074924
17,86.99999998900003
18,85.00000000341306
19,92.99999999566302
20,89.00000001070113
