Run,Cost
1,126.00000004096256
2,114.00000002790452
3,102.00000001680813
4,113.00000003084068
5,109.0000000064478
6,123.00000001036594
7,120.00000002622019
8,104.00000002233085
9,120.00000002532651
10,114.00000002985786
11,119.00000002051665
12,109.00000000954077
13,121.00000003670762
14,109.00000000521192
15,116.00000003356715
16,118.0000000248951
17,124.00000003109045
18,119.0000000209704
19,109.00000004319539
20,121.00000001589353
