Run,Cost
1,80.00000002645804
2,71.00000002830895
3,76.0000000153809
4,80.000000022018
5,82.00000002610923
6,81.00000002636597
7,74.00000002236872
8,73.00000002630286
9,85.00000001696519
10,72.00000003576402
11,81.00000002507124
12,79.0000000236161
13,80.0000000258858
14,74.00000002214013
15,73.00000002243115
16,79.0000000285559
17,79.00000002281638
18,76.00000002530744
19,85.0000000178634
20,78.00000002552122
