Run,Cost
1,179.99999999210957
2,181.000000020497
3,181.00000000060442
4,170.9999999997107
5,181.00000000478545
6,180.00000001036284
7,180.99999999966155
8,180.99999999715158
9,181.00000002077508
10,180.99999998860105
11,180.99999998612518
12,180.99999999760834
13,180.99999998391874
14,180.99999999379548
15,180.9999999957289
16,181.00000001292452
17,180.99999999682444
18,181.0000000210408
19,181.00000004553146
20,180.99999998643017
