Run,Cost
1,147.0000000005145
2,136.00000000745808
3,137.00000000068593
4,141.99999999307
5,134.9999999968516
6,136.00000001238763
7,136.9999999961706
8,133.99999998996722
9,137.99999999819389
10,131.00000001510404
11,135.00000000379436
12,135.00000000852532
13,135.0000000021031
14,146.99999999380685
15,131.00000000209874
16,136.0000000051161
17,132.0000000052744
18,137.00000000979733
19,147.00000000693856
20,138.0000000059462
