Run,Cost
1,59.00000001736372
2,58.00000002198475
3,59.00000002038731
4,55.00000001859822
5,53.00000002371732
6,50.000000026282656
7,50.000000024122805
8,50.000000019019915
9,53.00000002115346
10,54.00000002499235
11,58.00000001800036
12,51.00000003004532
13,55.000000020181844
14,54.000000028575904
15,59.00000002691122
16,54.000000014933256
17,52.0000000228789
18,57.000000027718215
19,62.00000001881851
20,53.00000002092934
