Run,Cost
1,158.99999999903915
2,158.00000000197693
3,163.00000000503536
4,160.00000000482618
5,160.00000001679453
6,163.00000000030352
7,159.999999995336
8,160.00000000056812
9,159.9999999940259
10,160.0000000102369
11,160.0000000142361
12,161.00000000498522
13,159.99999998272324
14,159.99999999718833
15,157.99999999051803
16,160.00000001053277
17,160.00000002353002
18,158.00000001049065
19,160.00000000730736
20,158.99999998534304
