Run,Cost
1,77.00000000377807
2,81.00000000266793
3,87.00000001016241
4,81.00000000234905
5,81.00000000769471
6,84.99999999924862
7,82.00000000895547
8,79.99999999109038
9,77.00000000617692
10,79.99999999864721
11,82.00000000943912
12,81.99999999653525
13,81.00000001044671
14,79.00000000230085
15,80.00000000539909
16,82.00000001324
17,87.00000001153194
18,80.99999999339781
19,82.00000000995708
20,82.00000000131196
