Run,Cost
1,75.00000003132342
2,70.00000002800168
3,64.00000002890006
4,69.00000002619895
5,67.00000002115435
6,68.00000002412996
7,68.0000000209607
8,66.00000002561984
9,65.00000002368776
10,67.00000002909718
11,68.0000000337307
12,71.00000003133451
13,66.00000002773818
14,61.00000003377303
15,68.00000002733637
16,71.0000000333816
17,72.00000003268407
18,74.00000002277032
19,71.00000001753683
20,73.00000002341841
