Run,Cost
1,242.0000000166049
2,244.00000002057115
3,236.00000000435466
4,256.0000000186003
5,244.00000000429026
6,236.00000000678625
7,242.00000001124369
8,244.0000000152544
9,244.00000003160582
10,242.00000000696403
11,241.9999999763861
12,235.99999999649458
13,255.999999993346
14,236.00000000098134
15,242.00000001775854
16,241.99999998319743
17,244.00000001997688
18,256.00000000485994
19,255.99999999353128
20,256.00000001486137
