Run,Cost
1,135.0000000273298
2,136.00000003769517
3,140.00000003945084
4,135.00000002636577
5,125.00000003688024
6,138.00000002360724
7,131.00000002251656
8,145.00000001420946
9,139.0000000302697
10,142.00000000505577
11,142.0000000447396
12,141.00000004179623
13,137.00000001284
14,138.0000000242576
15,133.00000003683127
16,144.00000003381828
17,143.00000001948828
18,135.00000003386577
19,143.00000002294172
20,141.00000003960636
