Run,Cost
1,490.99999993886996
2,490.99999995033187
3,489.99999999926604
4,490.99999999701225
5,489.99999998477375
6,490.00000000026824
7,490.9999999606649
8,489.9999999674789
9,491.000000036505
10,491.0000000057518
11,490.99999999212827
12,490.0000000154174
13,491.00000002098795
14,489.99999996016726
15,490.000000035113
16,484.99999998988216
17,491.0000000267479
18,491.0000000250317
19,490.00000002750295
20,490.99999998232175
