Run,Cost
1,102.99999999725281
2,113.00000000010803
3,110.00000000134771
4,113.00000000820357
5,108.00000000905503
6,112.99999998845183
7,106.99999999388463
8,109.99999998905288
9,113.00000000112736
10,105.00000000099824
11,115.99999999896632
12,111.00000000128018
13,109.99999999617197
14,104.00000000918783
15,104.00000001039919
16,106.00000000559203
17,112.00000000955404
18,107.00000000459195
19,113.00000001282346
20,113.00000000900937
