Run,Cost
1,98.00000004298514
2,84.00000003316097
3,90.0000000282874
4,106.0000000294638
5,95.0000000300367
6,91.00000003355218
7,101.00000002504504
8,101.0000000264375
9,100.00000001953136
10,110.00000001826432
11,101.00000003147494
12,95.00000002872406
13,93.00000002202366
14,105.00000003102465
15,103.00000002824254
16,97.0000000266424
17,107.00000002253441
18,100.00000002200677
19,101.00000002572543
20,103.00000002621883
