Run,Cost
1,162.0000000385929
2,166.00000003749395
3,179.00000003617026
4,150.00000001976767
5,169.00000001957446
6,149.0000000489746
7,169.0000000190613
8,157.00000003377667
9,172.0000000174907
10,167.00000001705482
11,179.0000000274322
12,174.000000025553
13,173.00000004296047
14,167.00000004193146
15,150.00000002267615
16,170.00000003574738
17,162.00000004165423
18,168.00000003467136
19,179.00000001667536
20,179.00000003313605
