Run,Cost
1,268.999999995937
2,269.0000000003567
3,274.0000000180094
4,268.00000002110505
5,266.99999998629295
6,269.0000000198865
7,268.99999998885176
8,259.9999999955556
9,280.99999996945286
10,277.00000004425044
11,269.0000000259563
12,268.0000000164738
13,268.0000000011429
14,269.0000000090492
15,273.9999999909915
16,278.0000000307715
17,269.0000000083295
18,293.0000000198564
19,272.9999999757185
20,268.00000002608107
