Run,Cost
1,123.00000000756933
2,124.00000001054892
3,124.99999999121859
4,128.00000000905038
5,127.00000000033614
6,124.00000000396759
7,124.0000000043165
8,128.0000000072471
9,133.0000000029007
10,137.00000000644596
11,121.99999999878708
12,124.00000000052214
13,123.00000002031919
14,127.00000000627463
15,124.00000000996701
16,132.00000001911522
17,126.99999999963065
18,132.0000000178221
19,133.00000000084816
20,131.00000001936684
