Run,Cost
1,109.00000004296002
2,107.00000003927299
3,115.00000004234768
4,126.00000001832124
5,108.00000004179273
6,103.00000003074008
7,108.00000004012344
8,121.000000022741
9,106.00000004271827
10,120.00000003546474
11,117.00000003610832
12,112.000000040228
13,115.00000002416094
14,112.00000004902483
15,108.00000003553727
16,110.00000004846942
17,124.00000001806039
18,113.0000000415442
19,118.00000003735259
20,119.00000002963277
