Run,Cost
1,657.0000000021618
2,656.9999999221394
3,657.0000000353255
4,656.9999999972113
5,656.9999999848885
6,657.0000000123224
7,657.000000043143
8,656.9999999852589
9,656.9999999725419
10,657.000000000616
11,657.0000000315774
12,656.9999999589712
13,656.9999999703792
14,657.000000037315
15,656.9999999544156
16,656.9999999361047
17,656.9999999934639
18,657.0000000172663
19,657.000000015906
20,657.0000000259519
