Run,Cost
1,184.9999999915038
2,193.99999998929724
3,187.99999998795457
4,191.99999998465876
5,193.0000000182964
6,201.0000000155578
7,195.00000000260874
8,193.99999999804024
9,191.00000002802162
10,197.0000000131885
11,187.99999998751272
12,200.00000000732416
13,196.0000000012711
14,188.00000000730694
15,189.999999992674
16,192.99999999919092
17,192.9999999993092
18,190.00000000789328
19,189.99999998818652
20,190.00000000629453
