Run,Cost
1,99.00000000197907
2,95.00000000560647
3,94.99999999809192
4,96.00000000991132
5,94.99999999965937
6,94.99999999370795
7,96.0000000114794
8,96.00000001721396
9,96.00000001491978
10,95.00000000195689
11,92.00000000045857
12,93.00000001040505
13,89.00000000920524
14,94.99999999572528
15,95.99999999872382
16,94.99999999768067
17,94.99999999428154
18,96.00000000667839
19,96.9999999926921
20,95.0000000120327
