Run,Cost
1,657.0000000367418
2,656.9999999800498
3,656.9999999781132
4,651.9999999815053
5,657.0000000670104
6,651.9999999815852
7,652.0000000316352
8,657.0000000032392
9,657.0000000210208
10,656.9999999762675
11,656.9999999926573
12,656.9999999518518
13,657.0000000369985
14,656.9999999910411
15,651.9999999787673
16,657.0000000482747
17,656.9999999911762
18,651.9999999559205
19,652.0000000192265
20,652.0000000243659
