Run,Cost
1,0.5814888836468476
2,0.5814888883194024
3,0.581488892604744
4,0.5814889031125601
5,0.5814888853164117
6,0.5814888965196638
7,0.5814888936462588
8,0.5814888781927199
9,0.5814889108632457
10,0.5814888835513313
11,0.5814888890051951
12,0.5814888831607555
13,0.5814889153440553
14,0.5814888750163955
15,0.5814889040370844
16,0.5814888799639302
17,0.5814888997335819
18,0.5814889076349314
19,0.5814888626656548
20,0.5814889081728979
