Run,Cost
1,0.4304733790826397
2,0.4304733689592604
3,0.43047338561264475
4,0.4304733975044392
5,0.4304733627201979
6,0.43047338031937765
7,0.4304733766272589
8,0.43047337186920365
9,0.4304733719245389
10,0.4304733698471331
11,0.4304733943445013
12,0.430473365536595
13,0.43047337872085056
14,0.43047336890310306
15,0.43047338457167805
16,0.43047336591804886
17,0.43047337097490146
18,0.4304733912474562
19,0.43047336785321
20,0.43047337678861614
