Run,Cost
1,0.43047336536281144
2,0.430473386194087
3,0.4304733576950969
4,0.43047337293702803
5,0.43047337663267227
6,0.4304733630838301
7,0.43047336477624526
8,0.43047336916076384
9,0.4304733705022072
10,0.43047336094534805
11,0.4304733670963077
12,0.4304733638805958
13,0.430473375809361
14,0.43047337587674145
15,0.4304733736631641
16,0.4304733818921354
17,0.43047336094890953
18,0.43047335677052473
19,0.4304733763432696
20,0.43047337662144386
