Run,Cost
1,0.5795151420310094
2,0.5795151443397684
3,0.5795151684793367
4,0.5795151361089559
5,0.5795151579735237
6,0.5795151689168754
7,0.5795151549895938
8,0.5795151418446278
9,0.5795151709227749
10,0.5795151523712538
11,0.5795151534477214
12,0.5795151364110027
13,0.5795151702797011
14,0.5795151729720817
15,0.5795151258379494
16,0.5795151434976965
17,0.5795151704397936
18,0.5795151481888452
19,0.5795151766121703
20,0.579515132873896
