Run,Cost
1,0.5155053792436072
2,0.5155053473425165
3,0.5155053595996774
4,0.5155053466807976
5,0.5155053576456654
6,0.515505406940757
7,0.5155053704472025
8,0.5155053511342043
9,0.5155053626856924
10,0.5155054006725038
11,0.5155053274333694
12,0.5155054261864456
13,0.5155053981162915
14,0.5155053647980028
15,0.5155053745304683
16,0.5155053416386499
17,0.5155053626244094
18,0.5155054051324713
19,0.5155053553328153
20,0.5155053924079457
