Run,Cost
1,525.0000000016536
2,527.0000000006333
3,526.9999999972814
4,525.0000000008673
5,532.9999999987999
6,525.000000011422
7,525.0000000025017
8,524.9999999880378
9,525.000000000302
10,520.9999999971801
11,525.0000000062355
12,524.9999999908505
13,526.9999999910516
14,525.0000000112049
15,532.9999999987515
16,524.9999999958054
17,524.9999999964749
18,526.9999999971818
19,525.0000000007559
20,526.0000000062765
