Run,Cost
1,520.9999999896763
2,482.0000000152293
3,562.0000000031633
4,518.0000000040044
5,520.0000000033774
6,556.9999999998581
7,500.0000000153409
8,511.9999999966281
9,529.9999999974493
10,547.0000000114629
11,488.0000000025276
12,526.0000000065085
13,490.9999999921403
14,517.9999999936548
15,520.9999999998915
16,522.0000000080046
17,551.000000012304
18,517.0000000156346
19,499.99999999673105
20,532.9999999896462
