Run,Cost
1,626.9999999940967
2,626.999999985696
3,626.9999999986543
4,627.0000000139911
5,627.0000000105985
6,627.0000000164492
7,627.0000000035417
8,626.9999999895311
9,627.0000000213362
10,627.000000006012
11,627.0000000036088
12,627.0000000151642
13,627.0000000098012
14,626.9999999936813
15,626.999999983404
16,626.999999999359
17,627.000000010303
18,627.0000000010915
19,627.0000000122658
20,627.000000000877
