Run,Cost
1,461.0000000088981
2,487.9999999961734
3,493.0000000055084
4,487.9999999978241
5,463.0000000125137
6,505.000000000905
7,463.00000000047015
8,487.99999999962677
9,435.9999999893523
10,493.000000002441
11,505.00000000733115
12,488.0000000063761
13,492.9999999996722
14,504.99999999494617
15,435.9999999998916
16,492.9999999974994
17,493.0000000073946
18,488.00000001055264
19,493.00000000359677
20,492.99999997839706
