Run,Cost
1,524.9999999920635
2,522.999999996852
3,510.00000001412144
4,539.9999999941829
5,473.0000000041558
6,532.9999999947103
7,497.00000000065586
8,509.0000000030662
9,480.99999999931094
10,516.000000002929
11,504.999999993907
12,532.0000000084194
13,508.00000000118035
14,521.0000000208062
15,531.0000000112639
16,460.0000000152152
17,546.0000000071152
18,503.0000000075466
19,453.9999999951018
20,560.0000000027495
