Run,Cost
1,424.00000000027046
2,421.99999999515086
3,421.9999999899423
4,422.0000000056858
5,421.9999999977202
6,424.0000000065082
7,423.9999999918929
8,422.0000000045884
9,421.99999999674674
10,421.9999999932249
11,422.00000000852367
12,423.9999999991206
13,421.9999999900697
14,424.00000000418936
15,424.00000000761185
16,423.9999999989692
17,422.0000000030218
18,423.9999999982468
19,421.99999999468747
20,424.0000000067615
