Run,Cost
1,540.999999998403
2,541.0000000004636
3,541.0000000104855
4,540.999999991226
5,541.0000000017122
6,540.9999999997938
7,541.000000009486
8,541.0000000002444
9,541.0000000082844
10,540.999999995753
11,541.0000000078012
12,541.0000000076432
13,541.000000006394
14,540.999999992518
15,540.999999994911
16,540.9999999964109
17,541.0000000009384
18,541.0000000085612
19,540.9999999934427
20,541.0000000009817
