Run,Cost
1,428.0000000042021
2,410.00000000304544
3,429.00000000180603
4,432.0000000019861
5,411.0000000027385
6,421.0000000178828
7,423.00000000096276
8,429.99999999544
9,410.9999999964806
10,402.999999996005
11,413.9999999997212
12,419.0000000144126
13,429.00000000326196
14,415.9999999968597
15,405.9999999990004
16,443.0000000052529
17,434.00000000032935
18,414.00000000275037
19,428.0000000051408
20,425.0000000144225
