Run,Cost
1,426.9999999945943
2,443.0000000093094
3,421.99999999656706
4,425.0000000033509
5,417.0000000067744
6,416.00000000254147
7,422.0000000025305
8,415.9999999988731
9,427.00000000514996
10,430.0000000056996
11,445.9999999988577
12,423.0000000041995
13,413.0000000014363
14,433.99999999840986
15,441.0000000024872
16,426.00000000226544
17,408.99999999703977
18,410.000000001724
19,408.9999999958182
20,404.9999999962344
