Run,Cost
1,594.0000000192749
2,593.99999999952
3,593.999999986478
4,593.9999999962492
5,594.0000000001645
6,593.9999999921732
7,594.0000000022861
8,594.0000000141495
9,594.000000002261
10,594.0000000094841
11,593.9999999894633
12,594.0000000119308
13,594.0000000066445
14,594.0000000156292
15,594.000000004859
16,594.0000000157607
17,593.99999999678
18,593.9999999919058
19,593.9999999870764
20,593.9999999883072
