Run,Cost
1,12693.973026018628
2,12693.973026037098
3,12693.97302599857
4,12693.973026072412
5,12693.973026066975
6,12693.973026053527
7,12693.973026037735
8,12693.973026051965
9,12693.97302599116
10,12693.97302602407
11,12693.973026050806
12,12693.973026003487
13,12693.973025991781
14,12693.97302599657
15,12693.973026020005
16,12693.973026022326
17,12693.973026032536
18,12693.973026032232
19,12693.973026038944
20,12693.973025963105
