Run,Cost
1,4629.784932857368
2,4629.784932835206
3,4629.784932864907
4,4629.784932839734
5,4629.784932877811
6,4629.784932889907
7,4629.784932866953
8,4629.784932870354
9,4629.7849328749435
10,4629.784932884745
11,4629.784932802439
12,4629.784932863327
13,4629.784932874369
14,4629.7849328436405
15,4629.784932823028
16,4629.784932864951
17,4629.784932854132
18,4629.784932872444
19,4629.7849328463135
20,4629.784932857423
