Run,Cost
1,4090.864641534979
2,4090.8646415194235
3,4090.8646414979967
4,4090.8646415010326
5,4090.8646415359203
6,4090.864641529381
7,4090.8646415840176
8,4090.8646415666185
9,4090.864641474839
10,4090.864641517522
11,4090.864641531563
12,4090.8646415349485
13,4090.8646415164044
14,4090.86464156081
15,4090.864641513263
16,4090.864641500239
17,4090.8646415345183
18,4090.864641506817
19,4090.864641505517
20,4090.864641506204
