Run,Cost
1,15914.730602114661
2,15914.730602133392
3,15914.730602154765
4,15914.730602193751
5,15914.730602084279
6,15914.730602157573
7,15914.730602158243
8,15914.730602148593
9,15914.73060216654
10,15914.730602132813
11,15914.730602113472
12,15914.730602130734
13,15914.730602190679
14,15914.730602138698
15,15914.730602134565
16,15914.730602205336
17,15914.73060219077
18,15914.730602173102
19,15914.730602141111
20,15914.7306021701
