Run,Cost
1,12693.97302603792
2,12693.973026012301
3,12693.973025998816
4,12693.973025956762
5,12693.973026021347
6,12693.97302604685
7,12693.973025996369
8,12693.973025993195
9,12693.973026010732
10,12693.973026048197
11,12693.973026054355
12,12693.973026083744
13,12693.973026001233
14,12693.973026022137
15,12693.973026095613
16,12693.97302601837
17,12693.97302604769
18,12693.973026018262
19,12693.97302600841
20,12693.973026024174
