Run,Cost
1,5983.872102136968
2,5983.87210217032
3,5983.872102142935
4,5983.87210214675
5,5983.872102172687
6,5983.872102160693
7,5983.872102148187
8,5983.87210214974
9,5983.872102087547
10,5983.872102164066
11,5983.872102123909
12,5983.872102140955
13,5983.872102162385
14,5983.872102210812
15,5983.872102079019
16,5983.872102105625
17,5983.872102112222
18,5983.872102128856
19,5983.872102149109
20,5983.872102170033
