Run,Cost
1,5780.313601937036
2,5780.31360199412
3,5780.313601926271
4,5780.313601943618
5,5780.313601957933
6,5780.3136019645335
7,5780.313601917083
8,5780.313601999639
9,5780.313601949378
10,5780.313601945369
11,5780.313602034875
12,5780.313601985589
13,5780.313601987701
14,5780.313601977156
15,5780.313601951495
16,5780.313601981731
17,5780.313601899608
18,5780.313601976216
19,5780.313601986371
20,5780.313601989117
