Run,Cost
1,4630.850110739314
2,4630.8501107709635
3,4630.850110751438
4,4630.850110779744
5,4630.85011074687
6,4630.850110741446
7,4630.850110751145
8,4630.850110796164
9,4630.850110751634
10,4630.850110796131
11,4630.850110781915
12,4630.850110759116
13,4630.850110762432
14,4630.850110775484
15,4630.850110771808
16,4630.850110744001
17,4630.850110768477
18,4630.850110753452
19,4630.850110763807
20,4630.850110794113
