Run,Cost
1,4123.007332897091
2,4123.007332932434
3,4123.007332881408
4,4123.007332930865
5,4123.007332909147
6,4123.007332922713
7,4123.00733286661
8,4123.007332860567
9,4123.007332921501
10,4123.007332896331
11,4123.007332933643
12,4123.0073328865055
13,4123.007332896648
14,4123.007332884036
15,4123.007332884852
16,4123.007332891959
17,4123.007332909469
18,4123.007332908071
19,4123.007332906434
20,4123.007332907073
