Run,Cost
1,5991.610951756802
2,5991.610951783341
3,5991.6109517988725
4,5991.610951814887
5,5991.6109517693985
6,5991.610951761502
7,5991.61095175745
8,5991.610951829244
9,5991.61095176393
10,5991.610951753918
11,5991.610951795173
12,5991.610951833301
13,5991.610951798965
14,5991.610951761318
15,5991.610951806866
16,5991.610951711146
17,5991.610951817555
18,5991.610951797496
19,5991.610951743078
20,5991.610951816258
