Run,Cost
1,16828.971637448944
2,16828.971637467475
3,16828.97163742636
4,16828.9716375697
5,16828.971637538856
6,16828.971637515926
7,16828.97163745993
8,16828.971637551593
9,16828.97163751075
10,16828.971637519255
11,16828.971637539365
12,16828.971637550116
13,16828.971637530733
14,16828.97163743857
15,16828.97163752683
16,16828.97163742549
17,16828.971637399634
18,16828.97163747456
19,16828.971637533046
20,16828.97163749963
