Run,Cost
1,5775.1940940703425
2,5775.194094029803
3,5775.194094047569
4,5775.19409409003
5,5775.1940941092325
6,5775.19409402738
7,5775.194094012867
8,5775.194094085816
9,5775.194094089319
10,5775.194094056938
11,5775.194094055702
12,5775.194094089757
13,5775.194094018738
14,5775.194094039874
15,5775.194094100571
16,5775.194094043334
17,5775.194094054337
18,5775.194094028703
19,5775.194094099713
20,5775.19409406813
