Run,Cost
1,16828.971637463295
2,16828.971637495077
3,16828.97163745158
4,16828.971637494637
5,16828.971637446368
6,16828.971637479735
7,16828.97163748245
8,16828.9716374695
9,16828.971637500432
10,16828.971637538467
11,16828.97163751082
12,16828.971637454426
13,16828.971637466017
14,16828.97163749443
15,16828.971637512586
16,16828.971637502553
17,16828.97163745961
18,16828.971637451632
19,16828.971637587863
20,16828.971637525214
