Run,Cost
1,10840.760442041588
2,10840.760442049528
3,10840.76044200202
4,10840.760442039527
5,10840.760441955055
6,10840.760442057437
7,10840.760442019922
8,10840.760442054061
9,10840.76044207728
10,10840.760442030401
11,10840.760441939008
12,10840.760442036366
13,10840.760442035053
14,10840.760442021685
15,10840.760442009749
16,10840.760441966364
17,10840.760442004721
18,10840.76044203933
19,10840.760441995537
20,10840.76044200551
