Run,Cost
1,5735.605073819178
2,5734.901006445952
3,5735.60507381843
4,5735.6050738351905
5,5734.901006439163
6,5735.605073812344
7,5734.90100647036
8,5735.605073796534
9,5735.6050737744
10,5734.901006460782
11,5734.901006468047
12,5734.90100649646
13,5734.901006431108
14,5735.605073810278
15,5734.901006483838
16,5735.605073803919
17,5735.605073808902
18,5735.605073789376
19,5735.605073851614
20,5734.901006472301
