Run,Cost
1,4090.864641518024
2,4090.8646415574303
3,4090.864641561509
4,4090.8646415507847
5,4090.864641495667
6,4090.8646415520143
7,4090.864641564786
8,4090.8646415250996
9,4090.864641539733
10,4090.864641546854
11,4090.8646415082044
12,4090.864641571817
13,4090.8646415506496
14,4090.864641511492
15,4090.8646415395724
16,4090.864641581069
17,4090.8646415276753
18,4090.864641524175
19,4090.864641517602
20,4090.8646415136845
