Run,Cost
1,4099.509309674496
2,4099.509309664009
3,4099.509309635962
4,4099.509309639538
5,4098.568958761401
6,4099.509309661063
7,4099.50930963612
8,4099.509309683202
9,4099.509309581294
10,4098.568958799674
11,4098.568958727389
12,4099.509309651509
13,4099.509309638454
14,4098.568958724037
15,4098.568958759749
16,4098.568958769585
17,4098.568958766713
18,4099.509309623058
19,4099.509309628873
20,4099.509309670449
