Run,Cost
1,12693.973026071913
2,12693.973026067735
3,12693.97302603309
4,12693.97302604445
5,12693.973026024483
6,12693.973026019292
7,12693.973025991681
8,12693.973026101083
9,12693.973026051794
10,12693.973026038047
11,12693.973025996052
12,12693.973026065203
13,12693.973026039062
14,12693.9730260615
15,12693.973026121423
16,12693.973026043777
17,12693.973026071606
18,12693.973026000782
19,12693.973025990968
20,12693.97302607771
