Run,Cost
1,10828.36575485192
2,10828.365754894467
3,10828.365754891913
4,10828.365754850456
5,10828.36575489281
6,10828.365754891276
7,10828.365754900851
8,10828.365754878329
9,10828.365754835017
10,10828.365754847191
11,10828.365754931243
12,10828.36575483806
13,10828.365754867596
14,10828.365754821662
15,10828.36575482556
16,10828.36575475787
17,10828.365754771261
18,10828.365754852259
19,10828.365754895938
20,10828.36575482918
