Run,Cost
1,5989.196842531295
2,5989.196842540358
3,5987.3248529193115
4,5987.324852888342
5,5987.324852939716
6,5987.324852943681
7,5987.324852947279
8,5989.196842568746
9,5987.324852905162
10,5987.324852955656
11,5989.196842498917
12,5987.324852931277
13,5987.3248529357725
14,5989.196842593269
15,5989.196842537082
16,5987.324852924702
17,5989.196842567
18,5989.196842576916
19,5989.1968425082905
20,5987.32485293167
