Run,Cost
1,12690.54808652539
2,12690.548086469958
3,12690.54808644965
4,12690.548086488925
5,12670.836731586784
6,12690.548086467847
7,12690.548086547571
8,12690.548086537217
9,12690.548086530072
10,12690.548086514984
11,12690.54808652556
12,12690.548086513507
13,12670.836731601239
14,12690.548086535651
15,12690.5480865465
16,12690.54808651679
17,12690.548086527551
18,12670.836731584515
19,12690.548086485453
20,12690.548086571622
