Run,Cost
1,5983.8721021422925
2,5983.872102101573
3,5983.872102107347
4,5983.872102127357
5,5983.872102216
6,5983.872102191286
7,5983.872102147631
8,5983.872102123712
9,5983.872102158213
10,5983.872102188201
11,5983.872102154993
12,5983.872102156271
13,5983.872102137239
14,5983.872102093819
15,5983.8721021236
16,5983.87210212975
17,5983.872102129084
18,5983.872102142052
19,5983.8721021422125
20,5983.872102139169
