Run,Cost
1,5775.194094074348
2,5775.194094100823
3,5775.194094035113
4,5775.194094072113
5,5775.194094042935
6,5775.194094043922
7,5775.194094086674
8,5775.194094014218
9,5775.194094038333
10,5775.194094025713
11,5775.194094080349
12,5775.194094051424
13,5775.19409403988
14,5775.194094035646
15,5775.194094083123
16,5775.194094049779
17,5775.194094044128
18,5775.194094023889
19,5775.19409407987
20,5775.194094052136
