Run,Cost
1,815852.999999846
2,807196.9999999681
3,821560.9999996893
4,823640.9999999213
5,814668.0000001296
6,832742.0000005811
7,808613.0000002866
8,827706.999999843
9,795108.9999999696
10,809652.0000001927
11,807821.0000003
12,812424.9999999957
13,827523.9999998775
14,820802.999999823
15,820209.9999999467
16,812796.0000002547
17,818441.000000009
18,805098.9999998653
19,808886.0000001148
20,817275.0000003041
