Run,Cost
1,34713.00000001486
2,34713.000000005006
3,34713.00000001684
4,34713.00000000167
5,34712.99999999852
6,34712.99999997047
7,34712.999999991
8,34713.00000001426
9,34713.0000000086
10,34712.9999999883
11,34712.99999999728
12,34713.00000001546
13,34712.999999997424
14,34712.999999988526
15,34713.00000000859
16,34712.99999999023
17,34713.00000002468
18,34713.00000001615
19,34713.00000000545
20,34712.99999999314
