Run,Cost
1,28710.00000000001
2,28613.99999999773
3,28424.00000001636
4,28808.00000000006
5,28616.99999999079
6,30466.999999990057
7,29289.000000012795
8,28051.000000004988
9,29521.999999999123
10,29230.00000001045
11,29427.999999983687
12,28991.999999999887
13,30132.000000015658
14,26987.000000003227
15,28968.999999999305
16,29048.99999998354
17,29396.000000016968
18,28906.99999999966
19,29512.000000021588
20,28200.99999999128
