Run,Cost
1,29161.000000010466
2,31857.000000011667
3,29277.000000004806
4,30983.000000013377
5,30075.000000000487
6,29972.999999990632
7,29263.999999973872
8,30161.00000000408
9,30744.999999998872
10,29830.99999999999
11,30385.00000000726
12,30100.99999998832
13,28982.000000003198
14,29076.000000022934
15,30912.999999993786
16,32524.000000014203
17,29968.000000030195
18,29394.999999995358
19,29663.00000001305
20,29123.000000011525
