Run,Cost
1,29698.999999996202
2,29699.00000002968
3,29698.99999999769
4,29698.999999972413
5,29698.99999998369
6,29699.000000009753
7,29699.000000011758
8,29699.000000000276
9,29699.000000019583
10,29699.000000007898
11,29699.000000023498
12,29698.999999999036
13,29699.000000004497
14,29698.999999993284
15,29699.000000002237
16,29699.00000001414
17,29698.999999978274
18,29699.000000013188
19,29698.99999999431
20,29699.00000001958
