Run,Cost
1,6601.999999992008
2,6601.999999994521
3,6601.999999991741
4,6602.000000004023
5,6602.000000001823
6,6602.000000004514
7,6601.999999996819
8,6601.999999996244
9,6601.999999996455
10,6602.000000004675
11,6602.00000000106
12,6602.000000011825
13,6602.000000010416
14,6602.000000006777
15,6602.000000004681
16,6602.000000009939
17,6602.000000008774
18,6601.9999999940965
19,6601.999999994502
20,6602.000000002371
