Run,Cost
1,6581.000000001237
2,6517.9999999984075
3,6549.999999992247
4,6550.000000005058
5,6549.999999998355
6,6518.000000009315
7,6550.000000011438
8,6549.999999995059
9,6733.00000000642
10,6247.000000003629
11,6247.00000001245
12,6732.999999997759
13,6581.000000000841
14,6246.999999998279
15,6238.999999995311
16,6733.000000012905
17,6517.999999996909
18,6550.000000004999
19,6230.999999999618
20,6550.000000000158
