Run,Cost
1,6626.99999999927
2,6626.999999991809
3,6626.999999995332
4,6627.000000002137
5,6626.999999991229
6,6626.999999998554
7,6627.0000000029495
8,6627.00000000233
9,6626.999999999047
10,6627.000000002457
11,6626.999999999957
12,6627.000000006042
13,6626.999999994977
14,6626.999999993042
15,6627.000000005047
16,6627.000000008123
17,6626.9999999952
18,6626.9999999983975
19,6626.9999999883175
20,6626.999999997742
