Run,Cost
1,6810.000000003406
2,6809.99999998817
3,6810.000000003898
4,6809.9999999996335
5,6810.00000001278
6,6810.000000002786
7,6809.999999992937
8,6810.000000004232
9,6809.999999998384
10,6809.999999995575
11,6809.99999999134
12,6809.999999997073
13,6809.999999997248
14,6809.9999999966785
15,6810.0000000078035
16,6810.000000014083
17,6809.999999999401
18,6810.00000000119
19,6809.999999999149
20,6810.000000012135
