Run,Cost
1,6532.999999999032
2,6633.999999996723
3,6634.0000000091095
4,6532.999999999521
5,6634.000000001656
6,6633.999999998608
7,6533.000000001027
8,6533.000000010602
9,6533.000000012177
10,6633.999999997223
11,6634.000000008724
12,6634.000000007079
13,6532.999999997165
14,6633.999999992061
15,6533.000000005853
16,6532.999999988087
17,6634.000000003531
18,6533.000000008909
19,6633.99999999667
20,6533.000000009486
