Run,Cost
1,7642.999999990531
2,7643.000000003255
3,7642.99999999763
4,7643.000000004312
5,7642.99999999917
6,7642.999999997496
7,7643.0000000103555
8,7642.99999999896
9,7643.000000007099
10,7642.999999996586
11,7642.999999992659
12,7643.000000005654
13,7642.99999999044
14,7642.999999996893
15,7642.999999994632
16,7643.000000003915
17,7643.000000001014
18,7643.000000004502
19,7642.999999998967
20,7642.999999995346
