Run,Cost
1,6697.999999996018
2,6069.999999995498
3,6284.999999999883
4,6285.00000000127
5,6698.000000005063
6,6284.9999999943675
7,6070.000000010997
8,6284.99999999222
9,6989.999999990214
10,6698.000000000083
11,6698.000000006819
12,6285.000000008639
13,6698.000000007051
14,6284.999999997063
15,6990.000000003248
16,6507.99999999965
17,6697.999999991543
18,6989.999999996546
19,6285.000000000584
20,6508.000000010556
