Run,Cost
1,9837.000000006312
2,10728.000000007425
3,10728.00000001066
4,9837.000000004142
5,10072.999999998794
6,10727.99999999475
7,9986.000000008875
8,9985.999999992335
9,10046.99999998625
10,9985.999999993322
11,9985.999999998148
12,10305.000000003847
13,10068.000000004256
14,9985.99999999251
15,10038.999999999523
16,9780.000000005934
17,10727.99999999262
18,9986.00000000866
19,10728.000000008742
20,9985.999999995314
