Run,Cost
1,10988.999999993326
2,10988.999999998181
3,10988.999999992659
4,10988.999999989363
5,10988.999999992593
6,10989.000000008267
7,10988.99999999923
8,10989.000000005317
9,10988.999999998272
10,10989.000000012298
11,10988.999999991913
12,10989.000000010043
13,10988.999999980806
14,10988.99999999468
15,10988.99999999856
16,10988.9999999994
17,10989.000000011309
18,10988.999999998896
19,10988.99999998225
20,10988.999999994194
