Run,Cost
1,9841.000000016824
2,9840.999999998918
3,9840.999999995349
4,9840.999999996628
5,9841.0000000039
6,9840.99999999077
7,9841.000000010978
8,9841.00000000194
9,9841.000000006425
10,9840.99999999252
11,9841.0000000038
12,9840.999999994874
13,9840.999999996278
14,9841.000000001917
15,9841.000000003602
16,9841.000000006152
17,9840.999999994005
18,9840.999999990323
19,9841.000000008842
20,9841.00000000196
