Run,Cost
1,8839.999999987807
2,8193.000000004104
3,8053.99999999794
4,8517.999999981555
5,8430.000000011358
6,7736.000000002795
7,8652.999999993328
8,8548.999999997272
9,9028.999999985144
10,8840.00000000418
11,8081.000000004755
12,7892.999999995632
13,8653.000000002217
14,8693.000000002896
15,8968.000000008704
16,8799.000000005854
17,8992.999999989874
18,7957.000000006655
19,8387.999999998936
20,8398.999999994028
