Run,Cost
1,10990.99999999387
2,9344.999999991658
3,8423.99999999938
4,9625.999999991345
5,10042.999999988426
6,9344.999999999396
7,10781.999999998714
8,11019.999999996848
9,9214.999999994185
10,9804.000000012973
11,9078.000000009506
12,9345.000000005395
13,9255.999999992691
14,10990.999999995107
15,9757.999999999476
16,9344.999999987665
17,9215.000000000438
18,9078.000000014168
19,8970.999999997615
20,8424.000000013293
