Run,Cost
1,7712.000000002923
2,7712.00000000931
3,7712.0000000048285
4,7712.000000005693
5,7711.999999996909
6,7711.999999996339
7,7711.999999993759
8,7711.999999994851
9,7712.000000011487
10,7712.000000004664
11,7712.000000002594
12,7712.000000003985
13,7712.000000003828
14,7711.999999996459
15,7712.000000004906
16,7712.000000002148
17,7712.0000000096425
18,7711.999999989799
19,7711.999999997983
20,7712.0000000051
