Run,Cost
1,12170.999999988886
2,11289.999999993723
3,11525.000000003449
4,11875.000000007398
5,11525.000000003636
6,11794.000000012296
7,11289.999999998114
8,11875.000000019556
9,11525.000000002638
10,11875.00000000927
11,10927.000000000908
12,11842.999999994825
13,11984.000000007238
14,11984.00000001174
15,11846.99999999205
16,11875.000000000739
17,11875.000000001543
18,11847.000000003682
19,11983.9999999863
20,11842.999999994263
