Run,Cost
1,10070.00000001031
2,10510.000000001048
3,10069.999999989122
4,10451.999999992855
5,10510.000000002903
6,10452.000000002032
7,10845.999999990077
8,10509.999999987263
9,10069.999999986409
10,10069.999999980546
11,10451.999999984142
12,10451.999999994376
13,10452.000000014341
14,10451.99999999828
15,10452.000000020003
16,10070.00000000254
17,10069.99999999859
18,10451.999999992167
19,10510.000000010843
20,10846.000000000604
