Run,Cost
1,16565.999999992313
2,16375.000000008551
3,16553.999999998123
4,16151.999999996317
5,17134.00000001389
6,16557.00000000031
7,16395.000000003205
8,16395.000000001186
9,15623.000000007209
10,17136.999999979715
11,16196.999999991858
12,16201.999999986987
13,16197.000000004084
14,15623.00000000469
15,15506.000000012531
16,17173.999999990363
17,16715.999999988864
18,16566.000000011478
19,16850.000000003565
20,17047.999999997646
