Run,Cost
1,17091.000000017146
2,15803.999999998003
3,16012.999999984684
4,16294.000000018958
5,17475.999999996704
6,16124.000000016455
7,17826.999999999134
8,16021.000000010776
9,16217.999999988988
10,16118.000000000528
11,17742.999999986983
12,17475.99999999512
13,16124.000000009926
14,16275.999999998137
15,16382.000000020502
16,16523.00000001099
17,15611.000000004558
18,16294.000000005448
19,17091.0000000058
20,15972.999999998587
