Run,Cost
1,15436.00000001061
2,17191.999999994165
3,18095.999999995962
4,15839.999999998094
5,16414.000000004762
6,15362.00000000835
7,15592.000000012864
8,16875.999999992724
9,17201.999999998174
10,15334.000000009768
11,16828.00000000011
12,15839.999999983029
13,16370.00000000064
14,15850.99999999216
15,14964.000000003953
16,16698.999999994387
17,16123.99999999892
18,15403.000000000851
19,16502.99999999542
20,16805.00000001146
