Run,Cost
1,15920.000000009099
2,15919.999999999724
3,15919.99999998278
4,15920.00000000312
5,15919.999999986367
6,15920.000000011092
7,15920.000000030295
8,15920.000000003236
9,15920.000000010878
10,15920.000000011347
11,15919.99999999693
12,15919.999999993135
13,15920.000000000728
14,15920.000000004346
15,15919.999999997905
16,15920.000000001637
17,15920.000000024025
18,15919.999999998468
19,15920.000000011347
20,15919.999999992751
