Run,Cost
1,15041.000000005479
2,15496.999999989152
3,15072.999999982469
4,14895.999999996633
5,15189.999999998106
6,15120.999999997848
7,15437.999999993954
8,14926.00000000594
9,16245.000000010854
10,14872.000000018768
11,15587.000000010034
12,15459.000000013786
13,15111.000000000375
14,14925.999999990887
15,15543.000000004122
16,14855.000000007572
17,16094.99999999503
18,15789.000000007085
19,15437.999999985272
20,15438.000000009479
