Run,Cost
1,687617.0000002409
2,672177.9999999924
3,690329.9999998665
4,684275.0000003787
5,690978.999999968
6,685785.9999995653
7,691603.9999998847
8,681174.9999999892
9,670320.0000002088
10,691833.9999999208
11,683809.9999999412
12,681139.9999997648
13,681788.9999995565
14,682883.0000001042
15,697174.9999998233
16,669885.9999999725
17,679472.9999999064
18,694255.999999742
19,680153.999999843
20,668237.0000000725
