Run,Cost
1,666270.0000000459
2,633654.9999996558
3,665438.9999997356
4,651609.9999994658
5,669280.0000002605
6,671725.9999997623
7,658601.0000003807
8,660327.0000002575
9,664628.9999998207
10,642324.0000001938
11,671236.999999679
12,658048.9999999478
13,671396.0000001139
14,670100.0000000512
15,653359.9999994239
16,640329.9999999634
17,649397.000000265
18,653255.0000003352
19,668116.9999993627
20,670085.0000001525
