Run,Cost
1,1234614.0000004661
2,1200053.9999996698
3,1229927.0000002477
4,1223585.9999990999
5,1255680.000000404
6,1241639.0000001737
7,1241124.0000003206
8,1275460.9999995823
9,1250492.000000522
10,1235464.9999999944
11,1229097.000000093
12,1217906.0000006761
13,1227870.99999972
14,1246196.00000016
15,1251840.9999997283
16,1224312.999999864
17,1239918.0000001485
18,1242104.9999992787
19,1233458.9999997849
20,1243725.0000000042
