Run,Cost
1,2119269.000000953
2,2115316.9999998286
3,2124215.999999582
4,2118922.000000534
5,2118922.0000000517
6,2119269.0000007367
7,2117929.0000005323
8,2119964.000000587
9,2119268.999999637
10,2120336.000000087
11,2119269.000000269
12,2119269.000000317
13,2119269.000000375
14,2119268.999999959
15,2120335.9999998133
16,2119963.999999584
17,2119800.9999987567
18,2119268.9999995218
19,2117928.9999992447
20,2120258.000000528
