Run,Cost
1,2067602.9999992896
2,2067526.999999648
3,2021645.0000003327
4,2016388.9999998452
5,2033868.9999999919
6,2067602.9999994005
7,2032913.00000015
8,2067602.999999362
9,2027096.9999996808
10,2016388.9999999383
11,2033869.0000000799
12,2067527.0000006887
13,2016389.0000008913
14,2067526.9999994724
15,2013995.999998544
16,2021644.9999992684
17,2052037.999999518
18,2026501.0000003234
19,2037957.000000337
20,2049203.0000003763
