Run,Cost
1,271377.0000003018
2,271376.9999997475
3,271376.9999999635
4,261854.0000000251
5,261853.99999991828
6,271377.000000158
7,261854.00000009048
8,271377.00000013335
9,271377.00000010827
10,271377.00000006566
11,261853.99999996676
12,261854.00000018536
13,271376.99999991717
14,261853.99999995506
15,261853.99999999354
16,271376.9999999472
17,261853.9999999655
18,261853.9999999686
19,271377.00000014604
20,261854.00000020527
