Run,Cost
1,13036.999999922955
2,13005.00000006794
3,12643.00000019205
4,12402.999999818763
5,13354.000000126229
6,12547.999999893667
7,12859.000000154168
8,12544.999999966323
9,12916.000000102174
10,12252.000000025573
11,12763.000000019489
12,13050.000000156415
13,12739.000000052896
14,12838.999999879332
15,12532.99999998087
16,13035.000000207106
17,12801.000000028924
18,12702.99999985636
19,12772.00000017471
20,12221.00000013659
