Run,Cost
1,11681.00000029432
2,12164.000000054291
3,12244.999999910506
4,12280.999999857997
5,12946.999999858403
6,12662.00000007244
7,12628.999999998756
8,12395.000000140764
9,12651.000000111791
10,13188.999999888403
11,12824.999999999898
12,12741.999999981099
13,12130.000000261414
14,12906.999999905765
15,13003.000000062655
16,12675.99999999929
17,13071.999999937314
18,12605.000000083815
19,12366.000000052689
20,12403.000000014576
