Run,Cost
1,251417.99999999485
2,250963.00000003548
3,251417.99999993067
4,250963.0000001849
5,250962.9999998876
6,250962.99999986903
7,251418.00000021284
8,251418.00000012314
9,250962.999999762
10,251418.0000001248
11,251417.99999989264
12,250962.99999982095
13,250962.99999987512
14,251418.0000000544
15,251417.99999988967
16,250962.99999992878
17,250963.00000008216
18,250962.99999985655
19,250962.9999999032
20,251417.9999999533
