Run,Cost
1,14818.000000040302
2,15127.000000080021
3,14885.999999986547
4,15165.000000080767
5,14785.000000125325
6,15037.0000000741
7,14919.999999893336
8,15128.99999990241
9,14854.999999995318
10,14812.99999993195
11,14966.000000023618
12,14874.000000058175
13,14944.000000190526
14,14990.999999802047
15,14825.000000053356
16,14948.99999984711
17,14957.00000004513
18,15012.999999931659
19,14702.000000069367
20,14733.99999978223
