Run,Cost
1,12807.00000000614
2,12779.999999949436
3,12530.999999986347
4,12977.000000011045
5,12845.000000073767
6,12387.0000000757
7,12868.99999996089
8,12888.000000095173
9,12841.00000001767
10,12405.000000058617
11,12737.999999910951
12,12475.000000076056
13,13034.999999859203
14,12756.999999998296
15,13393.000000103215
16,12672.999999816791
17,12399.999999850208
18,13004.000000000062
19,12579.00000004842
20,12462.000000005644
