Run,Cost
1,13281.99999990334
2,12922.000000057433
3,12931.00000006958
4,12661.000000155469
5,12942.000000138865
6,12801.000000135098
7,13157.000000172417
8,12852.000000076097
9,12144.999999899357
10,13164.999999932685
11,12325.000000042684
12,12809.00000004169
13,12843.999999964144
14,12685.00000018109
15,13404.000000228278
16,12992.999999998106
17,12607.000000069627
18,13367.000000043456
19,12618.99999996895
20,13363.999999949538
