Run,Cost
1,261546.99999993408
2,261546.99999997206
3,261168.99999979752
4,263526.99999997375
5,261169.0000002109
6,263527.00000017596
7,263526.99999994534
8,263527.00000004726
9,261721.99999979197
10,263527.0000000491
11,263527.00000006537
12,263526.9999999937
13,261168.99999976854
14,263526.9999998562
15,263527.00000006077
16,261547.00000005195
17,261388.00000006496
18,262305.000000165
19,263526.9999998611
20,263526.99999968987
