Run,Cost
1,243297.00000021837
2,228965.0000000496
3,244655.00000010795
4,244229.00000001583
5,243407.0000000824
6,241065.0000000931
7,221891.99999999756
8,225583.99999999302
9,235643.00000010824
10,236761.00000008015
11,244149.9999999654
12,234110.99999999627
13,237772.00000011578
14,240129.99999980757
15,240513.00000004412
16,227775.00000006772
17,233752.99999997646
18,234423.99999976796
19,228457.00000001374
20,221721.00000013414
