Run,Cost
1,270858.99999991164
2,270858.9999997999
3,270859.00000015716
4,270858.9999999457
5,270858.9999998401
6,270859.0000001659
7,270859.0000000833
8,270859.0000000637
9,270859.0000000914
10,270858.9999999223
11,270859.00000005873
12,270858.99999998836
13,270858.99999990384
14,270859.00000003236
15,270858.9999999479
16,270859.00000011286
17,270859.0000000176
18,270859.0000001899
19,270858.9999998192
20,270859.0000001569
