Run,Cost
1,15494.00000002836
2,15549.000000109098
3,15648.999999988551
4,15334.999999828102
5,15585.999999977343
6,15782.99999992331
7,15828.999999868818
8,15633.999999890002
9,15435.000000170035
10,15434.000000053296
11,15608.9999999676
12,15740.999999929792
13,15657.000000007518
14,15594.000000208816
15,15590.000000133548
16,15833.999999832824
17,15444.00000009941
18,15572.999999964908
19,15481.000000076649
20,15560.999999942182
