Run,Cost
1,228647.99999997465
2,239748.00000001275
3,233819.00000021458
4,229850.00000014305
5,241102.99999996455
6,232099.99999995134
7,236372.9999998639
8,239151.99999985873
9,233116.99999997477
10,232989.9999999547
11,246139.99999985623
12,241955.9999999632
13,233175.00000010614
14,236376.99999978105
15,232961.00000014954
16,227683.00000006385
17,225135.0000001034
18,237839.9999999801
19,231787.999999878
20,238419.00000009025
