Run,Cost
1,230516.00000015585
2,237080.00000004095
3,237375.00000004104
4,233892.00000000448
5,240055.00000002782
6,237512.0000001744
7,245476.00000012305
8,235883.99999996886
9,239775.99999981473
10,236718.00000009363
11,240173.99999988344
12,239399.99999976196
13,236520.0000000137
14,243276.0000000008
15,237117.9999998951
16,230728.0000000663
17,233825.00000013254
18,231460.99999992666
19,232539.0000002562
20,226387.9999998621
