Run,Cost
1,14572.000000321053
2,14896.000000105263
3,14233.999999891588
4,14746.000000327738
5,14422.000000100108
6,14955.999999927279
7,14482.000000068389
8,14762.999999804957
9,14556.000000001037
10,14428.999999934682
11,14780.000000213018
12,14863.999999942027
13,14593.00000008383
14,14379.999999946693
15,14536.999999906437
16,14588.000000015849
17,14666.999999899854
18,14715.99999976659
19,14800.000000077185
20,14468.999999846055
