Run,Cost
1,232201.00000016525
2,246248.00000001607
3,240432.99999982977
4,238436.0000000143
5,245995.00000005818
6,244670.99999997363
7,235607.0000001298
8,236309.99999989723
9,245576.0000000409
10,254983.0000000076
11,242750.00000005215
12,236877.00000001586
13,243154.99999980643
14,235623.99999980224
15,242297.99999986368
16,232532.99999990966
17,234317.99999995666
18,234675.99999990765
19,243590.99999959648
20,237531.9999999316
