Run,Cost
1,14172.999999936124
2,14108.999999859905
3,13988.99999986102
4,14054.999999992302
5,13971.99999996472
6,14103.99999987927
7,14229.000000096077
8,14190.999999995458
9,14001.000000062479
10,13764.000000004384
11,13912.999999945714
12,14032.000000190255
13,14052.000000057715
14,14277.999999965501
15,13956.000000145852
16,13569.00000012163
17,14044.000000102847
18,14165.00000003343
19,14069.999999983711
20,14012.999999899037
