Run,Cost
1,260249.0000000198
2,260248.9999999503
3,260197.0000000223
4,260248.99999995378
5,260249.00000006575
6,260248.99999991956
7,260196.9999999946
8,260249.00000023915
9,260249.00000003807
10,260248.99999998603
11,260249.00000002567
12,260248.99999998196
13,260196.99999986315
14,260196.99999996758
15,260197.00000012398
16,260197.00000005512
17,260249.0000001594
18,260197.00000000777
19,260249.00000004048
20,260249.00000020288
