Run,Cost
1,268934.99999995367
2,271396.000000069
3,268935.00000002066
4,266061.99999988626
5,271395.99999995454
6,268934.99999992683
7,268935.00000023004
8,271395.99999986566
9,268935.00000013737
10,268935.00000003213
11,267481.9999999077
12,268935.00000015565
13,268934.9999998966
14,267905.0000000539
15,268934.99999993085
16,268934.99999973906
17,267481.99999989267
18,266061.99999986624
19,271395.99999996525
20,267904.99999993504
