Run,Cost
1,263713.9999999292
2,263714.0000001909
3,263713.99999980576
4,263714.00000013085
5,263714.00000003807
6,263714.0000001758
7,263713.999999867
8,263714.00000004674
9,263714.00000007707
10,263714.0000000806
11,263713.9999999775
12,263713.999999834
13,263713.999999916
14,263713.9999999903
15,263713.99999992247
16,263714.00000010856
17,263713.9999999951
18,263713.9999999158
19,263713.9999999792
20,263714.00000000355
