Run,Cost
1,239768.0000000331
2,237738.99999979194
3,227121.99999971365
4,248721.00000006164
5,236750.99999978385
6,246380.99999997608
7,240185.99999980067
8,239188.99999997808
9,239536.00000020236
10,242254.99999997675
11,232453.00000003687
12,238890.00000015355
13,231374.999999852
14,242648.9999998776
15,238212.00000017445
16,233244.00000006534
17,237344.0000000028
18,232324.99999990058
19,232057.99999996423
20,233081.9999998221
