Run,Cost
1,261937.99999995177
2,263135.9999999136
3,261937.9999999326
4,263135.9999999806
5,261596.99999993833
6,261937.99999999104
7,261596.99999990058
8,261937.99999999677
9,261938.00000001054
10,261938.00000005562
11,261597.0000001733
12,261937.99999999415
13,261597.0000001427
14,263135.9999999928
15,261937.99999998507
16,261596.99999998073
17,263136.0000002123
18,261937.9999997387
19,261597.00000000375
20,263135.9999998319
