Run,Cost
1,1055.0000000019213
2,1100.0000000431855
3,1133.00000006257
4,1155.0000000179668
5,1102.0000000027817
6,1182.9999999950533
7,1128.999999974004
8,1139.9999999711486
9,1150.000000056591
10,1170.0000000169473
11,1134.0000000087598
12,1138.0000000013904
13,1126.9999999954891
14,1084.9999999733259
15,1245.0000000212888
16,1209.0000000100292
17,1160.9999999882534
18,1078.0000000109753
19,1122.000000025633
20,1137.0000000118803
