Run,Cost
1,14425.999999856685
2,14820.999999815689
3,15059.999999952515
4,14841.999999827798
5,14793.99999995952
6,14818.000000024595
7,14344.999999974661
8,14854.99999999404
9,14683.000000006476
10,14404.99999994931
11,14757.999999748337
12,14788.999999987047
13,14364.99999995843
14,14365.00000001101
15,14485.000000114154
16,14626.999999943619
17,14427.000000047754
18,14395.00000007585
19,14828.000000144883
20,14664.999999917443
