Run,Cost
1,3273.9999999352635
2,3178.000000032529
3,3404.9999999930524
4,2968.9999999981524
5,3355.0000000164814
6,3204.999999962489
7,3156.9999999683873
8,3420.000000043158
9,3154.999999942908
10,3280.9999999599136
11,3250.999999925973
12,3308.99999996611
13,3250.999999997212
14,3251.000000089602
15,2828.9999999871584
16,3267.9999999554993
17,3192.000000042345
18,3223.999999935949
19,3030.000000044533
20,3469.9999999527686
