Run,Cost
1,455758.0000002363
2,487630.99999965494
3,478420.9999994424
4,471239.0000000507
5,494565.99999990565
6,489697.0000001026
7,468604.00000005116
8,472674.0000003092
9,457056.000000108
10,475412.9999998114
11,488377.0000000404
12,468817.9999995906
13,478947.00000022724
14,483060.0000001291
15,489027.0000001382
16,476367.9999998956
17,472009.0000002273
18,468660.9999997217
19,477112.99999989104
20,486821.999999881
