Run,Cost
1,394404.99999994336
2,405987.0000003179
3,400920.00000008574
4,408277.0000000796
5,391662.9999998572
6,404784.0000000345
7,396196.0000001306
8,393506.99999973504
9,406179.0000000767
10,402417.00000000186
11,399680.99999975745
12,395701.0000001054
13,389830.00000007084
14,394118.99999999354
15,401193.9999996019
16,411390.00000029546
17,391740.9999999531
18,390973.99999975483
19,404619.9999998041
20,399399.0000000365
