Run,Cost
1,515645.0000004162
2,515644.9999996707
3,516327.99999988655
4,515644.99999994953
5,516328.0000004518
6,516327.9999998336
7,515644.999999911
8,515644.9999997988
9,516328.0000002963
10,516328.0000002383
11,515645.0000000085
12,516327.99999979517
13,516328.00000001484
14,516327.99999993626
15,516328.0000003102
16,516327.99999985175
17,516328.0000000742
18,515645.0000000667
19,515644.9999996973
20,516327.9999998582
