Run,Cost
1,479334.99999970256
2,480770.9999995419
3,471039.00000023464
4,478509.0000001997
5,475170.99999991065
6,477526.0000002917
7,491973.0000003038
8,485328.00000021217
9,484293.9999995641
10,483291.0000001625
11,483468.9999998905
12,471551.000000344
13,477722.9999999111
14,487464.000000347
15,472597.9999999721
16,496313.0000002507
17,495407.00000005803
18,483340.0000001226
19,482877.00000006316
20,473391.00000044284
