Run,Cost
1,434349.9999998676
2,434350.00000006985
3,434350.00000019954
4,436486.0000001142
5,434350.00000030536
6,434349.9999999096
7,436486.00000026723
8,436486.0000000289
9,436486.000000216
10,436485.99999991816
11,434349.9999998512
12,436485.99999984854
13,436486.000000054
14,434350.000000131
15,436485.999999955
16,434350.0000002817
17,434349.9999998554
18,434350.00000005757
19,434349.9999998931
20,436485.9999999141
