Run,Cost
1,6900.9790077983835
2,6898.142415085455
3,6898.47362647296
4,6900.979007759437
5,6898.142414963204
6,6901.310219159322
7,6901.310219218677
8,6898.473626441712
9,6901.310219272016
10,6900.979007750678
11,6900.979007816795
12,6898.1424150204875
13,6901.310219241693
14,6898.142414946222
15,6900.97900770347
16,6898.142415029272
17,6898.142415048078
18,6898.142414984126
19,6898.14241494577
20,6898.14241501687
