Run,Cost
1,3112.738280097859
2,3112.738280154264
3,3112.73828009974
4,3112.738280100499
5,3112.738280085504
6,3112.738280143841
7,3112.7382801365366
8,3112.738280121926
9,3112.7382800994365
10,3112.7382801096605
11,3112.73828013405
12,3112.738280074488
13,3112.7382801159647
14,3112.7382801517324
15,3112.7382801103936
16,3112.7382801303934
17,3112.738280145404
18,3112.738280127168
19,3112.7382800765595
20,3112.738280103245
