Run,Cost
1,6931.262825620085
2,6931.262825638479
3,6931.987984533496
4,6931.763927904766
5,6931.262825633629
6,6932.489086811299
7,6932.489086708765
8,6931.26282558832
9,6931.763927884847
10,6931.763927906312
11,6932.48908678338
12,6931.262825535599
13,6932.489086730147
14,6931.9879844384795
15,6932.489086705911
16,6931.98798452084
17,6931.98798441933
18,6931.763927900407
19,6931.262825589846
20,6932.489086786119
