Run,Cost
1,3147.5150752209465
2,3147.5150752856525
3,3147.515075228151
4,3147.51507525118
5,3147.5150752129607
6,3147.515075243948
7,3147.515075300771
8,3147.5150752344703
9,3147.515075257714
10,3147.5150752067516
11,3147.515075259628
12,3147.5150752203904
13,3147.5150752096083
14,3147.5150752551694
15,3147.515075223712
16,3147.5150752478194
17,3147.5150752773866
18,3147.51507528453
19,3147.5150752034083
20,3147.5150752405966
