Run,Cost
1,2532.208187584182
2,2532.208187629965
3,2532.208187546158
4,2532.2081875707663
5,2532.208187565857
6,2532.208187565312
7,2532.2081875722615
8,2532.2081875645863
9,2532.208187543483
10,2532.208187575501
11,2532.208187582199
12,2532.2081875924805
13,2532.20818756968
14,2532.2081876096545
15,2532.2081875954796
16,2532.208187569008
17,2532.2081875731355
18,2532.208187597147
19,2532.208187607469
20,2532.208187579039
