Run,Cost
1,2490.9407853381094
2,2494.539005275874
3,2490.9407853523694
4,2490.9407852894005
5,2490.9407853388607
6,2489.6386787059755
7,2494.5390053137044
8,2490.5407451421966
9,2494.539005318715
10,2489.6386786414464
11,2490.540745125507
12,2490.940785336222
13,2490.5407451492565
14,2489.6386786731027
15,2490.9407853115913
16,2490.540745104425
17,2489.638678712972
18,2490.9407853718376
19,2490.9407853498487
20,2490.9407853026887
