Run,Cost
1,5012.984788223945
2,5012.984788251945
3,5012.984788246292
4,5012.98478831649
5,5012.984788273711
6,5012.984788238074
7,5012.984788239575
8,5012.984788232357
9,5012.984788304466
10,5012.984788202594
11,5012.984788244004
12,5012.9847882579
13,5012.98478829905
14,5012.984788240795
15,5012.984788266701
16,5012.9847882713575
17,5012.984788217186
18,5012.984788283175
19,5012.984788278119
20,5012.984788216152
