Run,Cost
1,4907.642903628788
2,4900.924168630319
3,4896.177927431465
4,4906.707680122712
5,4900.924168582994
6,4905.558300574426
7,4902.178849557065
8,4904.409265539538
9,4908.79193871741
10,4908.791938727133
11,4909.111396187208
12,4908.79193867572
13,4908.791938756604
14,4903.327884596877
15,4898.581643529804
16,4908.791938751673
17,4909.135551080567
18,4906.3882226813075
19,4900.924168583427
20,4902.178849558347
