Run,Cost
1,6730.877514918889
2,6735.745865585543
3,6752.358494147883
4,6747.519908926486
5,6742.750108518211
6,6738.882810767265
7,6740.78829069931
8,6741.024581109722
9,6740.40414023464
10,6748.070839356772
11,6740.0740586684315
12,6747.068059043367
13,6748.843222003067
14,6749.057850749005
15,6727.735834930302
16,6740.871969564827
17,6739.9122499411305
18,6741.482543437454
19,6737.615245585827
20,6748.8432219437955
