Run,Cost
1,6823.809053715182
2,6822.955236641387
3,6822.955236633882
4,6823.809053696093
5,6823.809053743859
6,6822.9552366836015
7,6823.809053819196
8,6823.809053681296
9,6823.809053730507
10,6823.809053738582
11,6822.955236689599
12,6823.809053747593
13,6823.809053733354
14,6822.955236670265
15,6822.95523660016
16,6822.955236709061
17,6823.809053709321
18,6823.8090537734315
19,6823.809053749657
20,6823.809053634913
