Run,Cost
1,2358.448324748704
2,2348.6485679964635
3,2356.2518518253532
4,2349.6658166271955
5,2347.4693436148245
6,2358.4483247922694
7,2358.4483247754074
8,2349.7661214109785
9,2343.555026447692
10,2349.384334277677
11,2358.4483247689523
12,2345.2302557684775
13,2347.4693436591883
14,2341.439560688167
15,2349.384334303884
16,2347.469343671963
17,2349.766121420579
18,2353.912459137857
19,2358.4483247909134
20,2356.2518517970902
