Run,Cost
1,9473.303138925601
2,9472.064353188032
3,9471.153795014043
4,9471.153795030714
5,9471.153795034312
6,9471.153795008968
7,9472.39258072762
8,9473.30313888616
9,9473.303138857013
10,9472.064353071317
11,9472.06435311967
12,9473.303138942636
13,9471.15379496366
14,9472.39258081241
15,9472.064353126823
16,9472.064353169519
17,9472.064353090871
18,9472.064353185648
19,9472.064353128955
20,9473.303138869695
