Run,Cost
1,6283.7040373928885
2,6283.704037358371
3,6283.7040374088065
4,6283.70403733358
5,6283.704037368902
6,6283.704037338019
7,6283.704037310193
8,6283.704037339177
9,6283.704037304266
10,6283.704037361683
11,6283.704037326075
12,6283.704037369068
13,6283.704037365237
14,6283.704037328978
15,6283.704037356948
16,6283.7040373953605
17,6283.704037304399
18,6283.704037384605
19,6283.704037300233
20,6283.704037346494
