Run,Cost
1,4891.2621459645125
2,4878.867701160343
3,4848.497380743635
4,4885.9105673382455
5,4850.395373128656
6,4859.7281407770715
7,4888.402525161702
8,4888.517187323572
9,4835.9561257114765
10,4877.021071028722
11,4868.396290198004
12,4892.328974903057
13,4886.513545323982
14,4846.585578826737
15,4885.347724268541
16,4839.926554231948
17,4847.957359864809
18,4890.544505720459
19,4887.053566247929
20,4887.259526251597
