Run,Cost
1,6191.383450684052
2,6187.100342487006
3,6182.722947255979
4,6176.57746656174
5,6191.275340208155
6,6185.420021129598
7,6182.310040259336
8,6170.580869952989
9,6183.640776360642
10,6183.227869438296
11,6178.960934635406
12,6178.020402546568
13,6178.731768641039
14,6176.223082888013
15,6185.771941900529
16,6181.669435734983
17,6178.977923945817
18,6185.765412249078
19,6179.803037980104
20,6177.832476825905
