Run,Cost
1,9345.247250820834
2,9351.161832935466
3,9349.223936481674
4,9332.332795245105
5,9359.592779595478
6,9351.138674017415
7,9356.908824869235
8,9348.030894846555
9,9355.989994804067
10,9346.276680690591
11,9335.692247023622
12,9350.225901106185
13,9351.736078439575
14,9349.3640078563
15,9336.664408628285
16,9346.677686562756
17,9354.0877240881
18,9347.1965376224
19,9356.51297626876
20,9345.223728299012
