Run,Cost
1,4972.44523528786
2,4972.445235287601
3,4972.445235296226
4,4972.445235260416
5,4972.445235349629
6,4972.445235261792
7,4972.445235331866
8,4972.445235280504
9,4972.445235314515
10,4972.445235346741
11,4972.445235302592
12,4972.445235289122
13,4972.445235269273
14,4972.44523531364
15,4972.445235290341
16,4972.445235287185
17,4972.445235291491
18,4972.445235308516
19,4972.445235274669
20,4972.445235314415
