Run,Cost
1,4391.440328543932
2,4383.885092254447
3,4387.7617668344365
4,4382.941991406113
5,4382.941991353549
6,4379.943259776994
7,4382.678720644792
8,4380.886360733553
9,4380.886360703869
10,4382.678720610108
11,4387.761766807352
12,4382.941991265245
13,4391.440328587331
14,4380.886360744046
15,4386.509004718165
16,4380.886360699375
17,4385.5659038793765
18,4382.941991361855
19,4389.383433383671
20,4380.886360737835
