Run,Cost
1,4509.175563172743
2,4510.430472661541
3,4507.056574579284
4,4510.430472677294
5,4509.175563166932
6,4509.175563220775
7,4510.430472621602
8,4507.056574645393
9,4507.056574635519
10,4505.801665106192
11,4510.430472695021
12,4510.430472688919
13,4505.801665150911
14,4509.175563180179
15,4509.175563157852
16,4507.0565745360445
17,4507.056574615969
18,4507.056574632834
19,4509.1755631879705
20,4510.430472669752
