Run,Cost
1,3273.060089926674
2,3272.342286465925
3,3273.0600899380443
4,3273.060089931504
5,3272.5226184946314
6,3272.3422865290054
7,3272.342286545534
8,3272.522618454606
9,3272.522618486928
10,3273.0600899528913
11,3271.804815073276
12,3272.342286526295
13,3273.060089995422
14,3273.060089955182
15,3272.5226184473436
16,3273.060090012169
17,3272.342286587666
18,3271.8048150807126
19,3272.5226184521975
20,3271.8048150755226
