Run,Cost
1,3231.837115213664
2,3231.35716120864
3,3231.7758151186235
4,3231.5741011538917
5,3231.5588752349004
6,3231.8371152094896
7,3231.574101158786
8,3231.620175274576
9,3231.5741012212334
10,3231.775815121768
11,3231.558875157663
12,3231.7758151420185
13,3231.8371152051413
14,3231.7758151022713
15,3231.635401293133
16,3231.775815156027
17,3231.635401257407
18,3231.5588751717346
19,3231.574101190943
20,3231.3571612069477
