Run,Cost
1,5132.265974866851
2,5127.939293335771
3,5130.647797641552
4,5135.1537831365495
5,5136.193747970211
6,5132.265974873738
7,5127.941692191512
8,5136.196146766917
9,5136.196146808191
10,5131.867066564804
11,5126.321116194622
12,5126.321116069419
13,5132.450076674231
14,5136.193748004328
15,5126.318717309241
16,5131.869465370398
17,5136.196146758591
18,5132.450076692119
19,5131.869465355533
20,5136.774359248087
