Run,Cost
1,5225.464198328526
2,5225.464198307684
3,5225.464198317365
4,5225.464198289501
5,5225.464198299426
6,5225.4641982937355
7,5225.464198314326
8,5225.464198314384
9,5225.46419833626
10,5225.464198303613
11,5225.464198349449
12,5225.464198329027
13,5225.464198377548
14,5225.464198291748
15,5225.464198300521
16,5225.464198273229
17,5225.464198306353
18,5225.464198281232
19,5225.464198299372
20,5225.464198289172
