Run,Cost
1,6056.355864250603
2,6042.869756575716
3,6075.845130976052
4,6056.842805393506
5,6069.5809013044245
6,6057.985809277725
7,6063.236112194249
8,6047.696530753017
9,6070.566988930709
10,6067.224492329896
11,6057.446347234012
12,6059.242626812434
13,6065.635933596462
14,6057.069976856058
15,6064.857682268984
16,6064.4710371522715
17,6069.09572946494
18,6073.023094362898
19,6066.8708585665545
20,6064.576054453025
