Run,Cost
1,6140.488116773505
2,6140.488116875199
3,6140.488116895983
4,6140.488116816713
5,6140.488116869715
6,6140.488116823886
7,6140.488116818382
8,6140.488116859106
9,6140.488116865864
10,6140.488116853187
11,6140.488116831908
12,6140.488116900707
13,6140.488116859115
14,6140.488116805688
15,6140.488116856838
16,6140.4881167916
17,6140.488116805469
18,6140.488116847649
19,6140.488116872386
20,6140.48811681443
