Run,Cost
1,2375.9287687976134
2,2376.779462393176
3,2376.1238302777065
4,2378.0927629515536
5,2376.779462431628
6,2376.5844008986583
7,2376.584400917392
8,2376.123830271996
9,2376.5844009242574
10,2376.5844009393422
11,2376.779462435537
12,2376.779462439057
13,2376.123830262115
14,2378.0927629801918
15,2376.1238302623306
16,2377.8977014967186
17,2375.9287687840397
18,2375.9287687689666
19,2377.2420693334
20,2378.092762962085
