Run,Cost
1,7340.927566104189
2,7340.927566021875
3,7340.9275660290195
4,7344.602631445123
5,7344.602631438375
6,7340.927565990302
7,7340.927566037456
8,7340.9275659887935
9,7344.602631459222
10,7344.602631437017
11,7344.602631486815
12,7344.602631424328
13,7344.602631388806
14,7340.927566036865
15,7340.92756605362
16,7344.602631427688
17,7344.602631399825
18,7344.602631399644
19,7344.6026314035025
20,7340.927566043489
