Run,Cost
1,7252.171174318448
2,7260.377926882998
3,7256.468502743282
4,7255.310166958924
5,7255.017050456113
6,7227.994988030642
7,7246.032888548182
8,7227.879803779376
9,7265.611247979416
10,7255.0057754074915
11,7252.49647684656
12,7253.015810009135
13,7253.59200008235
14,7250.214392764262
15,7255.017050449743
16,7253.710295482217
17,7268.907528201573
18,7235.685853608863
19,7253.592000107309
20,7255.829500159775
