Run,Cost
1,6117.40458015613
2,6123.070429060848
3,6108.388139491753
4,6114.427188415143
5,6106.452195797871
6,6110.348074945625
7,6114.427188372085
8,6119.225284240644
9,6106.754765497091
10,6110.348074937412
11,6120.340150801458
12,6101.904928362996
13,6109.835424910268
14,6115.26198110077
15,6125.479603474555
16,6109.568918702413
17,6124.891133143383
18,6124.891133120321
19,6100.271554488827
20,6125.652319695889
