Run,Cost
1,6219.085941548732
2,6219.085941532054
3,6219.085941521875
4,6219.085941591552
5,6219.08594156839
6,6219.085941520024
7,6219.085941530422
8,6219.085941564445
9,6219.085941572942
10,6219.085941533215
11,6219.085941540206
12,6219.085941579402
13,6219.085941498548
14,6219.085941592746
15,6219.085941541442
16,6219.0859415713685
17,6219.085941513356
18,6219.0859415392615
19,6219.085941568698
20,6219.085941534634
