Run,Cost
1,2014.4280674301262
2,2018.7159591632585
3,2014.428067409059
4,2015.018016478014
5,2018.126010109791
6,2014.4280674094198
7,2018.7159591638151
8,2018.126010098525
9,2018.715959149823
10,2018.7159591561356
11,2018.7159591410395
12,2015.0180164783812
13,2015.0180164902674
14,2015.0180164682592
15,2014.4280674379684
16,2014.4280673986361
17,2018.1260100967313
18,2014.4280674032677
19,2018.1260101060013
20,2018.1260101254304
