Run,Cost
1,2047.698029435997
2,2047.6980294752977
3,2047.6980294185707
4,2047.698029419317
5,2047.6980294057691
6,2047.698029429791
7,2047.698029403721
8,2047.6980294120644
9,2047.698029403246
10,2047.698029425005
11,2047.6980294173857
12,2047.6980294273287
13,2047.6980293841495
14,2047.6980294446425
15,2047.6980294166308
16,2047.6980294280459
17,2047.698029390809
18,2047.6980294037726
19,2047.6980294047523
20,2047.6980294042176
