Run,Cost
1,1853.0111015159482
2,1853.0111014760664
3,1853.3207614368873
4,1853.320761439154
5,1851.2534767910033
6,1852.896432635291
7,1852.8964326256805
8,1851.563136772292
9,1853.320761427351
10,1851.2534767911923
11,1853.0111014933498
12,1853.0111014701927
13,1853.320761446321
14,1853.2060925718145
15,1851.2534768316225
16,1852.8964326365037
17,1853.320761410386
18,1853.3207614626644
19,1851.2534768251041
20,1853.3207614125095
