Run,Cost
1,1888.7756091090107
2,1888.775609150588
3,1888.775609122066
4,1888.7756091184444
5,1888.7756091540555
6,1888.7756091568433
7,1888.7756091348222
8,1888.7756091446302
9,1888.7756091363945
10,1888.7756091241563
11,1888.775609124457
12,1888.7756091519493
13,1888.7756091502765
14,1888.7756091281572
15,1888.7756091806586
16,1888.7756091685226
17,1888.7756091406682
18,1888.775609136006
19,1888.775609129468
20,1888.7756091571725
