Run,Cost
1,4829.902021272527
2,4829.902021295541
3,4829.902021292467
4,4829.902021307557
5,4829.902021326546
6,4829.90202128442
7,4829.902021308644
8,4829.902021253436
9,4829.9020213073845
10,4829.90202128697
11,4829.902021280668
12,4829.9020212837695
13,4829.902021268753
14,4829.902021304413
15,4829.902021262249
16,4829.902021293775
17,4829.902021268504
18,4829.902021282478
19,4829.90202130557
20,4829.902021285229
