Run,Cost
1,4823.055664181213
2,4823.055664133137
3,4823.055664204792
4,4823.0556642025795
5,4823.055664181157
6,4823.0556642232505
7,4823.05566424613
8,4823.055664235228
9,4823.05566412713
10,4823.055664191956
11,4823.055664174034
12,4823.055664203571
13,4823.055664209891
14,4823.055664173407
15,4823.0556642289785
16,4823.055664227387
17,4823.055664228135
18,4823.055664247514
19,4823.055664240762
20,4823.055664200337
