Run,Cost
1,3624.801724722662
2,3628.0543723379715
3,3624.801724736162
4,3625.214328209905
5,3624.801724756116
6,3623.961136432992
7,3628.054372365259
8,3624.801724754055
9,3623.9611364929788
10,3613.376595484685
11,3628.0543723242868
12,3624.801724760843
13,3613.3765954094833
14,3624.8017247070466
15,3613.376595463678
16,3613.3765954837354
17,3623.9611364856896
18,3613.376595488724
19,3613.3765954560586
20,3623.9611364999378
