Run,Cost
1,3676.4598331423927
2,3676.459833182335
3,3676.459833240406
4,3676.4598331469015
5,3676.4598331710863
6,3676.3766623294364
7,3676.3766623202337
8,3676.459833195303
9,3676.459833214915
10,3676.459833252193
11,3676.4598331642546
12,3676.459833158624
13,3676.4598331544094
14,3676.4598331896177
15,3676.3766623112456
16,3676.4598331996367
17,3676.459833153734
18,3676.376662324032
19,3676.3766623078914
20,3676.459833166205
