Run,Cost
1,6507.694693833906
2,6508.251578290882
3,6508.251578336807
4,6507.694693881256
5,6507.694693855482
6,6508.251578341418
7,6508.251578295293
8,6507.694693847964
9,6507.694693779587
10,6507.694693895324
11,6507.694693866481
12,6507.694693730827
13,6508.251578284941
14,6507.694693864635
15,6508.251578307038
16,6508.251578205396
17,6508.251578298717
18,6508.251578290138
19,6508.251578274008
20,6507.694693873225
