Run,Cost
1,6263.307111270646
2,6262.757089060825
3,6263.30711127235
4,6263.014786798849
5,6262.905210034414
6,6262.485639827024
7,6262.7362138406215
8,6263.183783118224
9,6262.588092843375
10,6262.893848918762
11,6262.485639769734
12,6262.576731683907
13,6262.195705682793
14,6263.13811501901
15,6263.138115053771
16,6262.75708897913
17,6262.195705677645
18,6262.588092813283
19,6262.905210058592
20,6262.58809278635
