Run,Cost
1,6172.557372261174
2,6175.640477666147
3,6172.5573722340005
4,6171.9371889358
5,6174.036914700849
6,6174.284606237768
7,6172.083667275057
8,6172.658585399406
9,6175.640477654579
10,6172.163814916168
11,6171.609350000973
12,6174.904789530067
13,6174.570176657245
14,6174.511232077227
15,6173.519686215209
16,6173.709075907607
17,6175.006002625058
18,6174.5701767517685
19,6171.8570415052045
20,6173.956767216652
