Run,Cost
1,7467.083543346767
2,7468.572628829917
3,7468.572628795234
4,7465.97616683377
5,7468.572628866855
6,7467.465252250973
7,7465.976166858817
8,7465.976166913062
9,7465.976166846897
10,7468.572628737658
11,7468.572628912015
12,7467.465252342439
13,7465.976166890878
14,7467.465252351946
15,7467.0835432817275
16,7465.976166873604
17,7467.4652522863325
18,7465.976166914501
19,7467.465252353912
20,7468.572628801223
