Run,Cost
1,7400.772977816669
2,7376.100160991916
3,7370.88461903644
4,7371.911645391504
5,7370.34752661592
6,7387.279090628115
7,7365.450374290552
8,7381.26140446052
9,7374.826505874237
10,7385.7265350903135
11,7399.348780428926
12,7400.287915778106
13,7388.609321836502
14,7353.931032114565
15,7380.994384102925
16,7392.386557228139
17,7374.130078884293
18,7377.608826021388
19,7389.5541001367255
20,7392.38655727041
