Run,Cost
1,3996.688453442731
2,3996.688453532777
3,3995.569907832688
4,3994.220670510711
5,3994.2206704721125
6,3995.3392161505267
7,3994.22067051507
8,3995.5699078017183
9,3995.569907784473
10,3996.688453524459
11,3995.339216130877
12,3995.569907883634
13,3995.3392161259253
14,3994.2206704746586
15,3995.339216152161
16,3995.3392161302795
17,3995.3392160946005
18,3996.688453479907
19,3994.220670451998
20,3995.3392161529423
