Run,Cost
1,3973.0108167699027
2,3970.154910830513
3,3966.6801623565266
4,3968.742599546517
5,3973.5134523467505
6,3966.5688641903344
7,3970.948379407898
8,3973.0108167176504
9,3966.568864194871
10,3966.568864119052
11,3973.010816732639
12,3973.5134523422057
13,3973.513452331737
14,3966.680162325482
15,3966.6801623856354
16,3973.5134523664306
17,3970.1549109004995
18,3966.568864191983
19,3973.010816707096
20,3970.9483794734488
