Run,Cost
1,4440.331779745779
2,4450.8808885335075
3,4442.135138420809
4,4449.591653129063
5,4450.366765229357
6,4442.135138451294
7,4442.135138475489
8,4449.171722363603
9,4440.331779782165
10,4442.118108796712
11,4450.8808885533035
12,4441.621015175458
13,4450.880888530367
14,4440.425972281894
15,4450.880888583782
16,4450.863858873603
17,4442.118108834341
18,4440.845902986746
19,4449.591653122945
20,4442.118108843264
