Run,Cost
1,4507.897698051936
2,4509.428255560603
3,4507.8976980790185
4,4507.897698075936
5,4507.897698068585
6,4509.428255553515
7,4507.897698055262
8,4507.897698031351
9,4507.897698044787
10,4507.897698027812
11,4509.4282556000835
12,4507.897698006319
13,4509.428255523909
14,4509.428255618019
15,4509.428255559352
16,4509.4282555755135
17,4509.4282555648415
18,4507.897698013119
19,4509.428255575256
20,4507.897698024413
