Run,Cost
1,3417.3894819913758
2,3417.389482026161
3,3417.3894820422474
4,3417.3894819479315
5,3417.3894820293326
6,3417.3894820131854
7,3417.3894820269416
8,3417.389482067967
9,3417.3894820360965
10,3417.389482015279
11,3417.389482019145
12,3417.3894820050873
13,3417.3894819767906
14,3417.389482001705
15,3417.389481998523
16,3417.3894819830994
17,3417.389481983895
18,3417.389481998546
19,3417.3894820182118
20,3417.3894820024634
