Run,Cost
1,3378.115092815208
2,3366.3150877884455
3,3382.0175556164077
4,3378.11509281802
5,3382.0175556202253
6,3378.1150928001807
7,3382.0175556466925
8,3361.192595532839
9,3382.017555647741
10,3378.1150927979875
11,3366.3150878695806
12,3366.3150878555757
13,3382.0175556273093
14,3382.0175556207355
15,3378.115092760194
16,3366.3150878402644
17,3378.115092803099
18,3378.1150928204243
19,3378.11509281416
20,3382.017555620185
