Run,Cost
1,4222.516714559654
2,4221.405853732398
3,4220.774959287825
4,4224.598801747536
5,4223.873205363201
6,4223.873205362477
7,4223.057714063662
8,4228.248490916538
9,4223.87320534967
10,4229.789578593308
11,4220.59036242626
12,4220.049362925208
13,4222.131450056531
14,4223.873205358685
15,4228.43308777987
16,4221.40585370514
17,4222.131450119086
18,4222.33211764731
19,4228.974087280556
20,4223.873205328243
