Run,Cost
1,4276.235623824467
2,4276.235623783547
3,4276.235623754485
4,4275.876953525
5,4275.876953554657
6,4275.876953529511
7,4276.235623736105
8,4275.876953502143
9,4276.235623777241
10,4276.23562374294
11,4275.8769535248375
12,4276.235623794435
13,4275.8769534919675
14,4275.876953491752
15,4275.876953554725
16,4275.87695352115
17,4275.876953531688
18,4276.235623709494
19,4276.2356237983795
20,4275.876953543524
