Run,Cost
1,4033.974410393176
2,4033.922794453545
3,4033.9227944651734
4,4033.9744103769212
5,4033.9744104296906
6,4033.974410359301
7,4033.9227944627023
8,4033.922794457185
9,4033.922794474564
10,4033.974410443997
11,4033.9744104057663
12,4033.9744104494907
13,4033.9227944196696
14,4033.9227944455356
15,4033.922794516186
16,4033.9227944400036
17,4033.922794434665
18,4033.974410410886
19,4033.9744103876287
20,4033.922794465854
