Run,Cost
1,3933.719089033042
2,3938.564284970016
3,3943.2129593074424
4,3938.5642849727483
5,3935.1417990991276
6,3934.529939979813
7,3944.3356121666984
8,3943.27055667437
9,3943.2129592766787
10,3933.7190890638894
11,3932.340283960533
12,3932.8810245092177
13,3936.4281164356466
14,3945.3131289827015
15,3947.6142270735786
16,3942.670801622442
17,3931.7825500049835
18,3926.097598835799
19,3942.9870166866453
20,3948.1578033931105
