Run,Cost
1,1894.8862467163485
2,1894.8862466684545
3,1894.886246674931
4,1894.886246692109
5,1894.8862466784692
6,1894.8862467165472
7,1894.8862466718324
8,1894.88624668109
9,1894.8862466546973
10,1894.8862466708608
11,1894.8862466750256
12,1894.8862466453365
13,1894.8862466604828
14,1894.8862466901755
15,1894.8862466970693
16,1894.8862466601283
17,1894.886246637029
18,1894.886246683074
19,1894.8862466586154
20,1894.8862466890077
