Run,Cost
1,1896.4593539273858
2,1896.4593539356301
3,1896.4593539457405
4,1896.459353917386
5,1896.4593539269094
6,1896.4593538844438
7,1896.4593539176856
8,1896.4593539202235
9,1896.4593539255043
10,1896.4593538997335
11,1896.4593539089365
12,1896.4593539537818
13,1896.4593539088664
14,1896.4593539279097
15,1896.45935389717
16,1896.459353913193
17,1896.459353943947
18,1896.4593539244058
19,1896.4593539140126
20,1896.459353906554
