Run,Cost
1,9979.852776931228
2,9980.030973589057
3,9980.03097352618
4,9980.030973543728
5,9979.852776992228
6,9980.030973627454
7,9979.85277693722
8,9979.852777006412
9,9980.03097361251
10,9980.030973563378
11,9980.030973553523
12,9980.030973514255
13,9979.852776868067
14,9979.852777070208
15,9979.852776928417
16,9980.030973531919
17,9979.852777002781
18,9980.030973512188
19,9979.852776989976
20,9980.030973593784
