Run,Cost
1,9913.3598662216
2,9913.359866097666
3,9906.969146273215
4,9909.779408733664
5,9911.706337201726
6,9908.537309550647
7,9908.53730952074
8,9904.190181485605
9,9905.353258922793
10,9903.785095688716
11,9904.190181398191
12,9909.779408744495
13,9912.96345922932
14,9904.190181367874
15,9913.359866167086
16,9909.779408684963
17,9909.779408706447
18,9912.963459309125
19,9912.963459265571
20,9913.359866210274
