Run,Cost
1,5064.780108001061
2,5064.780108046046
3,5064.780108033919
4,5064.780108050331
5,5064.780108016464
6,5064.780108051803
7,5064.780108015992
8,5064.780108046382
9,5064.780107993764
10,5064.78010805803
11,5064.780108016471
12,5064.780107986023
13,5064.78010801095
14,5064.780108004296
15,5064.780108033888
16,5064.780108018552
17,5064.780108060861
18,5064.780107988459
19,5064.780107997037
20,5064.7801080246745
