Run,Cost
1,5026.857480017904
2,5014.887598558195
3,5002.737360343979
4,5018.70872759998
5,5031.876063052919
6,4976.146475910671
7,5004.735945005396
8,4989.077686750408
9,5022.13498012896
10,5021.903112314969
11,4983.529487055425
12,5022.573315909927
13,5017.376875703443
14,4995.979912127797
15,4993.996979438332
16,5018.966793083272
17,4997.010345570726
18,5024.150463676815
19,4987.954680353536
20,5010.601442586708
