Run,Cost
1,10763.76049389976
2,10764.949405786716
3,10778.815121854988
4,10766.09101023517
5,10765.761460850963
6,10783.513298120579
7,10770.196069700974
8,10783.086342905484
9,10777.8529316263
10,10784.381919198622
11,10769.600450879107
12,10764.949405788693
13,10761.508049456186
14,10766.805544961977
15,10768.812292451114
16,10774.598387309374
17,10756.90955294924
18,10769.056331350033
19,10775.274601034433
20,10771.401250460493
