Run,Cost
1,10973.980065564758
2,10973.980065558646
3,10973.980065520373
4,10974.957994887314
5,10973.98006557253
6,10973.98006558757
7,10973.980065560114
8,10974.957994828374
9,10973.98006551357
10,10973.98006558417
11,10973.980065581902
12,10973.980065542613
13,10973.980065567377
14,10974.957994972636
15,10973.980065572065
16,10973.980065550177
17,10973.980065509133
18,10973.9800655044
19,10973.980065611422
20,10973.98006557403
