Run,Cost
1,7405.070568268456
2,7409.219091486618
3,7409.219091505116
4,7404.719311619929
5,7409.2190914715065
6,7409.219091457943
7,7404.719311689754
8,7404.719311660175
9,7404.719311689288
10,7405.070568282497
11,7405.070568296367
12,7404.7193116915405
13,7404.719311671842
14,7405.070568294014
15,7405.0705682898215
16,7405.070568296396
17,7409.5703480936945
18,7404.719311644934
19,7404.719311654455
20,7404.71931162248
