Run,Cost
1,7267.574157175304
2,7276.608749241591
3,7277.934454701172
4,7259.781546993076
5,7262.568965430201
6,7281.970379170562
7,7268.278745967948
8,7277.677955523468
9,7265.094927693681
10,7277.460855464404
11,7265.094927696635
12,7267.500850471635
13,7277.93445472654
14,7277.604648880946
15,7266.031351717346
16,7265.564634026784
17,7262.495658809125
18,7266.035244599521
19,7260.633653192176
20,7266.504950914286
