Run,Cost
1,4246.0148305742605
2,4245.733061046341
3,4246.014830507261
4,4245.733060993357
5,4246.014830556572
6,4246.014830519517
7,4246.014830560849
8,4246.014830537108
9,4246.014830562747
10,4246.0148305644
11,4246.01483055694
12,4246.014830550807
13,4245.733061032324
14,4245.733061016221
15,4245.733060967233
16,4246.014830556212
17,4246.014830497086
18,4246.014830556315
19,4245.733060965047
20,4246.014830516564
