Run,Cost
1,4162.487605739156
2,4157.093412992438
3,4162.487605780522
4,4157.093412911662
5,4157.093412918205
6,4162.487605801506
7,4157.093412937695
8,4157.093412953126
9,4157.093412995092
10,4157.093412919781
11,4162.487605826611
12,4162.487605798612
13,4162.48760583646
14,4162.487605816644
15,4162.487605795714
16,4157.09341293023
17,4157.0934129277375
18,4162.487605757425
19,4162.487605744027
20,4157.093412951599
