Run,Cost
1,1495.2056465275125
2,1495.205646526012
3,1495.205646507606
4,1495.205646484649
5,1495.2056464905625
6,1495.2056464857196
7,1495.205646502567
8,1495.2056465180347
9,1495.2056464958105
10,1495.2056464915747
11,1495.2056464898
12,1495.2056464859327
13,1495.205646490116
14,1495.2056465072733
15,1495.2056465022533
16,1495.2056464786986
17,1495.2056465020817
18,1495.2056464960262
19,1495.2056464942505
20,1495.2056465086587
