Run,Cost
1,1521.7967728077786
2,1521.2022956696796
3,1521.2022956887852
4,1521.348326696086
5,1521.2022956794715
6,1521.3483267157135
7,1521.65074174839
8,1521.3483267005415
9,1521.2022956590317
10,1521.6507417647279
11,1521.3483267029628
12,1521.3483267108152
13,1521.7967727764108
14,1521.2022956741014
15,1521.796772774917
16,1521.3483267073245
17,1521.65074173842
18,1521.796772783823
19,1521.3483267151742
20,1521.2022956549035
