Run,Cost
1,4974.726594794666
2,4971.658200609198
3,4972.856615702953
4,4972.638371839226
5,4967.826864024385
6,4975.549210019079
7,4982.181545653442
8,4982.59420849196
9,4994.7920179390885
10,4977.671827923331
11,4980.7201679149475
12,4979.52175283788
13,4985.571375032378
14,4984.372959990526
15,4989.4680434398015
16,4990.66645852657
17,4979.339503935793
18,4975.549209960228
19,4967.649662756445
20,4973.52817967101
