Run,Cost
1,5027.480272038218
2,5027.909243383323
3,5027.909243472827
4,5027.480272115536
5,5027.90924336929
6,5027.909243365808
7,5027.909243414005
8,5027.480272083203
9,5027.909243429809
10,5027.4802721000115
11,5027.480272108026
12,5027.9092433617725
13,5027.480272081119
14,5027.4802720613725
15,5027.909243342509
16,5027.480272075982
17,5027.909243412211
18,5027.480272104642
19,5027.909243346689
20,5027.480272113077
