Run,Cost
1,686.4312149159437
2,686.4312149301638
3,686.4312149219118
4,686.431214923716
5,686.4312149241256
6,686.4312149146667
7,686.431214921953
8,686.4312149159821
9,686.4312149220309
10,686.4312149310759
11,686.431214924769
12,686.4312149340212
13,686.4312149206083
14,686.4312149091202
15,686.4312149216248
16,686.4312149144434
17,686.4312149180064
18,686.431214914876
19,686.4312149196242
20,686.431214921197
