Run,Cost
1,679.9531193701914
2,679.9531193726178
3,679.9531193902441
4,679.9531193672477
5,679.9531193710108
6,679.953119372491
7,679.9531193807347
8,679.9531193725603
9,679.9531193757352
10,679.9531193704812
11,679.9531193849361
12,679.9531193678781
13,679.9531193655006
14,679.9531193795049
15,679.9531193739102
16,679.9531193567127
17,679.9531193832795
18,679.9531193758845
19,679.9531193769949
20,679.9531193638522
