Run,Cost
1,4642.426150117218
2,4640.613111621136
3,4642.42615010312
4,4640.613111679375
5,4642.426150186675
6,4642.426150141835
7,4642.426150162054
8,4642.426150160583
9,4640.613111622215
10,4642.426150112815
11,4642.426150167802
12,4642.426150103248
13,4642.426150202077
14,4642.426150180873
15,4642.426150144576
16,4642.426150110384
17,4642.426150135285
18,4642.426150122293
19,4642.4261501520095
20,4642.426150173907
