Run,Cost
1,4648.929322668639
2,4647.1895627735885
3,4647.1895628293105
4,4647.189562839757
5,4648.929322712578
6,4647.189562783379
7,4648.929322686258
8,4647.189562850692
9,4648.929322700028
10,4648.929322644784
11,4648.929322727524
12,4647.189562804207
13,4648.929322721318
14,4648.92932263297
15,4648.929322671009
16,4648.929322706541
17,4647.189562801274
18,4647.189562823112
19,4648.929322634338
20,4647.1895627962895
