Run,Cost
1,7242.601392954765
2,7242.601393015029
3,7248.001734585791
4,7248.001734544345
5,7242.601392978116
6,7248.001734550916
7,7248.001734627519
8,7248.00173455361
9,7248.001734548903
10,7248.00173459421
11,7248.00173460189
12,7248.001734526967
13,7248.001734623346
14,7242.601392999363
15,7248.001734567546
16,7248.001734589809
17,7248.001734571317
18,7242.601392901021
19,7248.001734594945
20,7248.001734514021
