Run,Cost
1,7158.5514907005
2,7176.71088331786
3,7167.696812874331
4,7174.395919412754
5,7168.550104776276
6,7178.175631917729
7,7155.756321780335
8,7179.983929708976
9,7171.782728830734
10,7158.549163154608
11,7177.69542689927
12,7163.621950265117
13,7168.003016583109
14,7166.41479154955
15,7163.62195026239
16,7168.9875600619525
17,7169.03030968284
18,7160.826781388199
19,7165.754935830382
20,7166.712269446175
