Run,Cost
1,1827.4402129196512
2,1829.062273909742
3,1829.0622739371886
4,1829.0622739225375
5,1827.4402129170721
6,1827.4402129239572
7,1829.0622739250389
8,1829.062273886622
9,1829.0622739405726
10,1827.440212883172
11,1827.4402129186833
12,1829.0622739150301
13,1829.0622738894454
14,1829.0622739088901
15,1829.0622739618827
16,1829.0622739208336
17,1827.4402129007924
18,1829.0622739168139
19,1829.062273891794
20,1829.062273895304
