Run,Cost
1,1886.127908361831
2,1886.1279083270922
3,1888.3346238822687
4,1884.1288896571082
5,1884.1288896503677
6,1890.3336425569041
7,1888.3346238709762
8,1886.1279083629652
9,1884.1288896306628
10,1888.3346239112477
11,1888.3346238902957
12,1884.1288896638682
13,1890.3336425495875
14,1886.1279083175154
15,1884.1288896443093
16,1888.334623923252
17,1888.3346238662748
18,1886.1279083494721
19,1888.3346238278682
20,1886.1279083297065
