Run,Cost
1,2854.8991107279494
2,2854.8991107118995
3,2854.8991106575927
4,2856.8098438905754
5,2852.397994030027
6,2856.809843872107
7,2856.8098438782713
8,2854.8991107064803
9,2854.8991106710964
10,2854.899110665342
11,2854.8991106506055
12,2854.8991106695353
13,2852.397993972784
14,2854.8991106989183
15,2856.8098439020523
16,2854.899110668279
17,2852.39799404403
18,2852.961359001452
19,2856.809843871267
20,2852.3979940160652
