Run,Cost
1,2888.1119519720214
2,2888.111951937351
3,2888.111951957351
4,2888.1119519378935
5,2888.1119519618073
6,2888.111951991185
7,2888.111951962167
8,2888.1119519687263
9,2888.1119519574236
10,2888.1119519571125
11,2888.1119519622366
12,2888.111951985851
13,2888.111951952122
14,2888.111951992354
15,2888.1119519643585
16,2888.111951948013
17,2888.111951985778
18,2888.1119519217796
19,2888.111951951866
20,2888.111951966089
