Run,Cost
1,4988.340586587486
2,4989.402933906673
3,4989.402933898337
4,4988.115637987588
5,4989.402933936196
6,4988.115637964156
7,4989.402933966047
8,4987.053290669073
9,4988.11563799869
10,4987.053290690487
11,4988.340586561214
12,4988.340586559528
13,4986.507617001999
14,4989.402933932768
15,4989.402933910519
16,4987.053290714045
17,4988.340586480991
18,4988.115638017071
19,4987.053290664756
20,4988.340586556116
