Run,Cost
1,5045.477191142891
2,5045.477191202642
3,5045.477191194224
4,5045.477191153119
5,5045.4771911300495
6,5044.641260981465
7,5044.641261014493
8,5045.47719120578
9,5044.641260997618
10,5045.477191175273
11,5045.4771911532725
12,5044.641261070792
13,5044.641261010884
14,5044.641261012148
15,5044.641261039498
16,5045.477191200249
17,5044.6412610708485
18,5044.64126111995
19,5044.641261014731
20,5045.477191136097
