Run,Cost
1,2907.5870199588844
2,2907.587019930669
3,2907.5870199067467
4,2907.5870198894277
5,2907.587019938471
6,2907.5870199134365
7,2907.5870199357587
8,2907.5870199210426
9,2907.58701993651
10,2907.5870199349106
11,2907.5870199295887
12,2907.5870199637598
13,2907.5870199364426
14,2907.5870199299384
15,2907.587019956134
16,2907.5870200005725
17,2907.5870199371357
18,2907.5870199421815
19,2907.587019941793
20,2907.587019959251
