Run,Cost
1,2739.8562777286024
2,2739.045022153127
3,2739.8562776918534
4,2739.856277710248
5,2739.856277672486
6,2739.8562776758217
7,2739.8562776823373
8,2739.856277690769
9,2739.8562776724298
10,2739.856277701824
11,2739.8562776639556
12,2739.045022147591
13,2739.0450221506635
14,2739.8562776840563
15,2739.0450221529527
16,2739.85627767076
17,2739.8562776599065
18,2739.045022177856
19,2739.8562776770414
20,2739.04502221384
