Run,Cost
1,2757.746851268423
2,2757.7468512156256
3,2757.8013361087683
4,2757.746851225604
5,2757.801336121485
6,2757.746851300425
7,2757.746851223095
8,2757.7468512472074
9,2757.7468512420733
10,2757.746851243823
11,2757.801336105733
12,2757.74685127121
13,2757.801336069946
14,2757.801336085568
15,2757.801336145784
16,2757.7468512800965
17,2757.7468512538117
18,2757.7468512351384
19,2757.801336107504
20,2757.7468512321966
