Run,Cost
1,7262.945718677
2,7262.693717712751
3,7262.94571864591
4,7262.693717672095
5,7262.693717703613
6,7262.945718689465
7,7262.693717724181
8,7262.945718623324
9,7262.6937176653055
10,7262.945718722973
11,7262.945718695102
12,7262.945718628046
13,7262.945718683355
14,7262.945718619572
15,7262.693717668076
16,7262.945718578541
17,7262.693717717545
18,7262.693717694679
19,7262.945718768572
20,7262.9457186492755
