Run,Cost
1,7206.090461925128
2,7205.054517377726
3,7160.846117301115
4,7206.936891437011
5,7199.274663309056
6,7209.553738979996
7,7177.33701695812
8,7155.278964721343
9,7173.314260426007
10,7171.565875336059
11,7172.43978445698
12,7174.266471781175
13,7165.21641617975
14,7174.252457315518
15,7166.131761753739
16,7201.686165513369
17,7154.314853011299
18,7164.906507562084
19,7169.083387958091
20,7177.560972014661
