Run,Cost
1,2240.426237321905
2,2247.431017021892
3,2241.2158295084564
4,2245.9397760397496
5,2247.1376918246697
6,2250.6260161429254
7,2247.137691831472
8,2243.6573891647836
9,2245.939776079821
10,2241.2158295598097
11,2247.137691867039
12,2246.7293683002063
13,2248.8436721427015
14,2240.5645761090027
15,2248.8436720915083
16,2243.6573891802473
17,2243.657389166853
18,2248.843672069175
19,2248.843672102161
20,2250.6260161456607
