Run,Cost
1,2276.2511700047066
2,2276.2511700233754
3,2276.2511700312402
4,2276.2511700326318
5,2276.2511700452155
6,2276.2511700017626
7,2276.2511700378227
8,2276.2511700552836
9,2276.2511700137784
10,2276.251169996385
11,2276.2511700269492
12,2276.251170063704
13,2276.2511700404293
14,2276.251170083755
15,2276.251170026842
16,2276.251170033555
17,2276.2511700360806
18,2276.251170028476
19,2276.2511699884394
20,2276.2511700127034
