Run,Cost
1,6571.655499650334
2,6571.6554996572195
3,6571.655499648516
4,6571.655499670266
5,6571.655499641731
6,6571.655499615634
7,6571.655499714596
8,6571.655499666871
9,6571.655499666207
10,6571.655499581404
11,6571.655499568124
12,6571.655499623764
13,6571.655499604784
14,6571.655499649351
15,6571.65549962903
16,6571.655499623562
17,6571.655499656082
18,6571.655499618358
19,6571.655499652392
20,6571.655499606515
