Run,Cost
1,6514.238657647309
2,6498.6470046467375
3,6514.818731489826
4,6514.1981794068215
5,6513.839192088732
6,6514.151871588329
7,6513.839192124149
8,6501.589423916213
9,6514.546530221862
10,6498.7337908372765
11,6514.905517615725
12,6513.839192160399
13,6498.421111362687
14,6498.733790805689
15,6498.7337907547935
16,6514.151871514466
17,6514.233850860469
18,6514.32063695082
19,6513.127930952496
20,6514.5465301896165
