Run,Cost
1,7720.844172726713
2,7725.225944429561
3,7721.1861290178085
4,7720.0431671923925
5,7723.864237136293
6,7723.864237203638
7,7720.5964349352735
8,7723.864237140038
9,7724.97820665484
10,7720.290904990772
11,7721.958142204075
12,7722.300098401791
13,7720.844172800215
14,7724.978206584317
15,7725.225944484473
16,7720.5964349404085
17,7720.290904977528
18,7720.043167203135
19,7723.8642371475
20,7725.225944439379
