Run,Cost
1,7922.416774151275
2,7922.4167740392395
3,7922.416774188975
4,7922.416774201441
5,7922.41677415366
6,7922.416774141525
7,7922.416774104706
8,7922.416774159287
9,7922.416774134001
10,7922.416774050967
11,7922.416774173823
12,7922.416774095273
13,7922.416774108847
14,7922.416774107786
15,7922.416774096203
16,7922.416774132097
17,7922.416774127697
18,7922.416774143704
19,7922.416774079883
20,7922.4167741349665
