Run,Cost
1,3160.019076688607
2,3160.0190766509054
3,3162.557276427275
4,3160.0190766872906
5,3161.919977119511
6,3160.6563760350205
7,3151.922679865621
8,3160.6563760255717
9,3160.6563760593067
10,3162.557276461643
11,3160.0190766276746
12,3161.9199770807936
13,3162.557276400173
14,3162.557276434404
15,3152.5907606816895
16,3160.019076644541
17,3162.5572764302865
18,3160.0190767061663
19,3160.0190766634287
20,3160.0190766502974
