Run,Cost
1,1627.8303391179295
2,1627.8303391034276
3,1627.8303391082718
4,1627.8303391245602
5,1627.8303391242443
6,1627.8303391253091
7,1627.8303390861192
8,1627.8303391451614
9,1627.8303391044874
10,1627.830339110255
11,1627.8303391173345
12,1627.83033911761
13,1627.8303391133863
14,1627.830339129723
15,1627.8303391057725
16,1627.83033914177
17,1627.8303391301604
18,1627.8303391066158
19,1627.830339131571
20,1627.830339112448
