Run,Cost
1,5968.762630752075
2,5957.38807029985
3,5956.7973982518015
4,5972.816875461798
5,5960.725694925591
6,5969.594468625545
7,5968.935309363113
8,5959.264505391079
9,5954.027282584397
10,5960.91731899004
11,5967.098054959066
12,5972.536454187463
13,5960.917318981359
14,5954.244099534256
15,5971.324978227094
16,5950.3158029166425
17,5967.483908679021
18,5969.439494426615
19,5959.061119093785
20,5955.293918926563
