Run,Cost
1,6011.775048877374
2,6012.332582251118
3,6011.775048861666
4,6011.775048921047
5,6011.7750489438795
6,6012.332582213534
7,6011.775048806981
8,6012.332582161898
9,6012.332582272807
10,6012.332582286932
11,6011.775048844232
12,6011.7750488609545
13,6011.775048813309
14,6012.332582283366
15,6012.332582274511
16,6012.332582301908
17,6012.332582281199
18,6012.332582326817
19,6011.77504890057
20,6012.332582220864
