Run,Cost
1,1619.242695205085
2,1619.242695214875
3,1619.242695192486
4,1619.2426952097528
5,1619.2426952058486
6,1619.2426952120925
7,1619.242695180677
8,1619.2426952152316
9,1619.2426951901298
10,1619.242695195769
11,1619.2426951836687
12,1619.2426951905181
13,1619.2426952025298
14,1619.2426952150893
15,1619.242695236446
16,1619.2426951901225
17,1619.24269516945
18,1619.2426951924244
19,1619.2426952140438
20,1619.2426951831371
