Run,Cost
1,1804.4470751803976
2,1804.4470751526912
3,1804.4470751567017
4,1804.447075137749
5,1804.4470751497636
6,1804.4470751585177
7,1804.4470751725412
8,1804.4470751890406
9,1804.4470751517354
10,1804.4470751588515
11,1804.4470751438678
12,1804.4470751778665
13,1804.4470751624085
14,1804.447075148197
15,1804.447075160311
16,1804.4470751311742
17,1804.4470751493689
18,1804.447075159621
19,1804.4470751834917
20,1804.4470751375231
