Run,Cost
1,5227.12016116547
2,5227.120161197191
3,5226.545114004948
4,5227.12016116185
5,5226.545113980406
6,5227.120161142315
7,5226.545113999168
8,5227.120161170701
9,5227.120161148028
10,5227.120161126063
11,5226.545114016496
12,5226.545114001358
13,5227.120161168814
14,5227.120161175537
15,5226.54511395616
16,5226.545114030881
17,5227.120161212684
18,5227.120161174318
19,5226.545114024034
20,5227.120161100819
