Run,Cost
1,5166.24353953395
2,5173.666299794172
3,5189.02023629963
4,5189.020236222618
5,5166.243539523429
6,5173.666299750501
7,5176.75687715702
8,5176.756877127877
9,5169.334116864583
10,5169.334116831308
11,5176.827533584409
12,5166.243539482162
13,5176.756877180058
14,5180.873943267645
15,5169.404773328746
16,5189.020236270037
17,5173.6662998236425
18,5192.110813619933
19,5173.666299811728
20,5189.020236269603
