Run,Cost
1,2010.6441211317247
2,2010.6441211747926
3,2010.6441212068794
4,2010.6441211679028
5,2010.6441211835324
6,2010.6441211653093
7,2010.644121191552
8,2010.6441211768608
9,2010.6441211779922
10,2010.6441211514161
11,2010.6441212034927
12,2010.64412115494
13,2010.6441211966753
14,2010.6441211953363
15,2010.6441212070858
16,2010.6441211988217
17,2010.644121185174
18,2010.644121159594
19,2010.6441212009495
20,2010.644121164728
