Run,Cost
1,2008.3527199736454
2,2008.382404269545
3,2008.352719932167
4,2008.3527199750797
5,2008.3527199578132
6,2008.3527199220055
7,2008.3527199325115
8,2008.3527199295627
9,2008.3527199559044
10,2008.3527199089974
11,2008.3527199526172
12,2008.3527199493049
13,2008.3527199068812
14,2008.3527199290513
15,2008.3527199539617
16,2008.3824042882704
17,2008.352719968283
18,2008.3527199486919
19,2008.3824042707015
20,2008.352719946319
