Run,Cost
1,3768.3736107664386
2,3768.373610760492
3,3768.3736107825885
4,3768.373610778819
5,3768.3736107262375
6,3768.3736108000066
7,3768.373610715898
8,3768.373610746114
9,3768.3736108213125
10,3768.373610779191
11,3768.373610756147
12,3768.373610745122
13,3768.373610762671
14,3768.373610738796
15,3768.3736107508003
16,3768.3736107414848
17,3768.37361077448
18,3768.373610792337
19,3768.3736107743066
20,3768.373610777806
