Run,Cost
1,3703.369267305285
2,3703.369267327282
3,3703.3692672794214
4,3703.3692673056157
5,3703.3692672859297
6,3717.192082206469
7,3703.3692673351375
8,3717.192082184725
9,3717.1920821495983
10,3703.36926731217
11,3703.3692673168152
12,3717.192082168099
13,3717.192082165399
14,3717.192082175475
15,3717.192082145338
16,3717.192082179496
17,3703.369267281473
18,3703.3692673028136
19,3717.192082174296
20,3703.3692673071637
