Run,Cost
1,6711.690141756992
2,6714.60029671402
3,6714.691500551415
4,6715.869782916132
5,6710.420655607095
6,6717.954067222553
7,6711.690141797486
8,6709.2423732248535
9,6715.50629874087
10,6712.596143824069
11,6715.506298645007
12,6715.869782965326
13,6714.691500682974
14,6715.869782880851
15,6713.422014311551
16,6712.50493988606
17,6717.954067229195
18,6714.691500581662
19,6710.420655588978
20,6711.69014177708
