Run,Cost
1,6763.405269320497
2,6763.405269294826
3,6763.4052694198235
4,6762.718405423682
5,6763.4052694255315
6,6762.718405360672
7,6762.718405361728
8,6763.4052693157955
9,6762.718405351815
10,6762.718405332888
11,6762.718405345374
12,6763.405269379085
13,6762.718405273021
14,6763.405269331181
15,6763.405269377721
16,6763.4052692938285
17,6763.4052693442945
18,6762.718405340855
19,6762.718405365126
20,6763.405269326444
