Run,Cost
1,12682.048973408891
2,12682.048973345314
3,12682.048973304822
4,12682.048973378642
5,12682.048973257752
6,12682.048973314768
7,12682.048973344334
8,12682.048973347397
9,12682.048973383695
10,12682.048973295778
11,12682.048973242801
12,12682.048973305358
13,12682.048973307037
14,12682.048973298692
15,12682.048973299952
16,12682.048973336
17,12682.04897336088
18,12682.048973342658
19,12682.04897327719
20,12682.048973349658
