Run,Cost
1,12571.682611883982
2,12585.369558322893
3,12581.01064598205
4,12571.91258032158
5,12567.234847045198
6,12582.685925034933
7,12581.167238598311
8,12592.826183333857
9,12570.266497257564
10,12602.76285204096
11,12601.465095621004
12,12579.412394157962
13,12601.465095627444
14,12598.028929203612
15,12599.884128933752
16,12605.83839008867
17,12595.032456308307
18,12581.167238506654
19,12583.78568854331
20,12595.032456267832
