Run,Cost
1,5077.056845684908
2,5075.929472207039
3,5077.670471869546
4,5072.999925618631
5,5073.5242208060035
6,5064.118798654448
7,5051.185484671135
8,5078.663923431343
9,5077.5293523934515
10,5079.6402975166975
11,5089.466495235058
12,5060.731194742332
13,5078.663923411145
14,5064.1187987231515
15,5085.813092163376
16,5087.216182033449
17,5066.84974000698
18,5080.673389556551
19,5088.616128517289
20,5058.334653329739
