Run,Cost
1,5130.9038633349
2,5130.903863346225
3,5130.903863380998
4,5130.903863333176
5,5130.9038633449
6,5130.9038633563205
7,5130.903863368374
8,5130.903863380343
9,5130.9038633484115
10,5130.903863349047
11,5130.903863406815
12,5130.903863396215
13,5130.90386332865
14,5130.903863327727
15,5130.903863324563
16,5130.90386336202
17,5130.903863352865
18,5130.903863306925
19,5130.90386332166
20,5130.903863389816
