Run,Cost
1,3335.0802424983526
2,3320.2737549850467
3,3326.265632792202
4,3330.057517615559
5,3348.7629632473145
6,3335.1215100720888
7,3370.380337470988
8,3348.7629632426597
9,3335.121510045588
10,3360.5279731978335
11,3309.3114354866275
12,3341.189993906448
13,3306.5987412638224
14,3314.191092671072
15,3314.1910926956066
16,3344.1084405023785
17,3326.4520134122527
18,3319.1982591817186
19,3331.516005960434
20,3343.5213450978636
