Run,Cost
1,3385.5508763676485
2,3385.0326493478756
3,3385.0326493738303
4,3385.032649336975
5,3385.550876381482
6,3385.550876425083
7,3385.5508764061046
8,3385.0326493346947
9,3385.5508764176925
10,3385.0326493568928
11,3385.032649380612
12,3385.5508763729067
13,3385.032649363331
14,3385.5508764062
15,3385.5508764295314
16,3385.0326493605107
17,3385.5508764176484
18,3385.5508764276883
19,3385.550876432625
20,3385.032649334825
