Run,Cost
1,3147.8072475449067
2,3147.9456984729354
3,3147.9456985033157
4,3144.084421160403
5,3144.0844212027514
6,3144.2228721559554
7,3144.2228721732195
8,3144.084421138938
9,3144.222872161788
10,3144.084421243402
11,3144.0844212398324
12,3147.9456984982257
13,3147.945698492308
14,3147.9456985185934
15,3144.2228721743245
16,3147.807247533852
17,3144.2228721297756
18,3144.084421189155
19,3147.8072475329263
20,3147.807247581018
