Run,Cost
1,1496.413775699589
2,1496.4137757507547
3,1496.413775706323
4,1496.4137757055491
5,1496.413775729356
6,1496.413775726702
7,1496.4137756989028
8,1496.4137757354717
9,1496.4137757155065
10,1496.413775733962
11,1496.4137757241785
12,1496.413775716881
13,1496.4137757073192
14,1496.4137756938471
15,1496.4137756854439
16,1496.41377572096
17,1496.4137757134315
18,1496.4137757174462
19,1496.4137757522558
20,1496.4137757007359
