Run,Cost
1,1479.981339236198
2,1479.9813392484318
3,1477.81087625177
4,1479.9813392532942
5,1477.8108762281604
6,1479.981339224936
7,1479.9813392524743
8,1479.9813392340936
9,1479.9813392233773
10,1479.981339244956
11,1477.8108762213485
12,1477.8108762351133
13,1477.8108762120812
14,1479.9813392436233
15,1479.9813392527155
16,1477.8108762146726
17,1477.8108762610648
18,1479.9813392547965
19,1479.9813392474089
20,1477.8108762064278
