Run,Cost
1,1893.3329926516453
2,1893.3329926744836
3,1893.3329926968493
4,1893.3329926942745
5,1893.332992678637
6,1893.3329926463543
7,1893.3329926643462
8,1893.332992681715
9,1893.3329926444512
10,1893.3329926678966
11,1893.3329926666424
12,1893.3329926418107
13,1893.3329926649978
14,1893.332992698779
15,1893.3329927109146
16,1893.332992637665
17,1893.3329926394174
18,1893.3329926709453
19,1893.3329926885478
20,1893.3329927017126
