Run,Cost
1,1885.7438966381908
2,1888.390890449168
3,1888.3908904046802
4,1888.390890417853
5,1888.3908904096756
6,1888.390890414399
7,1888.3908904163748
8,1888.3908904273364
9,1888.3908904121827
10,1888.3908904183138
11,1888.39089044825
12,1888.390890442005
13,1888.3908904271475
14,1888.3908904020834
15,1888.3908904511707
16,1888.390890430368
17,1888.390890447974
18,1888.3908904165032
19,1888.390890463142
20,1888.3908904285815
