Run,Cost
1,2294.5267323071216
2,2294.526732239921
3,2294.5267322872446
4,2294.526732253867
5,2294.5267322590967
6,2294.526732301712
7,2294.5267322597438
8,2294.5267322828554
9,2294.526732285821
10,2294.52673231232
11,2294.526732234605
12,2294.5267322633076
13,2294.5267323015178
14,2294.5267322710756
15,2294.5267322948666
16,2294.5267322990894
17,2294.526732283798
18,2294.5267322944364
19,2294.5267323031585
20,2294.5267322942295
