Run,Cost
1,2301.470145495734
2,2301.4701455023123
3,2301.4701455125282
4,2301.470145504481
5,2301.470145498156
6,2301.4701455314867
7,2301.4701454916353
8,2301.4701455021336
9,2301.47014551528
10,2301.470145482222
11,2301.4701455310187
12,2301.47014550598
13,2301.4701455037025
14,2301.4701455081845
15,2301.470145499529
16,2301.470145523565
17,2301.47014551696
18,2301.470145509014
19,2301.4701455249237
20,2301.470145515943
