Run,Cost
1,8589.470519161516
2,8589.470519182263
3,8589.470519201244
4,8589.470519245953
5,8589.470519244784
6,8587.740148138386
7,8587.740148125691
8,8589.470519130995
9,8589.47051921913
10,8589.470519200622
11,8589.470519174463
12,8589.470519227072
13,8587.740148218076
14,8589.470519204591
15,8587.74014812589
16,8587.740148191839
17,8587.74014821163
18,8589.470519209493
19,8589.47051919204
20,8587.740148194938
