Run,Cost
1,6622.361962762603
2,6622.3619627085955
3,6622.361962757483
4,6622.361962799793
5,6622.361962779105
6,6622.36196276518
7,6622.361962770309
8,6622.361962813552
9,6622.361962742648
10,6622.361962786743
11,6622.3619627253165
12,6622.361962749035
13,6622.361962746347
14,6622.361962814876
15,6622.361962738538
16,6622.361962786274
17,6622.361962725816
18,6622.361962761194
19,6622.361962779186
20,6622.361962716389
