Run,Cost
1,6579.553542931132
2,6582.684420111312
3,6580.949384597353
4,6582.030638417992
5,6574.315484857116
6,6580.949384555451
7,6589.145704007263
8,6584.477886479725
9,6583.900995451368
10,6584.883732346028
11,6577.2116027055945
12,6586.248530364936
13,6574.969266553402
14,6583.900995422863
15,6584.669723702971
16,6578.60744436792
17,6583.900995424966
18,6580.949384608111
19,6585.947386661945
20,6583.125830419451
