Run,Cost
1,8431.363228678854
2,8431.363228624097
3,8431.363228695789
4,8430.075434560064
5,8441.621181894505
6,8441.621181873754
7,8431.363228673925
8,8431.363228659911
9,8442.908975970193
10,8442.959100554173
11,8442.90897594479
12,8431.363228645652
13,8442.90897596224
14,8430.075434571152
15,8430.075434592633
16,8441.62118182798
17,8441.621181795696
18,8431.363228756496
19,8430.075434568109
20,8430.07543455356
