Run,Cost
1,5045.938741948473
2,5043.3552472861775
3,5045.5895801126
4,5044.980516947782
5,5043.355247309594
6,5045.566547539521
7,5042.476019668648
8,5044.6397511771065
9,5044.980516951095
10,5043.938149907122
11,5043.7750104791885
12,5042.312880235196
13,5044.9805168766125
14,5042.312880218809
15,5045.589580122536
16,5043.964310434105
17,5043.96431040232
18,5044.639751154558
19,5045.938741940106
20,5045.589580094276
