Run,Cost
1,5067.195051877894
2,5067.195051946199
3,5067.19505186013
4,5067.195051857192
5,5067.195051904679
6,5067.195051943447
7,5067.195051957276
8,5067.1950519387365
9,5067.195051863084
10,5067.195051879632
11,5067.195051855043
12,5067.195051915458
13,5067.195051854138
14,5067.195051886059
15,5067.195051961893
16,5067.1950518976055
17,5067.195051903774
18,5067.195051938637
19,5067.195051919014
20,5067.195051899656
