Run,Cost
1,335.42620231463485
2,335.42620229740817
3,335.4262023257902
4,335.4262023190169
5,335.42620231983005
6,335.4262023176442
7,335.42620232117343
8,335.42620230963865
9,335.42620231183065
10,335.4262023084491
11,335.42620232085665
12,335.4262023210303
13,335.4262023156734
14,335.426202308839
15,335.4262023101268
16,335.42620231591394
17,335.4262023182134
18,335.4262023098578
19,335.4262023130212
20,335.4262023069558
