Run,Cost
1,335.42620231870796
2,335.4262023326958
3,335.42620232175807
4,335.426202316183
5,335.4262023276066
6,335.4262023249434
7,335.4262023191146
8,335.42620232121635
9,335.42620229518974
10,335.426202325726
11,335.4262023179537
12,335.4262023073722
13,335.4262023094211
14,335.42620232434854
15,335.4262023225471
16,335.4262023152711
17,335.4262023193868
18,335.42620230962325
19,335.42620231182053
20,335.4262023230352
