Run,Cost
1,7831.46794953339
2,7833.222773641295
3,7832.978576211035
4,7830.786221806685
5,7831.004987010066
6,7833.222773570942
7,7833.441538786515
8,7832.759811072155
9,7833.441538793766
10,7833.222773646957
11,7831.249184275232
12,7832.759811061603
13,7831.249184363301
14,7833.222773624751
15,7831.249184329607
16,7833.222773583378
17,7833.441538817371
18,7831.46794954381
19,7833.441538869358
20,7832.759811037765
