Run,Cost
1,6613.052450156942
2,6613.052450205442
3,6613.052450201039
4,6613.052450211953
5,6613.052450166567
6,6613.052450219952
7,6613.05245024236
8,6613.05245017079
9,6613.052450218741
10,6613.052450223473
11,6613.052450152536
12,6613.052450168982
13,6613.052450197124
14,6613.052450129086
15,6613.052450219704
16,6613.052450140586
17,6613.05245020029
18,6613.052450221761
19,6613.052450206635
20,6613.052450181091
