Run,Cost
1,6545.124605355785
2,6548.141649865576
3,6540.212922391059
4,6545.27791191895
5,6545.964492366482
6,6535.3936355907845
7,6542.000913532127
8,6541.571906912404
9,6542.942168771934
10,6546.820200234858
11,6536.70903621633
12,6546.538451282381
13,6545.880819604446
14,6548.2340462047505
15,6535.338774293847
16,6533.567860889154
17,6545.179466742209
18,6546.446054961517
19,6541.473461748849
20,6539.800993479281
