Run,Cost
1,3355.3919371897878
2,3355.391937184566
3,3355.3919371098978
4,3355.391937143683
5,3354.019583900716
6,3354.0195839322387
7,3354.0195839244075
8,3354.0195839390994
9,3355.3919371408315
10,3355.3919371313245
11,3354.0195838529135
12,3355.391937213066
13,3355.391937120008
14,3354.01958389599
15,3355.3919371418465
16,3355.391937136023
17,3355.3919371342968
18,3354.019583888116
19,3355.3919370896783
20,3354.019583888031
