Run,Cost
1,3332.7297870802863
2,3322.52778149727
3,3322.189589354769
4,3332.3915949259863
5,3335.8869629370647
6,3326.7862827460817
7,3322.527781469376
8,3332.7297870648667
9,3332.7879147098597
10,3322.527781432882
11,3326.2287675989505
12,3336.283282689324
13,3336.2832827018956
14,3322.5277814846654
15,3322.5277814650995
16,3332.391594973042
17,3322.9241012227985
18,3322.5859091265625
19,3335.8869629918245
20,3333.007237746695
