Run,Cost
1,1859.4699273356348
2,1859.469927323109
3,1859.4699273457138
4,1859.4699272946582
5,1859.4699273100175
6,1859.469927312012
7,1859.46992732423
8,1859.469927308472
9,1859.4699273275999
10,1859.4699273233146
11,1859.469927345163
12,1859.4699273139533
13,1859.4699273195008
14,1859.4699273279389
15,1859.4699273187696
16,1859.4699273577767
17,1859.4699273187434
18,1859.4699272965922
19,1859.4699273501033
20,1859.4699272803969
