Run,Cost
1,1876.3791837107651
2,1876.3791837006288
3,1876.3791837241633
4,1876.3791836962587
5,1876.3791836842631
6,1876.3791837154695
7,1876.3791837266556
8,1876.3791837460487
9,1876.379183723099
10,1876.379183722996
11,1876.3791837215533
12,1876.379183767047
13,1876.3791836527982
14,1876.379183725534
15,1876.3791837421422
16,1876.3791837625854
17,1876.3791837410088
18,1876.3791837232623
19,1876.3791837240815
20,1876.3791837426995
