Run,Cost
1,9329.70057254097
2,9322.522841483735
3,9327.289947580524
4,9323.379236961988
5,9325.925229888573
6,9326.781625292659
7,9326.433552105369
8,9318.49399453195
9,9325.925229904436
10,9318.181445720733
11,9329.582089553265
12,9329.942685097318
13,9329.086289534656
14,9329.700572519636
15,9318.181445694292
16,9325.925229761382
17,9327.289947512085
18,9329.942684994643
19,9326.953287052575
20,9327.289947555078
