Run,Cost
1,9405.20312896633
2,9405.20312896007
3,9405.203128927957
4,9405.203128955256
5,9405.203128966037
6,9405.203128975261
7,9405.203128895724
8,9405.203128889534
9,9405.203128936362
10,9405.20312896724
11,9405.203128945039
12,9405.203128980353
13,9405.203128960604
14,9405.203128966483
15,9405.203128950328
16,9405.203128887273
17,9405.203128917705
18,9405.203128976327
19,9405.203128922187
20,9405.203128932284
