Run,Cost
1,8902.506453065516
2,8901.733532413242
3,8902.86774306581
4,8901.733532347587
5,8902.094822345285
6,8904.150450944433
7,8902.867743039571
8,8902.094822392706
9,8904.150451001786
10,8902.506453052616
11,8902.867743099789
12,8902.867743091889
13,8904.923371659426
14,8902.86774306382
15,8902.86774313202
16,8902.50645308518
17,8904.15045094965
18,8902.506453058484
19,8901.73353233484
20,8901.733532317912
