Run,Cost
1,5949.858502759225
2,5941.557422937288
3,5940.7810834841175
4,5941.224039925467
5,5928.140613504353
6,5928.140613527266
7,5919.99235124053
8,5925.837042716857
9,5940.781083451801
10,5941.854183869491
11,5927.510469548861
12,5936.708717833808
13,5936.708717877715
14,5919.362207363628
15,5936.708717864504
16,5936.587888836124
17,5928.140613495877
18,5949.798458980725
19,5919.811478501316
20,5941.40491269319
