Run,Cost
1,4195.018890715302
2,4195.018890649692
3,4195.01889063543
4,4195.018890663403
5,4195.018890672483
6,4195.018890660105
7,4195.018890661545
8,4195.018890652241
9,4195.0188906642115
10,4195.018890633527
11,4195.018890672695
12,4195.018890655869
13,4195.018890700272
14,4195.018890644473
15,4195.018890680794
16,4195.018890635291
17,4195.018890668768
18,4195.018890665991
19,4195.018890674297
20,4195.01889064888
