Run,Cost
1,4170.511193095756
2,4170.511193102983
3,4170.511193165545
4,4171.485463368841
5,4170.511193123658
6,4171.485463327454
7,4171.485463376029
8,4171.485463316966
9,4170.511193130982
10,4171.485463328252
11,4171.4854633370105
12,4171.485463324379
13,4170.511193153324
14,4170.511193133778
15,4170.511193116432
16,4170.5111931652455
17,4171.485463375868
18,4171.485463389964
19,4171.485463363912
20,4171.485463319015
