Run,Cost
1,3335.5973663259533
2,3335.5973662902775
3,3335.5973662649467
4,3335.5973662981437
5,3335.5973662963324
6,3335.597366275352
7,3335.5973662756305
8,3335.597366325513
9,3335.5973662640317
10,3335.5973662946776
11,3335.5973662588863
12,3335.597366282659
13,3335.5973662486613
14,3335.5973662985343
15,3335.5973662687493
16,3335.597366304614
17,3335.5973662800134
18,3335.5973662767506
19,3335.5973662669785
20,3335.5973662447827
