Run,Cost
1,3311.6607171129194
2,3306.004447765231
3,3300.484090855767
4,3302.8206399413966
5,3307.4617161312744
6,3302.9712107996907
7,3313.3426095877353
8,3299.241479535821
9,3301.3427535505443
10,3318.274754233076
11,3304.197789269245
12,3302.6641094907714
13,3302.9712107771197
14,3318.8081825950285
15,3301.551966227364
16,3313.342609554969
17,3296.7543595953043
18,3308.4915677202616
19,3317.0481757572506
20,3315.829729487715
