Run,Cost
1,13156.518760888768
2,13156.5187608882
3,13156.51876090896
4,13156.51876094306
5,13156.518761012228
6,13156.518760956891
7,13156.518760905608
8,13156.518760876155
9,13156.518760869316
10,13156.518760930128
11,13156.51876090882
12,13156.51876090666
13,13156.518760919891
14,13156.518760920837
15,13156.518760845143
16,13156.518760933635
17,13156.518760896723
18,13156.518760817884
19,13156.518760952034
20,13156.518760932377
