Run,Cost
1,13161.227736598948
2,13135.82698742049
3,13136.575829518011
4,13135.826987415992
5,13136.575829570344
6,13135.826987457054
7,13159.231899042215
8,13135.826987390177
9,13163.880015022585
10,13136.07824331409
11,13163.880015050507
12,13136.078243375201
13,13136.07824326595
14,13135.826987413422
15,13135.82698747679
16,13135.826987418619
17,13136.078243333464
18,13135.826987474124
19,13159.093244849399
20,13135.826987440101
