Run,Cost
1,4563.314250174437
2,4575.731558800038
3,4566.271068031058
4,4578.688376593548
5,4575.731558788181
6,4578.688376608322
7,4566.271068041415
8,4575.731558709057
9,4563.314250178379
10,4574.498025556067
11,4586.915334085977
12,4563.314250179963
13,4586.915334140418
14,4586.915334155013
15,4574.498025527785
16,4566.271068054138
17,4574.498025563788
18,4575.731558741538
19,4578.6883765974035
20,4586.91533410768
