Run,Cost
1,4614.695762252671
2,4612.977266305734
3,4614.6957622603
4,4614.695762290719
5,4614.695762211847
6,4614.6957622466625
7,4612.977266309934
8,4614.695762244741
9,4614.695762227852
10,4614.695762276242
11,4614.695762248302
12,4612.977266331547
13,4614.69576222445
14,4614.695762241376
15,4614.695762257911
16,4612.977266309646
17,4614.695762281783
18,4614.695762310457
19,4612.977266341214
20,4614.69576230823
