Run,Cost
1,810.5492084597313
2,810.5492084664867
3,810.5492084452703
4,810.5492084734287
5,810.5492084794076
6,806.9955832789234
7,806.9955832706661
8,810.5492084474292
9,810.5492084574113
10,806.9955832738391
11,806.9955832949756
12,810.5492084858762
13,810.5492084647294
14,810.549208441208
15,810.5492084742452
16,810.5492084703183
17,810.5492084804273
18,810.5492084698047
19,810.5492084992674
20,810.549208478527
