Run,Cost
1,824.7597200593837
2,824.759720068346
3,824.7597200725564
4,824.7597200616797
5,824.7597200698565
6,824.759720060962
7,824.75972007103
8,824.7597200726349
9,824.7597200619892
10,824.7597200452043
11,824.7597200689075
12,824.7597200733445
13,824.7597200999763
14,824.7597200741924
15,824.7597200806715
16,824.7597200544415
17,824.7597200749196
18,824.7597200786869
19,824.7597200637745
20,824.7597200610825
