Run,Cost
1,4586.111148083874
2,4586.1111480725
3,4586.111148111184
4,4586.111148040711
5,4586.1111480790705
6,4586.111148086849
7,4586.111148097937
8,4586.111148083254
9,4586.11114808575
10,4586.1111480781465
11,4586.111148077715
12,4586.111148049233
13,4586.111148073406
14,4586.111148082753
15,4586.1111480604595
16,4586.111148030974
17,4586.111148053334
18,4586.111148021939
19,4586.111148035904
20,4586.1111480060335
