Run,Cost
1,4571.25555068934
2,4576.331296369578
3,4571.2555506840545
4,4571.255550657628
5,4555.509638657655
6,4559.889110586637
7,4571.255550673864
8,4559.589402995771
9,4559.589402942995
10,4555.509638671769
11,4559.589402967319
12,4571.255550658077
13,4559.589402978846
14,4571.255550682501
15,4559.589403021526
16,4551.950808477831
17,4559.58940297531
18,4559.589402961351
19,4576.331296346252
20,4571.25555069098
