Run,Cost
1,873.4845715177009
2,873.4845714953858
3,873.4845715360896
4,873.4845714972122
5,873.4845715071355
6,873.4845715067897
7,873.4845715078794
8,873.4845715011688
9,873.484571520536
10,873.4845715086645
11,873.4845714871581
12,873.4845715159443
13,873.4845715106727
14,873.484571481985
15,873.4845715073087
16,873.4845714888005
17,873.484571512018
18,873.4845715007255
19,873.4845715257028
20,873.4845714942313
