Run,Cost
1,876.8798803485265
2,876.8798803907878
3,876.8798803818497
4,876.8798803721364
5,876.8798803593478
6,876.8798803554425
7,876.8798803123377
8,876.8798803802181
9,876.8798803667936
10,876.8798803531971
11,876.8798803683756
12,876.8798803535267
13,876.8798803755662
14,876.8798803476025
15,876.8798803529361
16,876.8798803640233
17,876.8798803509063
18,876.8798803562811
19,876.8798803739634
20,876.8798803326973
