Run,Cost
1,4563.8672612753935
2,4571.3021520875955
3,4567.326887469546
4,4564.850587755881
5,4564.123224659351
6,4563.867261314224
7,4566.631092344985
8,4561.359393575008
9,4578.0252796312
10,4568.769405065386
11,4564.411581039777
12,4571.013795821437
13,4578.3136359658
14,4566.919448701888
15,4571.013795785307
16,4571.0137958023415
17,4564.411580978647
18,4571.821592478469
19,4575.261448538479
20,4566.91944861097
