Run,Cost
1,9743.064749017354
2,9743.064749020172
3,9743.064749022033
4,9743.064749058358
5,9743.064749069701
6,9743.064749014935
7,9743.0647490285
8,9743.064748960314
9,9743.064748996982
10,9743.064749015773
11,9743.064748976762
12,9743.064749019117
13,9743.06474896681
14,9743.06474911136
15,9743.064749012437
16,9743.064749064357
17,9743.06474907384
18,9743.06474898933
19,9743.064749113579
20,9743.064749064633
