Run,Cost
1,9643.493347917758
2,9637.577448790904
3,9656.466780169278
4,9645.069236770807
5,9638.98883130304
6,9636.460918882267
7,9637.57744875073
8,9638.626854142165
9,9635.587388688124
10,9647.991214588816
11,9634.774366681966
12,9633.072932090365
13,9643.678484720915
14,9640.950284161474
15,9634.189548355347
16,9636.003209019304
17,9634.427320013147
18,9660.275728740166
19,9644.182266015068
20,9650.830244830644
