Run,Cost
1,6565.391601650553
2,6542.749441852044
3,6542.749441895199
4,6553.491161220138
5,6545.128432012571
6,6545.128431924103
7,6541.747858399812
8,6555.870151316462
9,6545.583564124941
10,6551.866220364879
11,6552.034445729284
12,6554.413435728362
13,6541.579633113649
14,6545.128432038546
15,6554.413435787956
16,6543.204574011412
17,6545.583564152972
18,6563.963683932349
19,6562.793875171
20,6565.391601643966
