Run,Cost
1,6677.299870812659
2,6677.429766905389
3,6677.2998708723835
4,6677.429766930588
5,6677.429766889478
6,6677.429766953633
7,6677.299870852253
8,6677.299870862666
9,6677.299870758543
10,6677.299870715869
11,6677.429766877787
12,6677.299870815987
13,6677.299870794345
14,6677.429766898102
15,6677.429766938046
16,6677.429766956198
17,6677.299870925205
18,6677.42976692158
19,6677.299870752393
20,6677.299870881836
