Run,Cost
1,4896.530927940053
2,4893.911076669609
3,4896.5309279258745
4,4896.53092797465
5,4896.530927972828
6,4891.514108459427
7,4892.92536479991
8,4896.530927983194
9,4888.562997736134
10,4888.562997726424
11,4896.5309279376215
12,4892.92536477142
13,4887.908545253218
14,4888.562997726481
15,4892.925364787557
16,4881.79580009947
17,4875.826932935743
18,4891.759118336821
19,4906.543391032195
20,4898.729902800181
