Run,Cost
1,4932.949726832521
2,4932.949726823769
3,4932.949726885734
4,4932.949726845615
5,4932.949726860372
6,4932.949726870041
7,4932.949726829171
8,4932.949726867581
9,4932.949726857774
10,4932.949726846835
11,4932.949726900201
12,4932.94972682044
13,4932.949726861848
14,4932.949726868402
15,4932.9497268085815
16,4932.949726881299
17,4932.949726850173
18,4932.949726821525
19,4932.949726830921
20,4932.949726855663
