Run,Cost
1,8331.210217934591
2,8340.371831403083
3,8333.432844206372
4,8335.607414095288
5,8340.371831400877
6,8339.201612099949
7,8331.672815657927
8,8337.828827391513
9,8334.219379294174
10,8336.68311178874
11,8333.606279245103
12,8327.647497087532
13,8339.758731388132
14,8336.681898848668
15,8329.742911604699
16,8333.673950385917
17,8329.280314128828
18,8337.828827419253
19,8334.751994889664
20,8330.653098774059
