Run,Cost
1,8423.720391274726
2,8423.720391328345
3,8423.720391339202
4,8423.720391335044
5,8423.720391358165
6,8423.720391350349
7,8423.720391314038
8,8423.720391334362
9,8423.720391380612
10,8423.720391401319
11,8423.720391372242
12,8423.720391338475
13,8423.720391391947
14,8423.720391323088
15,8423.720391433008
16,8423.720391382423
17,8423.72039132694
18,8423.720391326711
19,8423.72039138551
20,8423.720391345825
