Run,Cost
1,7197.998056297391
2,7197.631392923921
3,7197.631392946033
4,7197.998056293954
5,7197.631392942091
6,7197.998056316659
7,7197.631393009692
8,7197.631393032232
9,7197.631393013407
10,7197.631392993268
11,7197.631393014673
12,7197.998056226354
13,7197.998056289182
14,7197.998056309639
15,7197.998056301777
16,7197.631392971467
17,7197.631392976329
18,7197.63139298227
19,7197.631393022159
20,7197.998056284476
