Run,Cost
1,7175.300198283934
2,7175.3001983379445
3,7175.300198210283
4,7175.104877008415
5,7175.300198255858
6,7175.300198262258
7,7175.104877002962
8,7175.104877033209
9,7175.104876963083
10,7175.300198261833
11,7175.300198238272
12,7175.3001982605765
13,7175.10487696331
14,7175.104877005942
15,7175.104876987415
16,7175.300198304448
17,7175.300198294521
18,7175.300198240748
19,7175.104876933669
20,7175.104876950601
