Run,Cost
1,5324.157099378715
2,5413.551965302052
3,5412.611329519172
4,5413.555106814587
5,5413.551965253166
6,5412.611329483719
7,5324.157099318122
8,5322.4169266436575
9,5321.4794324054255
10,5412.614470954048
11,5413.551965329257
12,5413.551965291984
13,5413.551965322741
14,5413.55196531813
15,5324.157099266962
16,5413.55196527549
17,5322.416926655848
18,5412.611329508826
19,5324.157099298414
20,5413.555106752061
