Run,Cost
1,5429.013719053239
2,5429.013719134112
3,5429.013719125882
4,5429.013719082718
5,5429.013719045902
6,5429.013719088483
7,5429.013719070429
8,5429.013719081993
9,5429.013719093146
10,5429.013719060975
11,5429.013719070978
12,5429.013719085926
13,5429.013719058639
14,5429.013719077204
15,5429.013719065223
16,5429.013719062964
17,5429.013719113968
18,5429.01371912622
19,5429.013719073439
20,5429.013719080885
