Run,Cost
1,8698.845269043071
2,8698.845269138636
3,8698.845269140129
4,8698.845269037429
5,8698.845269055215
6,8698.845269061949
7,8698.845269086763
8,8698.845269030673
9,8698.845269010633
10,8698.845269056701
11,8698.84526906385
12,8698.845269068343
13,8698.845269083004
14,8698.84526909431
15,8698.845269082512
16,8698.845269049256
17,8698.845269116031
18,8698.845269117264
19,8698.845269016414
20,8698.845269076033
