Run,Cost
1,8605.675732298108
2,8624.788522577734
3,8622.058599437969
4,8625.155603850666
5,8624.788522548593
6,8605.636283278232
7,8624.788522557845
8,8621.691518007063
9,8608.772736735767
10,8624.788522517538
11,8622.058599384498
12,8621.691518186832
13,8624.788522506818
14,8622.058599387536
15,8608.733287751105
16,8625.155603832553
17,8621.691518108602
18,8621.691518106729
19,8622.058599358863
20,8622.058599370112
