Run,Cost
1,7674.185556615143
2,7676.5056393497525
3,7676.505639431694
4,7674.185556651379
5,7676.505639454402
6,7676.505639415136
7,7676.505639418734
8,7674.18555660338
9,7674.185556661969
10,7676.50563942314
11,7674.185556617849
12,7676.505639444401
13,7676.505639364981
14,7674.185556638422
15,7674.185556575879
16,7676.5056394847825
17,7676.505639443667
18,7676.505639414783
19,7674.185556620082
20,7676.505639398679
