Run,Cost
1,5469.9887368441805
2,5469.988736847884
3,5469.988736890454
4,5469.988736837852
5,5469.9887368088275
6,5469.5688478591765
7,5469.988736902633
8,5470.301378815095
9,5469.988736837017
10,5469.988736851446
11,5469.988736899563
12,5469.5688478777465
13,5469.881489759305
14,5469.568847869792
15,5469.988736866918
16,5469.988736834767
17,5469.568847843925
18,5469.988736817758
19,5469.568847860218
20,5469.568847901913
