Run,Cost
1,5555.57815959334
2,5555.319800328829
3,5555.578159575677
4,5555.3198003465695
5,5555.31980032957
6,5555.578159551467
7,5555.319800337792
8,5555.319800348772
9,5555.578159549314
10,5555.319800319598
11,5555.578159571035
12,5555.578159576699
13,5555.578159600676
14,5555.319800298728
15,5555.5781595616145
16,5555.578159543977
17,5555.319800275338
18,5555.319800309687
19,5555.319800309445
20,5555.578159505142
