Run,Cost
1,3951.9476313706436
2,3951.9476313499113
3,3951.947631337657
4,3951.9476313416912
5,3951.947631360155
6,3951.9476313607183
7,3951.9476313265477
8,3951.9476312727215
9,3951.94763134119
10,3951.9476313497894
11,3951.9476313325927
12,3951.9476313834093
13,3951.947631329095
14,3951.947631348858
15,3951.947631393792
16,3951.947631296153
17,3951.9476313664563
18,3951.9476313184523
19,3951.9476313578866
20,3951.947631350439
