Run,Cost
1,3909.843111742869
2,3909.909102342058
3,3910.614926428915
4,3909.1372876706014
5,3910.0340618320865
6,3909.3282377172277
7,3905.317328275786
8,3905.126378279469
9,3905.8322023758956
10,3910.4239763341093
11,3905.7072428341985
12,3909.3282377236605
13,3909.909102343521
14,3906.6040169475837
15,3906.6040169724756
16,3910.034061837678
17,3909.1372876992737
18,3906.4130668818693
19,3905.898192890254
20,3909.8431117774726
