Run,Cost
1,4808.343965751467
2,4808.343965729676
3,4808.343965659394
4,4808.343965688749
5,4808.343965664963
6,4808.343965701175
7,4808.343965665554
8,4808.343965661124
9,4808.343965669194
10,4808.343965708847
11,4808.34396567598
12,4808.3439656931105
13,4808.343965648234
14,4808.343965651153
15,4808.343965671906
16,4808.34396569013
17,4808.343965664298
18,4808.343965697951
19,4808.343965682246
20,4808.34396566062
