Run,Cost
1,4720.564362386441
2,4748.8375769882905
3,4708.752254113662
4,4752.220911764621
5,4718.487539164243
6,4705.571729943989
7,4743.919198970216
8,4720.687486439505
9,4750.183463116841
10,4731.75844827744
11,4725.628125560826
12,4720.27025335098
13,4708.195362445015
14,4747.495578479599
15,4720.141201956043
16,4732.300134021837
17,4708.151324412586
18,4705.34415425597
19,4731.758448330014
20,4733.057575017754
