Run,Cost
1,6123.834319955147
2,6123.834319929047
3,6127.871380762109
4,6114.651195659583
5,6120.9053189706665
6,6134.760040060364
7,6114.3964154939
8,6122.752270745017
9,6119.20181709143
10,6124.12280315693
11,6124.92176011178
12,6132.913088260979
13,6125.191769020162
14,6119.588839673407
15,6131.2095864164885
16,6126.404184767204
17,6119.588839638218
18,6123.337417247197
19,6131.596608993987
20,6133.063804871175
