Run,Cost
1,6224.8426687400015
2,6224.8426688380405
3,6224.842668720335
4,6224.842668723091
5,6224.842668773811
6,6224.8426687524725
7,6224.842668732266
8,6224.842668734903
9,6224.842668705069
10,6224.842668788759
11,6224.842668689973
12,6224.84266868646
13,6224.842668661301
14,6224.842668747506
15,6224.842668755158
16,6224.842668755209
17,6224.842668688265
18,6224.84266871306
19,6224.842668741596
20,6224.842668736562
