Run,Cost
1,3014.7763631585553
2,3005.9074599907017
3,3006.021598921923
4,3010.6396178692066
5,3010.639617812816
6,3014.8905021290097
7,3010.5545748695986
8,3005.124757585486
9,3005.90745994536
10,3010.639617878741
11,3005.124757605562
12,3005.1247576084647
13,3005.907459916748
14,3005.0106186354483
15,3004.925575669512
16,3014.6913201923335
17,3014.805459115323
18,3005.992502935443
19,3014.7763632102724
20,3010.4404359026994
