Run,Cost
1,3055.9866080146357
2,3055.986607936359
3,3055.9866079695526
4,3055.986607946176
5,3055.986607983781
6,3055.9866079669114
7,3055.986607921412
8,3055.9866080079764
9,3055.986607981437
10,3055.9866079910626
11,3055.9866079380795
12,3055.9866079951053
13,3055.9866079883527
14,3055.9866079986623
15,3055.986607966606
16,3055.986607962391
17,3055.9866080208853
18,3055.98660794458
19,3055.9866079738617
20,3055.9866079387775
