Run,Cost
1,7163.099700068288
2,7182.533224321782
3,7175.828035400456
4,7166.8609328009115
5,7175.645537715455
6,7178.375743304013
7,7169.3307137870925
8,7176.197642963069
9,7177.194582554767
10,7176.455022560016
11,7177.005027159594
12,7177.458823459903
13,7175.280723156023
14,7170.444050186622
15,7177.458823554559
16,7172.550517688644
17,7176.197642885299
18,7178.37574324272
19,7178.2593463825115
20,7179.80301889688
