Run,Cost
1,7257.061405297676
2,7257.061405347112
3,7257.341919030903
4,7257.061405312089
5,7257.061405340746
6,7257.06140537205
7,7257.061405303754
8,7257.0614053142735
9,7257.061405288944
10,7255.978597316045
11,7257.341919023844
12,7257.3419189806555
13,7255.698083648689
14,7257.061405309062
15,7257.061405328571
16,7255.698083685973
17,7257.061405355215
18,7257.061405333666
19,7255.9785972479895
20,7257.061405264143
