Run,Cost
1,5921.828730226643
2,5927.49847908677
3,5930.098756945092
4,5921.828730318713
5,5927.49847912749
6,5927.848377266126
7,5933.518126123434
8,5921.828730216132
9,5930.098757007264
10,5935.768505800931
11,5927.4984790828485
12,5927.498479150396
13,5927.848377251826
14,5930.098756959029
15,5927.498479103029
16,5930.098756970312
17,5927.848377248862
18,5921.828730238806
19,5927.848377297177
20,5921.828730238593
