Run,Cost
1,5946.689131290568
2,5946.689131239712
3,5946.689131282783
4,5946.689131262488
5,5946.689131175847
6,5946.689131215878
7,5946.689131236837
8,5946.6891312205225
9,5946.689131217366
10,5946.68913121185
11,5946.689131208385
12,5946.6891312010475
13,5946.689131211561
14,5946.689131227585
15,5946.689131309271
16,5946.68913124558
17,5946.689131198161
18,5946.689131205413
19,5946.689131232548
20,5946.68913123966
