Run,Cost
1,4557.233419760058
2,4557.233419847914
3,4557.233419812678
4,4557.23341985857
5,4557.750442720079
6,4557.233419792478
7,4557.750442678905
8,4557.750442700744
9,4557.750442712559
10,4557.750442745866
11,4557.7504427098265
12,4557.233419739511
13,4557.2334197847995
14,4557.750442691074
15,4557.233419794817
16,4557.750442713721
17,4557.233419828713
18,4557.750442635353
19,4557.233419815402
20,4557.750442679331
