Run,Cost
1,4504.8690894488345
2,4507.987136310188
3,4507.987136364978
4,4502.529391199715
5,4507.987136329342
6,4507.987136340047
7,4505.647438109113
8,4507.9871363077955
9,4504.869089448543
10,4504.869089388686
11,4505.647438095559
12,4507.987136321455
13,4507.987136325835
14,4507.987136307514
15,4504.869089407104
16,4507.987136300003
17,4507.987136314333
18,4507.987136351177
19,4507.987136342804
20,4507.987136351351
