Run,Cost
1,4796.1632873999015
2,4796.163287348435
3,4796.1632873771705
4,4796.16328732444
5,4796.163287348413
6,4796.163287362029
7,4796.163287355659
8,4796.163287368481
9,4796.16328734184
10,4796.163287388317
11,4796.163287358697
12,4796.163287333968
13,4796.16328738258
14,4796.16328734477
15,4796.163287308478
16,4796.1632873759745
17,4796.163287370034
18,4796.163287338144
19,4796.163287336561
20,4796.163287371385
