Run,Cost
1,4724.225282745126
2,4721.5350486941625
3,4724.886289203295
4,4724.225282767213
5,4724.886289173408
6,4724.761289189234
7,4726.276689712701
8,4723.370888663112
9,4721.535048817423
10,4725.615683343696
11,4721.553210560115
12,4725.615683373631
13,4721.567746675347
14,4723.03591311575
15,4725.615683310129
16,4723.035913172059
17,4724.225282750795
18,4720.052346134165
19,4720.052346143981
20,4723.035913194803
