Run,Cost
1,27722.999999980508
2,27723.000000003798
3,27722.99999999917
4,27722.999999995816
5,27723.000000018183
6,27722.999999996497
7,27723.00000000331
8,27722.999999986994
9,27722.999999972017
10,27722.999999990745
11,27722.999999992473
12,27723.00000000093
13,27723.000000011933
14,27722.99999998869
15,27722.999999988417
16,27722.999999992364
17,27722.99999998108
18,27723.000000006698
19,27722.99999999624
20,27723.000000011798
