Run,Cost
1,28018.000000007803
2,30144.000000002372
3,29124.000000026397
4,31203.00000001828
5,28426.000000011147
6,26993.000000005908
7,29733.000000000724
8,31038.999999983072
9,31207.000000018277
10,29236.99999999391
11,31209.999999983116
12,29576.000000008575
13,31174.99999998893
14,30915.000000010572
15,30613.000000023374
16,30934.00000000067
17,29917.00000002556
18,31181.99999999973
19,29379.00000000862
20,30213.000000003285
