Run,Cost
1,28140.9999999991
2,28140.99999999236
3,28140.99999998484
4,28141.000000015483
5,28140.999999992473
6,28141.00000000065
7,28141.00000000238
8,28140.999999982927
9,28141.000000008575
10,28141.00000002214
11,28141.00000000206
12,28140.999999985423
13,28141.000000024836
14,28141.0000000011
15,28141.000000022483
16,28140.999999996962
17,28141.00000000111
18,28140.99999999922
19,28140.999999996522
20,28141.000000014035
