Run,Cost
1,30560.00000000188
2,30560.000000002976
3,30559.999999997148
4,30559.999999992542
5,30559.999999994034
6,30560.000000009477
7,30560.000000024585
8,30559.99999999476
9,30559.999999983884
10,30560.00000000497
11,30560.000000009502
12,30560.000000004155
13,30559.999999978387
14,30560.000000008797
15,30559.99999998865
16,30559.999999997195
17,30559.999999984542
18,30560.000000035277
19,30559.99999999528
20,30560.000000005984
