Run,Cost
1,28805.999999983782
2,28806.00000000741
3,28806.000000009193
4,28805.99999998372
5,28805.999999987318
6,28806.00000001697
7,28806.000000019107
8,28806.000000001597
9,28805.999999997344
10,28805.999999996064
11,28806.000000008306
12,28805.9999999982
13,28806.000000006865
14,28806.00000002391
15,28805.99999999846
16,28805.999999983367
17,28805.999999970096
18,28805.99999999173
19,28806.00000000767
20,28805.999999991884
