Run,Cost
1,6141.999999998035
2,6142.000000008281
3,6141.999999998948
4,6141.999999993378
5,6142.000000000916
6,6141.999999993055
7,6142.000000001198
8,6141.999999995614
9,6141.9999999955335
10,6141.999999995947
11,6141.999999991693
12,6141.99999999776
13,6141.9999999950305
14,6141.999999998895
15,6142.000000010567
16,6141.999999998413
17,6142.000000004272
18,6141.999999998951
19,6142.000000000697
20,6142.000000006072
