Run,Cost
1,6698.000000000893
2,6508.000000012981
3,6508.000000002977
4,6697.999999996453
5,6697.999999996544
6,6508.000000005828
7,6070.000000002397
8,6070.0000000016535
9,6285.000000007135
10,6697.999999999831
11,6507.999999995456
12,6069.999999998197
13,6069.99999999915
14,5990.999999994692
15,6698.000000005444
16,6070.000000003902
17,6990.000000005776
18,6697.999999994499
19,6697.999999995658
20,6698.000000001643
