Run,Cost
1,6496.999999999345
2,6497.00000000181
3,6497.000000001276
4,6496.999999994899
5,6497.000000014476
6,6497.00000000534
7,6497.000000006142
8,6496.999999993862
9,6497.0000000026575
10,6496.999999998524
11,6496.999999995709
12,6496.99999999875
13,6496.999999997103
14,6496.999999999502
15,6497.000000005252
16,6496.999999996835
17,6496.999999986144
18,6496.999999993154
19,6496.999999989218
20,6497.000000013063
