Run,Cost
1,6517.999999993349
2,6246.999999997537
3,6580.999999999183
4,6549.999999993638
5,6247.000000005297
6,6550.000000009426
7,6549.999999997606
8,6550.000000002123
9,6335.999999995279
10,6733.000000004292
11,6581.0000000003165
12,6550.000000005846
13,6550.000000001922
14,6550.000000001244
15,6549.999999997468
16,6550.000000000535
17,6732.999999989971
18,6246.9999999932215
19,6549.999999996427
20,6550.000000009973
