Run,Cost
1,6733.999999999945
2,6733.999999993294
3,6734.000000006984
4,6733.999999993402
5,6734.00000000159
6,6734.000000003434
7,6734.000000003367
8,6733.999999997838
9,6734.000000004619
10,6734.000000008462
11,6734.000000002564
12,6734.000000006374
13,6734.000000000304
14,6733.999999980971
15,6734.000000002022
16,6733.9999999912
17,6734.000000010826
18,6733.999999988412
19,6734.000000008017
20,6733.99999998848
