Run,Cost
1,8417.999999993988
2,8653.000000007645
3,8418.000000003252
4,8637.000000007272
5,8053.999999999772
6,8377.000000006143
7,8549.000000007176
8,7736.000000002809
9,8967.999999997337
10,8708.00000000407
11,8449.000000002037
12,9103.999999985555
13,8446.000000000487
14,8431.999999998023
15,8401.000000000875
16,8831.000000007176
17,8466.999999997683
18,8840.000000001197
19,8401.000000007749
20,8840.000000005379
