Run,Cost
1,9985.999999999905
2,9837.000000016325
3,9986.00000000797
4,10727.999999996084
5,9837.000000008215
6,9341.999999985455
7,9986.000000011056
8,10672.000000004015
9,9986.000000003134
10,9985.999999994598
11,9986.00000000872
12,9837.00000000088
13,9986.000000004651
14,9985.999999990472
15,9985.999999995787
16,9606.999999987056
17,10076.999999993423
18,9986.00000000768
19,9986.000000008231
20,9985.999999994436
