Run,Cost
1,10092.999999988873
2,9725.000000001532
3,9725.000000009182
4,9725.000000001937
5,10264.000000002883
6,10568.000000009919
7,9725.000000002508
8,10568.00000000327
9,10053.000000014074
10,9724.999999993672
11,10264.000000000993
12,10092.999999992893
13,10053.000000000678
14,10263.999999990605
15,10092.999999999343
16,10092.99999999583
17,10263.999999988142
18,10092.999999999924
19,10263.999999988373
20,10146.000000009495
