Run,Cost
1,9077.999999992047
2,10168.000000017506
3,9078.000000000158
4,11019.999999999642
5,10043.000000005171
6,10042.999999985357
7,8807.000000016074
8,10023.000000016376
9,10067.000000008924
10,9625.999999996491
11,9803.999999996751
12,9078.00000000504
13,9255.999999983094
14,9324.999999998885
15,9757.999999998829
16,10067.000000012795
17,9344.999999994765
18,9344.999999992542
19,10832.999999997186
20,10991.00000000796
