Run,Cost
1,12399.999999994392
2,12400.000000001966
3,12399.999999995875
4,12400.000000007269
5,12400.000000010432
6,12400.000000010716
7,12399.999999994121
8,12400.000000010026
9,12400.000000000256
10,12399.999999990458
11,12400.000000010965
12,12400.000000001965
13,12400.000000006461
14,12399.999999999913
15,12399.999999990465
16,12399.99999999974
17,12400.000000008275
18,12399.999999997137
19,12399.999999997024
20,12399.999999997995
