Run,Cost
1,11079.000000000458
2,11983.999999998292
3,11486.000000007485
4,11875.00000000936
5,11078.999999999965
6,12171.000000002703
7,11847.000000002705
8,11983.99999999812
9,11091.00000001178
10,12156.000000013823
11,11289.999999995083
12,11090.999999992035
13,11846.99999999748
14,12211.000000014616
15,11794.000000007361
16,11524.999999993135
17,12156.00000000532
18,12156.000000006192
19,12155.999999996717
20,11744.99999999668
