Run,Cost
1,11454.000000004822
2,11453.999999985737
3,11454.0000000029
4,11454.000000008535
5,11453.999999997182
6,11453.9999999874
7,11453.999999993945
8,11454.000000001808
9,11453.999999994925
10,11453.999999983915
11,11454.000000004506
12,11454.00000000211
13,11453.999999991122
14,11453.999999992895
15,11454.000000014126
16,11454.000000005672
17,11453.999999992107
18,11453.999999991014
19,11453.99999999623
20,11454.000000009977
