Run,Cost
1,10069.99999999536
2,10509.999999991269
3,10452.000000001513
4,10452.000000003347
5,10070.00000001226
6,10451.999999997246
7,10451.999999985048
8,10069.999999999263
9,10510.00000000156
10,10845.999999990514
11,10070.000000002372
12,10125.000000005672
13,10069.999999993926
14,10125.000000004402
15,10451.999999985557
16,10452.000000000684
17,10070.000000011072
18,10509.999999999118
19,10452.000000008153
20,10069.999999995865
