Run,Cost
1,17277.00000000361
2,17277.000000000913
3,17276.99999999649
4,17277.00000000631
5,17276.999999997584
6,17276.999999992582
7,17277.00000001539
8,17276.999999988504
9,17276.999999997624
10,17276.99999999624
11,17277.000000005253
12,17276.999999990378
13,17277.000000006436
14,17276.99999999205
15,17277.000000011292
16,17276.99999997439
17,17277.00000000393
18,17276.9999999911
19,17277.000000002674
20,17276.99999999809
