Run,Cost
1,15171.999999993432
2,14839.000000005206
3,15292.999999990054
4,15141.000000014985
5,15398.999999999294
6,15324.999999988171
7,16137.00000002015
8,14302.000000009895
9,13774.000000007296
10,14901.000000010657
11,14723.00000000004
12,14609.000000006024
13,15137.999999981846
14,14854.999999995956
15,15774.999999998452
16,15437.999999995478
17,15757.000000004982
18,15922.000000017257
19,14874.999999992478
20,15586.999999995192
