Run,Cost
1,1315401.0000003034
2,1324778.9999997618
3,1325167.0000003364
4,1325111.999999662
5,1315397.9999997914
6,1324778.9999994258
7,1325112.0000000729
8,1325111.999999989
9,1315517.9999999583
10,1325111.9999996526
11,1324992.000000566
12,1324479.0000004533
13,1324992.0000006736
14,1315642.9999994342
15,1315766.000000697
16,1315353.0000001357
17,1315740.0000010214
18,1315740.000000088
19,1325112.000000185
20,1315766.000000184
