Run,Cost
1,1197452.0000001038
2,1188206.000000135
3,1215643.999999724
4,1190568.9999997255
5,1219115.0000000268
6,1197980.9999998275
7,1213828.9999998452
8,1195934.9999995183
9,1199509.0000001816
10,1179677.999999716
11,1179400.0000001923
12,1228989.9999997865
13,1221850.0000000924
14,1202052.9999997474
15,1187460.9999999567
16,1202763.0000002966
17,1214923.000000319
18,1172379.9999998466
19,1175636.9999998764
20,1194244.0000001707
