Run,Cost
1,1892257.0000001257
2,1964065.9999998247
3,1911206.9999993674
4,1961656.9999997565
5,1972924.999999675
6,1956951.999999888
7,1930456.9999994035
8,1950458.999999422
9,1911177.9999999297
10,1959697.9999994712
11,1930493.0000003967
12,1966979.9999991152
13,1955649.0000014117
14,1927555.0000010266
15,1962235.0000001928
16,1972663.999999341
17,1924632.9999987572
18,1968426.9999989597
19,1950952.999999741
20,1958104.0000006072
