Run,Cost
1,2035640.9999989355
2,2063601.9999998403
3,2052182.9999992063
4,2060009.999999845
5,2054867.0000006652
6,2029584.999998954
7,2055342.999999357
8,2035594.99999911
9,2062922.99999974
10,2037453.9999998147
11,2044080.9999998482
12,2060009.9999998962
13,2054866.9999995735
14,2055343.000000096
15,2054867.0000002037
16,2064159.9999999427
17,2037453.999999468
18,2047938.9999994547
19,2037454.0000000426
20,2054867.0000005404
