Run,Cost
1,243535.0000000833
2,242257.99999999316
3,234947.0000001147
4,245105.99999995428
5,236099.9999999721
6,250292.99999972852
7,240655.99999995207
8,241256.99999982677
9,239835.00000004002
10,244901.00000011572
11,237961.9999999734
12,241146.99999989753
13,240882.99999997375
14,238534.9999999972
15,238477.99999978545
16,238270.99999993178
17,237241.00000002552
18,240001.0000001651
19,245540.00000007477
20,244141.00000010806
