Run,Cost
1,13837.999999881857
2,13666.99999999651
3,13781.00000011625
4,13990.999999994598
5,13637.999999858657
6,13923.999999950482
7,13720.000000040396
8,13700.000000158409
9,13978.999999970398
10,13969.999999984982
11,13723.999999921274
12,13823.000000193004
13,13651.999999790887
14,13800.000000048509
15,13880.000000065516
16,13428.00000003226
17,14016.000000073074
18,13608.000000039407
19,13984.999999901285
20,13908.000000026123
