Run,Cost
1,255493.000000092
2,255492.99999991423
3,255492.99999981702
4,255493.0000000034
5,255492.99999990387
6,255493.00000010178
7,255492.99999987936
8,255492.99999993114
9,255492.9999998602
10,255493.00000019526
11,255493.00000010326
12,255493.00000004456
13,255493.0000001156
14,255492.99999998912
15,255493.00000021502
16,255492.999999923
17,255492.99999994383
18,255492.9999999624
19,255493.00000002104
20,255492.9999999462
