Run,Cost
1,267730.99999986193
2,267984.00000014034
3,267810.00000002794
4,267810.0000000347
5,267983.99999998586
6,267983.9999998124
7,267809.99999997125
8,267809.999999939
9,267984.0000001169
10,267730.9999999925
11,267730.9999995785
12,267983.999999857
13,267731.0000000177
14,267983.9999998551
15,267730.99999995733
16,267730.99999991606
17,267731.00000000524
18,267983.9999999563
19,267984.00000005105
20,267809.9999999227
