Run,Cost
1,13743.999999585536
2,13483.999999904308
3,13804.000000171118
4,13228.999999982592
5,13544.000000223046
6,13897.999999950664
7,13874.999999890315
8,13530.999999995138
9,13291.999999817443
10,13639.000000104415
11,13958.999999863803
12,13988.999999815254
13,13749.99999990959
14,13221.999999962345
15,13266.000000310249
16,13535.999999941056
17,13795.00000026288
18,13722.999999827638
19,13054.999999977757
20,13691.000000071956
