Run,Cost
1,13936.999999870668
2,13799.00000000792
3,14033.999999880894
4,13433.000000080361
5,14116.00000008065
6,14071.0000001988
7,13829.999999941896
8,13948.999999794534
9,13514.000000103046
10,13778.999999839749
11,13842.000000191947
12,13892.000000019694
13,14041.00000012101
14,13976.999999970689
15,13757.000000086573
16,13594.000000104985
17,13923.00000013221
18,14035.999999968397
19,13613.00000008188
20,14193.999999905027
