Run,Cost
1,264774.99999980873
2,270202.0000000203
3,270202.0000000324
4,269761.9999998265
5,264688.9999999068
6,269333.0000002794
7,272230.99999994494
8,264526.9999999793
9,265273.99999994494
10,265273.9999999219
11,272230.9999997942
12,269341.00000018365
13,269835.99999993533
14,265273.99999974255
15,272230.99999988923
16,264775.0000001862
17,270333.00000010757
18,265273.99999993097
19,272230.9999999669
20,265031.0000000708
