Run,Cost
1,12801.999999850981
2,12859.000000040498
3,13211.999999966916
4,12527.999999819207
5,12881.000000237402
6,12653.00000002193
7,12697.99999995286
8,13171.999999961563
9,12437.000000367545
10,13252.000000089472
11,12945.000000018397
12,13014.999999877919
13,12758.000000213182
14,13068.000000167614
15,13153.000000174277
16,12220.000000227094
17,13052.000000104536
18,12523.000000093087
19,13230.999999963435
20,12856.999999916949
