Run,Cost
1,14191.999999984999
2,13852.999999990781
3,14074.999999807926
4,14179.000000042368
5,14115.999999906098
6,14281.999999933236
7,14015.999999987705
8,14138.999999988298
9,14206.000000189946
10,14152.999999996486
11,14138.999999876249
12,14064.999999909003
13,14301.999999829362
14,14434.999999712007
15,14221.999999964088
16,14044.999999926795
17,14038.999999863476
18,13758.999999974223
19,14052.00000030995
20,14182.000000037704
