Run,Cost
1,14914.000000005328
2,14501.999999932235
3,14634.999999969787
4,14382.000000038988
5,14865.00000022776
6,14629.00000008618
7,14145.000000164842
8,14694.999999776857
9,14833.000000079737
10,14692.000000258531
11,14663.00000010352
12,14472.999999961896
13,14552.000000034423
14,15025.000000188484
15,14572.000000071788
16,14701.00000020977
17,14602.999999924139
18,14838.999999625632
19,14638.000000069518
20,14628.999999956368
