Run,Cost
1,231643.9999998838
2,230054.00000014956
3,235949.99999996048
4,235215.00000026537
5,227497.99999989918
6,231996.00000013164
7,234212.99999998044
8,231795.00000023958
9,242493.00000002547
10,240805.00000014252
11,233890.99999974028
12,229501.00000017145
13,238937.99999995044
14,241971.99999996653
15,239487.9999999654
16,233338.0000001004
17,233634.00000001557
18,232800.00000013315
19,241385.99999998606
20,238041.00000006807
