Run,Cost
1,261188.00000003775
2,261188.00000005143
3,261188.00000002183
4,261187.99999990585
5,261187.99999996438
6,261187.9999999851
7,261187.99999999587
8,261187.99999989872
9,261187.9999999364
10,261187.99999986208
11,261188.00000002145
12,261188.00000006755
13,261187.99999988062
14,261187.99999998382
15,261187.99999994892
16,261187.99999991615
17,261188.0000001138
18,261188.0000000085
19,261187.99999996927
20,261188.00000008557
