Run,Cost
1,14410.000000055015
2,14670.999999940848
3,14405.000000028353
4,14295.999999844822
5,14069.00000027782
6,14019.999999984457
7,14685.9999997789
8,14405.000000263099
9,14691.999999997892
10,14581.000000063452
11,14653.000000224814
12,14416.999999979495
13,14530.999999972899
14,14351.000000143906
15,14449.000000074206
16,14503.000000045176
17,14594.000000119553
18,14354.999999866757
19,14601.999999890299
20,14228.999999959686
