Run,Cost
1,257342.0000000017
2,257341.99999988056
3,256535.9999999017
4,257342.00000008583
5,256536.00000008638
6,256535.99999999587
7,256536.00000004505
8,257342.00000001915
9,256536.0000000276
10,256536.000000168
11,257342.00000010716
12,256536.00000002098
13,257342.0000000407
14,256535.99999993504
15,256535.99999994473
16,257342.00000002087
17,257342.0000001972
18,256535.9999997403
19,256536.00000002712
20,257341.99999997654
