Run,Cost
1,235426.00000007328
2,240893.9999997924
3,235615.0000000438
4,232359.99999995728
5,236044.00000005792
6,245106.99999988131
7,246229.00000013452
8,234372.000000038
9,236591.000000059
10,240480.0000000321
11,236557.99999985975
12,237023.99999988248
13,244696.00000019776
14,244416.0000000776
15,241701.99999982954
16,227373.00000006528
17,248821.99999994843
18,241453.9999999435
19,246314.99999991115
20,237893.9999999904
