Run,Cost
1,12443.999999826521
2,12095.000000246793
3,12735.999999979833
4,13186.99999989615
5,12468.999999889249
6,13288.000000166938
7,12721.00000014288
8,12407.000000087746
9,12896.999999903835
10,13430.999999889536
11,12796.999999895499
12,12484.000000011049
13,12314.000000193135
14,12517.999999969006
15,12539.0000000124
16,13013.99999992383
17,12392.000000129625
18,12592.00000003629
19,12563.999999917583
20,12354.000000203727
