Run,Cost
1,242585.00000019648
2,241673.99999984738
3,237219.00000001618
4,240429.99999995693
5,244325.00000012486
6,238293.99999990923
7,247038.99999994753
8,235126.9999999186
9,227082.0000003576
10,235892.00000021904
11,242920.00000002026
12,241234.00000002873
13,241621.00000009694
14,225018.00000005378
15,241780.99999996825
16,232988.0000000494
17,244161.99999991676
18,241300.00000014677
19,235768.0000000521
20,235130.999999945
