Run,Cost
1,13466.000000095692
2,13751.000000264941
3,13481.000000049187
4,14049.000000089105
5,13482.999999532058
6,14109.000000045136
7,13568.999999839596
8,13639.000000046397
9,13593.000000099591
10,13170.999999989916
11,13599.99999990264
12,13730.999999766882
13,13787.000000091959
14,13427.000000082642
15,13244.000000017513
16,13169.000000006488
17,13582.000000215045
18,13408.9999999952
19,13568.000000064536
20,13407.000000088081
