Run,Cost
1,13884.99999992896
2,14028.000000045133
3,13916.999999888847
4,13782.999999947922
5,14025.999999980044
6,13930.99999994718
7,13903.00000009596
8,13867.00000000494
9,13722.000000048138
10,13889.999999954256
11,14135.99999986502
12,13598.000000042908
13,13862.000000020802
14,13800.999999931591
15,13813.999999929183
16,13677.999999977941
17,13893.999999915857
18,13903.000000048227
19,13995.999999964602
20,13937.999999976222
