Run,Cost
1,14045.999999886631
2,13907.000000098264
3,13896.999999871161
4,14100.000000055732
5,14043.99999990563
6,13998.000000122576
7,13992.99999996935
8,14075.999999954622
9,13976.000000053064
10,13980.999999992182
11,14025.99999993742
12,13753.000000024234
13,13949.000000023818
14,14069.000000129327
15,13923.000000000326
16,13740.999999976411
17,13735.9999999849
18,14029.999999879414
19,13930.000000089729
20,14038.000000146216
