Run,Cost
1,232681.99999989086
2,236014.000000076
3,241726.99999994025
4,239475.99999996915
5,235564.999999889
6,228184.0000000946
7,240704.00000027264
8,232782.99999991787
9,242162.99999998268
10,240383.00000020428
11,235464.00000003545
12,226009.00000005518
13,249428.99999986406
14,235110.00000020026
15,238406.00000005955
16,234414.9999998842
17,235951.0000000805
18,248803.00000014307
19,231258.00000006854
20,245925.00000000943
