Run,Cost
1,1235.9999999723261
2,1175.9999999908337
3,1136.9999999847942
4,1103.0000000156733
5,1147.9999999641225
6,1224.0000000001633
7,1100.9999999870415
8,1163.9999999927595
9,1140.9999999939832
10,1114.9999999768688
11,1144.0000000191542
12,1143.0000000188293
13,1099.0000000053785
14,1161.9999999801519
15,1066.0000000255231
16,1161.0000000216696
17,1139.9999999762908
18,1132.9999999759377
19,1113.0000000491693
20,1154.000000028548
