Run,Cost
1,3509.999999977597
2,3498.999999996618
3,3602.999999967625
4,3509.999999956151
5,3518.9999999953
6,3564.0000000508458
7,3525.9999999839333
8,3538.999999993012
9,3491.9999999599513
10,3642.99999999245
11,3535.000000005728
12,3641.999999984825
13,3454.000000001043
14,3522.999999979551
15,3584.999999903693
16,3495.0000000132036
17,3571.9999999665083
18,3460.9999999722913
19,3543.999999968002
20,3503.0000000185532
