Run,Cost
1,256378.9999999332
2,255726.99999996996
3,256378.99999993443
4,255726.9999998228
5,255727.0000001864
6,255726.9999999163
7,256517.9999999477
8,256518.00000016007
9,256309.00000013053
10,256272.9999998363
11,256272.99999997084
12,256379.00000003714
13,256272.9999998053
14,253993.00000012593
15,255726.9999997717
16,253565.00000002742
17,253992.9999998041
18,256273.00000016383
19,256518.00000011403
20,255727.00000000236
