Run,Cost
1,495503.0000001906
2,491168.99999994057
3,483976.99999998027
4,481041.0000005032
5,469956.99999997334
6,489381.00000010565
7,485253.99999974633
8,487907.00000048184
9,470628.9999999183
10,487570.0000001204
11,480849.9999997384
12,492738.00000030507
13,477883.000000103
14,477719.0000001342
15,496741.0000000573
16,482660.9999998053
17,480310.99999968754
18,495101.00000033464
19,473589.00000003073
20,483456.99999958236
