Run,Cost
1,378949.99999987544
2,374306.99999983795
3,399167.00000022596
4,392674.00000001705
5,407973.999999966
6,385730.99999994546
7,399624.0000001353
8,392325.0000003398
9,400729.0000002764
10,380893.99999987776
11,390876.99999994755
12,392517.9999997247
13,395149.9999999028
14,397917.0000000933
15,401714.9999997397
16,389723.0000002939
17,396414.0000004789
18,384510.9999998114
19,391961.99999997223
20,391870.00000000105
