Run,Cost
1,510306.00000013737
2,509282.00000045815
3,509281.99999966
4,510314.00000010413
5,509281.9999998155
6,511828.0000003618
7,509281.9999998471
8,510310.0000000191
9,510305.9999998074
10,510310.00000026805
11,511832.0000001955
12,510439.9999996616
13,511827.9999998619
14,509281.99999975244
15,511828.00000007794
16,509281.99999975006
17,511831.9999999416
18,510440.0000000419
19,511832.00000000035
20,508206.9999997878
