Run,Cost
1,58145.291957019035
2,58145.29195701149
3,58145.29195707383
4,58145.29195698519
5,58145.29195706984
6,58145.291956960245
7,58145.29195705309
8,58145.29195716811
9,58145.291956865105
10,58145.291956909634
11,58145.29195694075
12,58145.291956967754
13,58145.29195698288
14,58145.29195712669
15,58145.29195697911
16,58145.2919568861
17,58145.29195701225
18,58145.29195687309
19,58145.29195691835
20,58145.29195690257
