Run,Cost
1,63529.60673365096
2,63529.60673356568
3,63529.60673353802
4,63529.60673354317
5,63529.606733438784
6,63529.606733601366
7,63529.60673359723
8,63529.606733514775
9,63529.60673357468
10,63529.606733542096
11,63529.60673346036
12,63529.606733455206
13,63529.606733613306
14,63529.60673365347
15,63529.60673344206
16,63529.606733492496
17,63529.60673365316
18,63529.60673356629
19,63529.60673364512
20,63529.60673346853
