Run,Cost
1,43709.74905627809
2,43709.74905629686
3,43709.74905638367
4,43709.74905646401
5,43709.74905634486
6,43709.74905637292
7,43709.7490564521
8,43709.74905625273
9,43709.749056328656
10,43709.749056334214
11,43709.749056246794
12,43709.749056264845
13,43709.749056205714
14,43709.74905634045
15,43709.749056293665
16,43709.749056327186
17,43709.74905630848
18,43709.7490563462
19,43709.74905635998
20,43709.74905628248
