Run,Cost
1,42116.99659927059
2,42116.99659917792
3,42116.99659925009
4,42116.99659915192
5,42116.99659924314
6,42116.996599142476
7,42116.99659923318
8,42116.99659907864
9,42116.99659917168
10,42116.996599124985
11,42116.99659918457
12,42116.99659909014
13,42116.9965991833
14,42116.996599266575
15,42116.99659919283
16,42116.99659924967
17,42116.99659925315
18,42116.99659928118
19,42116.99659928385
20,42116.99659920543
