Run,Cost
1,74967.28984084932
2,74967.2898407012
3,74967.28984061598
4,74967.2898406314
5,74967.28984073111
6,74967.28984068235
7,74967.28984072863
8,74967.28984066648
9,74967.28984070076
10,74967.28984080932
11,74967.28984074508
12,74967.28984051502
13,74967.28984067321
14,74967.2898407651
15,74967.28984066963
16,74967.28984069556
17,74967.28984076221
18,74967.28984074843
19,74967.28984060227
20,74967.28984068503
