Run,Cost
1,42060.7654497709
2,42060.765449838924
3,42060.76544976932
4,42064.29475810131
5,42064.29475803853
6,42064.294758088705
7,42064.29475797821
8,42064.2947581297
9,42060.76544973567
10,42060.765449719496
11,42064.29475809187
12,42060.76544967973
13,42060.76544983707
14,42064.29475811972
15,42064.29475797696
16,42064.29475806635
17,42064.29475813513
18,42064.294758118864
19,42060.76544984958
20,42060.76544973146
