Run,Cost
1,107130.97634913708
2,107130.97634938512
3,107130.97634925999
4,107130.9763492474
5,107130.97634945606
6,107130.9763494055
7,107130.97634927911
8,107130.97634938538
9,107130.97634922231
10,107130.97634924609
11,107130.97634934132
12,107130.9763493916
13,107130.97634924698
14,107130.97634921114
15,107130.97634931793
16,107130.97634939339
17,107130.9763492174
18,107130.97634919183
19,107130.97634941575
20,107130.97634935545
