Run,Cost
1,65927.72082728283
2,65927.72082703047
3,65927.72082717472
4,65927.72082721753
5,65927.72082721908
6,65927.72082705249
7,65927.72082710208
8,65927.72082711826
9,65927.7208272407
10,65927.72082721328
11,65927.72082715287
12,65927.72082702248
13,65927.72082709523
14,65927.72082719678
15,65927.72082710621
16,65927.72082712682
17,65927.72082700432
18,65927.7208272648
19,65927.72082701798
20,65927.72082715448
