Run,Cost
1,74915.48504153572
2,74915.4850415662
3,74915.48504156587
4,74915.48504154853
5,74915.4850415973
6,74915.48504160356
7,74915.48504173853
8,74915.4850416328
9,74915.48504147145
10,74915.48504156063
11,74915.48504162532
12,74915.485041788
13,74915.48504162378
14,74915.4850416734
15,74915.48504156171
16,74915.48504157558
17,74915.48504167775
18,74915.48504171355
19,74915.48504172295
20,74915.48504168718
