Run,Cost
1,43618.97224939093
2,43618.97224954346
3,43618.972249488535
4,43618.972249586885
5,43618.75818001238
6,43618.75818004613
7,43618.7581800607
8,43618.758180051365
9,43618.972249553044
10,43618.97224964822
11,43618.75817994604
12,43618.97224941836
13,43618.972249383405
14,43618.97224954422
15,43618.75817993071
16,43618.972249444705
17,43618.75818003832
18,43618.75817997245
19,43618.75818001336
20,43618.758180056066
