Run,Cost
1,42064.29475809575
2,42060.76544979923
3,42064.294758004
4,42060.76544978238
5,42064.29475810854
6,42064.29475806567
7,42064.294758115306
8,42064.29475806873
9,42060.765449687206
10,42064.29475804055
11,42064.29475802471
12,42060.76544974344
13,42060.765449840095
14,42064.294758086704
15,42064.294758070406
16,42060.76544973606
17,42060.765449799175
18,42060.765449883096
19,42064.29475802344
20,42064.29475815935
