Run,Cost
1,85804.2492632832
2,85804.24926336415
3,85804.24926321031
4,85804.24926344033
5,85804.24926339727
6,85804.24926336846
7,85804.24926343086
8,85804.24926338156
9,85804.24926341248
10,85804.24926340967
11,85804.24926350225
12,85804.24926354316
13,85804.24926334081
14,85804.24926343403
15,85804.24926351491
16,85804.24926341388
17,85804.2492633633
18,85804.249263423
19,85804.24926340548
20,85804.24926332911
