Run,Cost
1,57821.2679777887
2,57790.712512057165
3,57849.071565767685
4,57815.9878754582
5,57822.0555088664
6,57837.69114980221
7,57765.90335587798
8,57825.19392924876
9,57817.500052382675
10,57773.56469422112
11,57839.4620101756
12,57788.652844819546
13,57838.41506503905
14,57831.79994122901
15,57774.35295580691
16,57788.62103681908
17,57835.56786683657
18,57852.714953992276
19,57780.95896790931
20,57765.90335612157
