Run,Cost
1,65927.7208272309
2,65927.72082710337
3,65927.72082706308
4,65927.72082694304
5,65927.72082726375
6,65927.72082710126
7,65927.7208270264
8,65927.7208270791
9,65927.72082702072
10,65927.72082712181
11,65927.72082699524
12,65927.72082715528
13,65927.72082719755
14,65927.72082690925
15,65927.7208270495
16,65927.72082713974
17,65927.7208271023
18,65927.7208272407
19,65927.72082701603
20,65927.72082705444
