Run,Cost
1,62876.06550741308
2,62837.75090040511
3,62873.42861751636
4,62874.54484416104
5,62877.36267575881
6,62993.62745947892
7,62850.37361299209
8,63001.347731654525
9,63020.339663039485
10,62837.750900415085
11,62837.75090050103
12,62968.58498272671
13,62838.59679775337
14,62993.62745948415
15,62841.41462948717
16,62865.7083456199
17,62833.816842335
18,63001.73124500109
19,63012.31267148122
20,62844.76582282904
