Run,Cost
1,107130.97634927055
2,107130.97634941405
3,107130.97634941399
4,107130.97634920297
5,107130.9763494101
6,107130.97634936917
7,107130.97634934231
8,107130.97634947035
9,107130.97634933575
10,107130.97634933777
11,107130.97634936798
12,107130.97634922055
13,107130.97634924053
14,107130.97634923621
15,107130.97634933823
16,107130.97634943148
17,107130.97634929058
18,107130.97634951105
19,107130.97634922582
20,107130.97634921524
