Run,Cost
1,63529.60673356092
2,63529.60673368376
3,63529.60673345797
4,63529.60673352023
5,63529.60673360501
6,63529.60673341981
7,63529.60673343184
8,63529.60673354002
9,63529.60673358457
10,63529.6067335219
11,63529.60673355428
12,63529.606733402245
13,63529.60673350465
14,63529.60673359622
15,63529.60673341778
16,63529.60673358473
17,63529.606733371795
18,63529.60673346559
19,63529.60673359502
20,63529.60673353892
