Run,Cost
1,107130.97634926258
2,107130.9763494876
3,107130.97634930338
4,107130.9763493586
5,107130.97634942684
6,107130.97634949588
7,107130.97634929897
8,107130.97634930909
9,107130.9763493186
10,107130.97634945902
11,107130.97634937023
12,107130.9763493868
13,107130.97634934937
14,107130.97634932268
15,107130.97634939912
16,107130.97634935191
17,107130.976349535
18,107130.97634934407
19,107130.9763493013
20,107130.9763493386
