Run,Cost
1,58194.996727272104
2,58177.94113560353
3,58176.285459189894
4,58193.888814870385
5,58193.72104486083
6,58193.72104480125
7,58194.10103906853
8,58176.28545904655
9,58194.10103904249
10,58176.592463386376
11,58176.665453198366
12,58195.376721661065
13,58176.66545312073
14,58176.592463450885
15,58194.996727354024
16,58176.665453133515
17,58193.721044816186
18,58193.88881498146
19,58193.72104486472
20,58177.56114149848
