Run,Cost
1,63434.78060348384
2,63366.468973039184
3,63366.46897309284
4,63366.468973187715
5,63434.78060354905
6,63434.78060357148
7,63366.46897320593
8,63366.46897320305
9,63434.78060345409
10,63434.78060344608
11,63434.78060352766
12,63366.46897294326
13,63434.78060352821
14,63366.468972962444
15,63434.78060364627
16,63434.78060346335
17,63366.46897326923
18,63434.780603431704
19,63434.780603528765
20,63434.78060338739
