Run,Cost
1,74915.48504168983
2,74915.48504153885
3,74915.48504154863
4,74915.4850416831
5,74915.48504161787
6,74915.48504147821
7,74915.4850415353
8,74915.48504158562
9,74915.48504172583
10,74915.48504165004
11,74915.48504169041
12,74915.48504165953
13,74915.4850415826
14,74915.4850415296
15,74915.48504162228
16,74915.48504158916
17,74915.48504162728
18,74915.48504161322
19,74915.48504158229
20,74915.48504151618
