Run,Cost
1,43618.75817998252
2,43618.972249540595
3,43618.97224935169
4,43618.75817993797
5,43618.75817992886
6,43618.9722494465
7,43618.972249447164
8,43618.97224955751
9,43618.972249539365
10,43618.75818000222
11,43618.97224961062
12,43618.75818006809
13,43618.97224950239
14,43618.97224949474
15,43618.97224953625
16,43618.75817999646
17,43618.75817997889
18,43618.75818000468
19,43618.97224950742
20,43618.97224951313
