Run,Cost
1,74929.10217919108
2,74929.10217930852
3,74929.1021791918
4,74929.1021792217
5,74929.10217925718
6,74929.10217913074
7,74929.10217929936
8,74929.102179329
9,74929.1021792247
10,74929.10217918646
11,74929.1021790374
12,74929.10217925967
13,74929.10217918614
14,74929.10217934819
15,74929.10217916392
16,74929.10217935841
17,74929.1021793873
18,74929.10217916354
19,74929.10217935387
20,74929.10217931528
