Run,Cost
1,65927.72082701449
2,65927.72082705474
3,65927.72082725003
4,65927.72082716067
5,65927.72082718121
6,65927.72082717397
7,65927.72082709448
8,65927.72082706285
9,65927.72082715922
10,65927.72082699704
11,65927.72082706324
12,65927.72082720693
13,65927.72082714876
14,65927.72082703975
15,65927.72082714342
16,65927.72082709783
17,65927.72082718123
18,65927.72082703261
19,65927.72082721262
20,65927.72082708137
