Run,Cost
1,85804.24926339758
2,85804.24926330379
3,85804.24926347955
4,85804.24926352272
5,85804.24926343022
6,85804.2492634772
7,85804.24926336975
8,85804.24926336277
9,85804.24926343864
10,85804.24926329187
11,85804.24926339611
12,85804.24926348022
13,85804.2492635089
14,85804.24926331674
15,85804.24926327776
16,85804.2492634707
17,85804.24926334989
18,85804.2492634521
19,85804.24926336938
20,85804.24926342399
