Run,Cost
1,43768.349207691324
2,44166.80723073221
3,44166.807230857616
4,44166.80723098437
5,43768.3492077636
6,44166.80723076204
7,44166.80723078868
8,44166.80723089718
9,44166.80723088687
10,44166.80723071689
11,43768.34920773134
12,43768.34920773474
13,44166.80723069109
14,44166.80723071419
15,43768.34920772433
16,43768.34920769704
17,44166.80723078295
18,44166.80723086702
19,44166.80723076808
20,44166.80723090118
