Run,Cost
1,58145.29195712362
2,58145.29195709434
3,58145.2919571746
4,58145.29195717288
5,58145.29195710578
6,58145.29195697841
7,58145.291957062815
8,58145.29195697266
9,58145.29195692457
10,58145.29195697733
11,58145.29195702002
12,58145.2919570802
13,58145.291957044305
14,58145.29195710097
15,58145.29195694202
16,58145.29195697731
17,58145.29195689222
18,58145.29195714538
19,58145.29195691899
20,58145.291957049965
