Run,Cost
1,42064.29475797716
2,42060.765449742685
3,42060.76544980958
4,42064.2947580132
5,42060.76544977343
6,42060.765449606966
7,42064.29475812907
8,42060.76544985484
9,42064.294757933996
10,42060.76544976588
11,42064.29475817356
12,42064.29475813358
13,42060.765449682214
14,42060.76544984052
15,42064.29475808105
16,42064.294758182485
17,42064.29475811678
18,42064.29475805576
19,42060.76544992292
20,42060.76544981597
