Run,Cost
1,85787.42530197483
2,85787.42530198401
3,85787.42530205447
4,85787.42530211518
5,85787.4253020685
6,85787.42530195873
7,85787.42530205066
8,85787.42530211591
9,85787.42530200002
10,85787.42530197445
11,85787.4253021385
12,85787.4253020549
13,85787.42530194727
14,85787.42530206339
15,85787.42530190811
16,85787.42530210121
17,85787.4253020832
18,85787.42530197102
19,85787.42530219714
20,85787.42530198782
