Run,Cost
1,65755.61427972847
2,65744.5075153924
3,65744.50751535206
4,65755.6142797729
5,65755.61427955863
6,65755.6142796109
7,65744.50751524926
8,65744.50751530963
9,65755.61427977364
10,65755.61427976436
11,65744.50751519846
12,65744.50751517634
13,65744.50751528973
14,65755.61427976476
15,65744.50751534618
16,65744.50751550702
17,65755.61427967115
18,65744.50751534315
19,65744.50751543624
20,65744.50751533675
