Run,Cost
1,85804.24926339369
2,85804.24926336831
3,85804.24926348428
4,85804.24926340353
5,85804.24926339345
6,85804.24926331421
7,85804.2492632557
8,85804.24926337812
9,85804.24926353112
10,85804.2492633573
11,85804.24926333173
12,85804.24926328762
13,85804.24926324056
14,85804.24926334819
15,85804.2492633131
16,85804.24926347192
17,85804.24926339346
18,85804.24926326438
19,85804.24926339673
20,85804.24926334746
