Run,Cost
1,58145.2919568912
2,58145.29195710265
3,58145.29195704919
4,58145.29195689871
5,58145.29195709287
6,58145.291957041445
7,58145.291957043904
8,58145.29195698767
9,58145.29195701222
10,58145.29195710126
11,58145.29195705453
12,58145.29195698121
13,58145.29195712501
14,58145.291956977606
15,58145.29195692686
16,58145.29195709484
17,58145.29195704563
18,58145.29195700967
19,58145.29195711889
20,58145.29195705793
