Run,Cost
1,43618.758180070276
2,43618.972249542596
3,43618.9722495123
4,43618.75817993565
5,43618.758180092074
6,43618.75817991002
7,43618.75817996958
8,43618.75818001139
9,43618.97224943885
10,43618.75817998101
11,43618.97224953378
12,43618.97224939836
13,43618.75818012237
14,43618.97224951483
15,43618.75818006082
16,43618.75817994179
17,43618.75818000616
18,43618.758180046
19,43618.75818003751
20,43618.972249429615
