Run,Cost
1,65953.84569226942
2,65953.84569233417
3,65953.84569235217
4,65953.84569240882
5,65953.84569238682
6,65953.84569229442
7,65953.84569228736
8,65953.84569234619
9,65953.84569221678
10,65953.84569228654
11,65953.8456923259
12,65953.84569232023
13,65953.84569227502
14,65953.8456923198
15,65953.84569228324
16,65953.84569217083
17,65953.84569216151
18,65953.8456923325
19,65953.84569229845
20,65953.84569235974
