Run,Cost
1,58246.47143303483
2,58246.47143292678
3,58246.47143304677
4,58246.47143284878
5,58246.471433004874
6,58246.4714329064
7,58246.471433045655
8,58246.47143304881
9,58246.471433017265
10,58246.47143304216
11,58246.47143303333
12,58246.47143302251
13,58246.47143307047
14,58246.47143299498
15,58246.47143294665
16,58246.47143303838
17,58246.4714330744
18,58246.47143301916
19,58246.47143287336
20,58246.47143300454
