Run,Cost
1,42064.29475801425
2,42060.76544967782
3,42060.765449747734
4,42064.29475811122
5,42060.765449830695
6,42064.29475802636
7,42064.29475812279
8,42064.294758147626
9,42060.76544974809
10,42064.294758064825
11,42064.294757921016
12,42060.76544983552
13,42064.294758016134
14,42060.76544960401
15,42064.29475814108
16,42064.29475809763
17,42060.765449693004
18,42060.765449825754
19,42064.29475805879
20,42064.29475808952
