Run,Cost
1,43545.14541904463
2,43545.14541894999
3,43545.14541905794
4,43545.145418923734
5,43545.145419009576
6,43545.14541903461
7,43545.14541888847
8,43545.14541893791
9,43545.14541899565
10,43545.14541911837
11,43545.145418967586
12,43545.14541889212
13,43545.1454191121
14,43545.14541894519
15,43545.14541889891
16,43545.14541898704
17,43545.145419043954
18,43545.14541899506
19,43545.145418937274
20,43545.14541891234
