Run,Cost
1,107130.97634930622
2,107130.97634919832
3,107130.97634943246
4,107130.97634926463
5,107130.9763492567
6,107130.97634924614
7,107130.9763491852
8,107130.9763493011
9,107130.97634947057
10,107130.97634940327
11,107130.97634930235
12,107130.97634943045
13,107130.97634943425
14,107130.97634924887
15,107130.97634923234
16,107130.97634926996
17,107130.97634929875
18,107130.97634927092
19,107130.97634927
20,107130.97634931559
