Run,Cost
1,85833.88960487505
2,85833.88960463532
3,85833.88960492196
4,85833.88960487787
5,85833.88960478645
6,85833.88960488058
7,85833.88960477871
8,85833.88960501004
9,85833.88960489421
10,85833.88960477576
11,85833.88960464863
12,85833.88960471377
13,85833.88960470461
14,85833.88960479341
15,85833.88960497665
16,85833.88960463087
17,85833.88960481047
18,85833.88960462091
19,85833.88960467154
20,85833.88960487682
