Run,Cost
1,63529.60673348554
2,63529.606733516324
3,63529.606733495406
4,63529.6067337301
5,63529.606733564025
6,63529.60673353477
7,63529.606733726156
8,63529.60673353091
9,63529.60673364878
10,63529.60673367965
11,63529.606733520326
12,63529.6067336247
13,63529.60673352979
14,63529.60673357043
15,63529.606733470864
16,63529.60673366906
17,63529.6067334424
18,63529.606733611196
19,63529.606733551554
20,63529.60673353709
