Run,Cost
1,42113.72943836994
2,42113.72943821784
3,42113.72943823646
4,42113.729438275535
5,42113.72943824125
6,42113.72943831903
7,42113.729438300215
8,42113.729438427625
9,42113.72943840035
10,42113.72943827475
11,42113.729438305636
12,42113.72943832897
13,42113.729438324495
14,42113.72943828231
15,42113.729438458286
16,42113.7294382636
17,42113.729438269875
18,42113.729438272996
19,42113.72943839755
20,42113.72943815775
