Category,Mean_Instance_Improvement
CREMI,-0.24011907017887013
image_seg,-0.29464543366659257
knott-3d-150,0.06141518344055302
knott-3d-300,-0.021026709569895385
knott-3d-450,-0.07525853732950773
