Run,Cost
1,227993.32734640065
2,227993.32734618877
3,227993.32734618933
4,227993.3273465925
5,227993.32734641488
6,227993.3273461986
7,227993.32734630775
8,227993.3273462827
9,227993.3273461495
10,227993.3273463769
11,227993.32734644
12,227993.32734660307
13,227993.32734640653
14,227993.32734631206
15,227993.32734626436
16,227993.32734632582
17,227993.327346236
18,227993.32734638936
19,227993.32734624666
20,227993.32734649625
