Run,Cost
1,227644.9473693129
2,227645.99746237183
3,227657.20080489677
4,227644.94736946633
5,227643.34930041851
6,227644.84351179207
7,227644.50325066588
8,227645.55334420296
9,227645.997462754
10,227643.79341871772
11,227662.49928056495
12,227644.94736913097
13,227645.9974624224
14,227658.25089767855
15,227657.2008048245
16,227661.3453298155
17,227644.94736923286
18,227644.84351201015
19,227658.25089780297
20,227659.40484852978
