Run,Cost
1,280629.4734846115
2,280629.4734844243
3,280629.4734845701
4,280629.47348425677
5,280629.47348471265
6,280629.47348451265
7,280629.47348468855
8,280629.47348434705
9,280629.4734846914
10,280629.47348421725
11,280629.4734844222
12,280629.47348441574
13,280629.47348444845
14,280629.47348437016
15,280629.4734846687
16,280629.4734845361
17,280629.47348446934
18,280629.4734845222
19,280629.4734845163
20,280629.4734845689
