Run,Cost
1,228508.09414924617
2,228508.09414924646
3,228508.0941492724
4,228508.09414906037
5,228508.09414925522
6,228508.09414905365
7,228508.09414904044
8,228508.09414914582
9,228508.09414911788
10,228508.09414909914
11,228508.09414906503
12,228508.09414923977
13,228508.09414939707
14,228508.0941493845
15,228508.09414908406
16,228508.094149468
17,228508.09414933322
18,228508.09414908796
19,228508.0941493325
20,228508.0941490663
