Run,Cost
1,292613.7343113643
2,292613.7343117254
3,292613.73431154655
4,292613.73431177886
5,292613.73431154864
6,292613.7343115496
7,292613.73431146034
8,292613.7343117016
9,292613.73431150074
10,292613.7343116347
11,292613.73431192397
12,292613.7343114594
13,292613.7343115792
14,292613.7343117389
15,292613.73431175714
16,292613.73431148817
17,292613.73431194236
18,292613.73431181203
19,292613.7343116858
20,292613.7343117173
