Run,Cost
1,282606.2508544199
2,282509.5673236821
3,282521.93632954865
4,282606.25085446687
5,282606.25085466326
6,282521.9363290993
7,282521.93632921943
8,282617.1599230543
9,282509.5673238229
10,282511.02726133046
11,282617.15992307593
12,282520.47639254964
13,282511.0272611341
14,282509.5673239693
15,282509.56732395163
16,282509.5673237344
17,282520.4763922635
18,282511.02726091194
19,282511.0272609891
20,282509.5673241677
