Run,Cost
1,294199.3671771325
2,294200.9973914544
3,294199.2559828606
4,294200.88619713014
5,294199.36717698287
6,294199.255982808
7,294200.9973914616
8,294200.99739149347
9,294200.8861972651
10,294200.886197213
11,294200.99739158683
12,294200.9973914241
13,294199.3671772389
14,294200.9973914841
15,294200.99739139725
16,294199.36717735615
17,294200.997391595
18,294200.99739135714
19,294200.9973912085
20,294199.25598271925
