Run,Cost
1,229074.48394390865
2,229061.0420304637
3,229061.3996713946
4,229074.84158408904
5,229061.90025990698
6,229061.04203098358
7,229061.04203057816
8,229074.84158474562
9,229074.84158447277
10,229061.04203072545
11,229061.54261941242
12,229073.98335557157
13,229061.39967126606
14,229074.48394383944
15,229061.54261943107
16,229061.54261908584
17,229061.39967123998
18,229061.90025982368
19,229074.48394378746
20,229074.48394388327
