Run,Cost
1,283042.3063204193
2,283042.30632022343
3,283042.30632035073
4,283042.3063202399
5,283038.7770122124
6,283042.306320518
7,283042.3063203323
8,283042.30632003065
9,283038.7770118968
10,283038.7770118767
11,283042.30632016505
12,283038.77701171325
13,283042.3063202883
14,283042.30632032856
15,283038.7770118043
16,283042.30632044363
17,283038.777011825
18,283038.77701214456
19,283038.77701186924
20,283042.30632043834
