Run,Cost
1,294462.5755730367
2,294462.5755731601
3,294462.57557272946
4,294462.5755727764
5,294462.57557283883
6,294462.5755731452
7,294462.57557321683
8,294462.57557280257
9,294462.5755729567
10,294462.5755727837
11,294462.57557291654
12,294462.57557288965
13,294462.5755727931
14,294462.5755726503
15,294462.5755727443
16,294462.57557272905
17,294462.57557295664
18,294462.5755729072
19,294462.57557300804
20,294462.57557280426
