Run,Cost
1,284228.247188072
2,284228.2471879913
3,284228.2471876002
4,284228.2471879991
5,284228.247187773
6,284228.24718812597
7,284228.2471878859
8,284228.2471877496
9,284228.2471881121
10,284228.2471879999
11,284228.2471878241
12,284228.2471875924
13,284228.2471877276
14,284228.2471877648
15,284228.24718800985
16,284228.24718806456
17,284228.2471877965
18,284228.24718764244
19,284228.24718781555
20,284228.24718775146
