Run,Cost
1,283969.9778031088
2,284030.0539500905
3,284031.34286890517
4,283908.1871578793
5,283969.97780290607
6,283904.01952513703
7,284031.34286862885
8,283909.19816194085
9,284030.05395026424
10,283908.18715796893
11,283900.70859832613
12,284029.0429462285
13,283911.49808448047
14,284029.0429462448
15,283908.1871579906
16,284032.3538729645
17,284029.0429463363
18,283910.48708074953
19,283968.68888431817
20,284029.04294658377
