Run,Cost
1,292437.3962525871
2,292436.67659026844
3,292436.67659025267
4,292436.6765902555
5,292436.67659017665
6,292437.3962525102
7,292436.67659034417
8,292437.3962522745
9,292437.3962524069
10,292436.676590306
11,292437.3962525953
12,292436.6765899916
13,292436.6765902813
14,292436.6765900264
15,292437.3962526784
16,292436.676590278
17,292437.39625244174
18,292437.39625245077
19,292437.3962524319
20,292436.67659018486
