Run,Cost
1,280314.508531592
2,280257.7540293085
3,280257.7540291975
4,280260.5745409906
5,280257.75402918656
6,280257.75402889634
7,280317.32904361817
8,280257.0083026867
9,280299.17289945344
10,280310.8415992794
11,280313.6621114994
12,280314.5085315703
13,280301.99341152847
14,280260.57454094425
15,280257.0083027464
16,280310.8415996536
17,280257.7540288417
18,280301.99341081205
19,280310.84159925557
20,280313.66211178334
