Run,Cost
1,229043.37008258488
2,229042.31992288778
3,229056.77863698904
4,229045.36554068816
5,229042.31992274494
6,229067.64918908552
7,229032.3030458436
8,229042.31992285897
9,229067.84567384928
10,229067.64918909676
11,229067.84567381596
12,229034.29850368464
13,229042.31992280792
14,229066.79551414517
15,229044.3153808705
16,229034.29850394544
17,229032.30304598538
18,229042.31992279718
19,229066.79551414563
20,229066.79551441857
