Run,Cost
1,17749.99999998018
2,17749.99999995669
3,17749.999999941814
4,17749.999999992517
5,17749.999999993648
6,17749.999999954347
7,17750.00000005092
8,17750.00000000269
9,17750.000000038006
10,17750.000000089993
11,17750.000000056087
12,17749.999999959873
13,17749.999999933592
14,17750.0000000005
15,17750.000000029268
16,17749.999999982636
17,17750.000000054624
18,17749.999999948795
19,17749.999999947056
20,17749.999999975113
