Run,Cost
1,2099.9999999948805
2,2099.9999999937563
3,2099.9999999982797
4,2100.000000000758
5,2099.9999999945667
6,2100.000000009902
7,2100.0000000043847
8,2099.9999999989236
9,2100.0000000089135
10,2099.9999999939155
11,2100.0000000002133
12,2100.0000000058244
13,2099.999999998722
14,2100.0000000022005
15,2099.999999998693
16,2100.00000001181
17,2100.0000000055525
18,2100.0000000041537
19,2100.0000000028713
20,2099.9999999955976
