Run,Cost
1,400.00000000115085
2,399.9999999988232
3,400.0000000005498
4,399.9999999904551
5,399.9999999967328
6,399.99999999748314
7,400.0000000039768
8,400.0000000043359
9,399.9999999956189
10,400.0000000000754
11,399.99999999068075
12,399.9999999989277
13,399.9999999936985
14,399.99999999656666
15,400.00000000226845
16,400.0000000036132
17,399.9999999972487
18,399.99999999373745
19,399.99999998867
20,400.00000000928645
