Run,Cost
1,1374.9999999987792
2,1375.0000000048567
3,1375.0000000073037
4,1375.0000000059833
5,1374.9999999940387
6,1375.0000000027699
7,1374.9999999986303
8,1375.0000000110567
9,1374.999999998744
10,1374.9999999992199
11,1375.000000006676
12,1374.9999999992035
13,1374.9999999872903
14,1375.0000000018583
15,1374.999999990263
16,1374.999999990894
17,1374.999999991723
18,1374.9999999908068
19,1375.0000000027337
20,1375.000000002257
