Run,Cost
1,11700.00000001288
2,11699.99999997898
3,11699.99999997153
4,11699.99999998864
5,11700.0000000498
6,11700.000000040181
7,11700.000000018284
8,11700.000000020238
9,11700.000000028349
10,11699.999999995549
11,11700.000000041515
12,11700.00000000867
13,11699.999999959293
14,11699.999999991947
15,11700.0000000145
16,11700.00000009445
17,11700.000000027529
18,11699.999999958074
19,11700.000000095955
20,11699.999999964832
