Run,Cost
1,1649.9999999969684
2,1649.9999999947474
3,1650.0000000037826
4,1650.000000005369
5,1649.9999999996692
6,1649.9999999911058
7,1649.9999999964057
8,1650.0000000145299
9,1650.0000000094765
10,1650.0000000024384
11,1649.9999999966615
12,1649.9999999991585
13,1650.0000000059983
14,1649.9999999924376
15,1650.0000000080026
16,1649.9999999986633
17,1649.9999999961487
18,1650.0000000083435
19,1650.0000000030602
20,1649.9999999979023
