Run,Cost
1,10700.000000015536
2,10699.999999876018
3,10700.000000033322
4,10699.999999968657
5,10700.00000001326
6,10700.000000028858
7,10699.999999945407
8,10700.000000025066
9,10699.999999969945
10,10699.999999946594
11,10700.000000005475
12,10699.999999969708
13,10699.999999988082
14,10699.999999946263
15,10699.999999926811
16,10699.999999991469
17,10700.000000052549
18,10699.999999986669
19,10699.99999996924
20,10699.999999984733
