Run,Cost
1,22499.99999994162
2,22499.999999934316
3,22500.000000041822
4,22500.000000000906
5,22499.999999957574
6,22500.000000033215
7,22499.999999917774
8,22499.99999991104
9,22500.00000006562
10,22499.99999997417
11,22500.00000000093
12,22499.99999996704
13,22500.00000005774
14,22499.999999946096
15,22499.999999987525
16,22499.999999922864
17,22500.000000117332
18,22499.999999965054
19,22499.999999972733
20,22500.000000018565
