Run,Cost
1,16500.000000018128
2,16500.000000084518
3,16500.00000000094
4,16499.99999999274
5,16499.999999978198
6,16500.00000010099
7,16500.000000057425
8,16500.00000001082
9,16499.999999914704
10,16500.000000051423
11,16499.999999915854
12,16500.0000000127
13,16499.999999924414
14,16500.000000017797
15,16500.000000008145
16,16499.99999997743
17,16500.00000003013
18,16500.000000046075
19,16500.000000056298
20,16499.999999982472
