Run,Cost
1,600.000000015178
2,600.0000000079015
3,599.9999999948556
4,600.0000000118636
5,600.000000004349
6,599.9999999972783
7,600.0000000009227
8,600.0000000044421
9,599.9999999941855
10,600.0000000028069
11,599.9999999883036
12,599.9999999973658
13,600.0000000185198
14,599.999999993584
15,599.9999999919356
16,599.9999999923889
17,599.9999999927892
18,600.0000000066793
19,600.0000000067125
20,599.9999999884542
