Run,Cost
1,500.00000000389565
2,500.00000000705546
3,500.00000000991645
4,499.99999999775673
5,500.00000000808876
6,499.9999999967849
7,500.0000000062178
8,500.0000000023993
9,500.000000004115
10,499.99999999785604
11,499.9999999950265
12,499.9999999966647
13,500.0000000004052
14,500.0000000047062
15,500.0000000004179
16,499.999999995793
17,500.0000000034405
18,500.0000000046697
19,500.000000007116
20,500.0000000064922
