Run,Cost
1,23550.00000004523
2,23549.999999987227
3,23550.00000007794
4,23550.000000026004
5,23549.999999923948
6,23549.9999999342
7,23550.00000005009
8,23549.999999998912
9,23549.999999961394
10,23549.999999965814
11,23549.99999996721
12,23549.99999995718
13,23549.999999917083
14,23550.000000044838
15,23550.000000048054
16,23550.0000000012
17,23550.0000000359
18,23549.999999932454
19,23550.000000007938
20,23549.999999872263
