Run,Cost
1,2625.0000000057585
2,2624.999999994543
3,2624.999999994876
4,2625.000000008626
5,2624.999999995231
6,2624.9999999957827
7,2624.9999999992847
8,2625.000000004219
9,2625.000000011412
10,2625.000000001912
11,2625.0000000057485
12,2625.000000000147
13,2625.0000000036175
14,2624.999999994388
15,2624.99999999846
16,2625.000000003791
17,2624.9999999960833
18,2625.000000007449
19,2625.0000000018795
20,2624.999999999869
