Run,Cost
1,525.0000000022183
2,525.0000000031627
3,524.9999999977391
4,525.0000000019287
5,525.000000002415
6,524.9999999981061
7,524.9999999997584
8,525.0000000028431
9,525.0000000056735
10,524.9999999985492
11,525.0000000005053
12,524.9999999979922
13,524.9999999998939
14,525.000000003303
15,525.0000000041967
16,525.0000000003952
17,525.0000000026872
18,525.0000000036202
19,525.000000004973
20,525.0000000008235
