Run,Cost
1,100.00000000439091
2,100.0000000004386
3,99.99999999386758
4,100.00000000125839
5,100.00000000133863
6,100.00000000361882
7,100.0000000014106
8,100.00000000035537
9,100.00000000398308
10,99.99999999970723
11,99.99999999792342
12,99.99999999858262
13,99.9999999975532
14,100.00000000598959
15,99.99999999955043
16,100.0000000030206
17,100.00000000262943
18,100.00000000025815
19,100.00000000433336
20,100.00000000096631
