Run,Cost
1,625.0000000102232
2,625.0000000070693
3,624.9999999965287
4,624.9999999911174
5,624.9999999794319
6,625.0000000075311
7,625.0000000253817
8,625.000000017527
9,625.0000000107982
10,624.9999999890607
11,624.9999999903869
12,625.0000000041343
13,625.0000000032999
14,624.9999999910091
15,625.0000000139639
16,624.999999994048
17,624.9999999939523
18,625.0000000094038
19,624.9999999971634
20,624.9999999941556
