Run,Cost
1,274.99999999369726
2,275.00000000151744
3,275.00000000368635
4,275.0000000002098
5,274.99999999799536
6,275.00000000089705
7,274.99999999984396
8,275.00000000046197
9,274.99999999709195
10,275.0000000071839
11,275.0000000025825
12,274.99999999673696
13,274.99999999957646
14,274.9999999983035
15,275.0000000023484
16,274.9999999968672
17,275.00000000221644
18,275.00000000208075
19,275.0000000010471
20,274.9999999961491
