Run,Cost
1,800.0000000035643
2,799.999999992589
3,799.9999999876422
4,800.000000010585
5,800.0000000075784
6,799.9999999999304
7,799.9999999962466
8,799.9999999853549
9,799.9999999945273
10,800.0000000025617
11,800.0000000227479
12,800.0000000204132
13,800.0000000109166
14,799.9999999977731
15,799.9999999939164
16,799.999999985553
17,799.9999999892627
18,800.0000000118742
19,799.9999999983103
20,800.0000000159832
