Run,Cost
1,3350.0000000191762
2,3349.9999999770694
3,3349.9999999723664
4,3350.0000000392
5,3350.0000000168966
6,3349.999999980973
7,3349.9999999900615
8,3350.000000001558
9,3350.000000017596
10,3349.9999999939873
11,3349.999999998757
12,3350.000000007952
13,3350.0000000278296
14,3349.9999999885267
15,3350.00000002553
16,3349.9999999730585
17,3349.9999999990027
18,3350.0000000061236
19,3350.000000015684
20,3350.0000000003793
