Run,Cost
1,2850.000000025875
2,2850.000000027341
3,2850.0000000106306
4,2849.9999999873035
5,2850.000000000252
6,2850.000000007903
7,2849.9999999854954
8,2849.99999999845
9,2849.9999999700167
10,2849.999999958226
11,2850.0000000202804
12,2849.999999973824
13,2849.999999992052
14,2850.000000000709
15,2849.99999999547
16,2850.0000000170503
17,2849.9999999849115
18,2850.0000000145283
19,2849.999999999318
20,2850.0000000091895
