Run,Cost
1,2500.0000000321743
2,2500.0000000080804
3,2499.999999992447
4,2499.999999990037
5,2500.0000000074165
6,2499.9999999766696
7,2499.9999999934466
8,2500.0000000425002
9,2500.0000000057653
10,2500.0000000187124
11,2499.9999999751176
12,2500.0000000306586
13,2500.0000000088753
14,2499.9999999816937
15,2499.999999993372
16,2500.0000000008436
17,2499.99999999793
18,2500.0000000174746
19,2499.9999999816923
20,2499.999999982646
