Run,Cost
1,299.9999999994452
2,299.9999999982272
3,300.0000000075263
4,300.00000001040723
5,300.0000000020836
6,299.9999999953441
7,299.9999999935332
8,300.00000000348217
9,300.00000000493714
10,300.00000000605473
11,299.999999999349
12,300.000000004071
13,300.0000000036208
14,299.9999999928886
15,300.00000000147503
16,300.0000000049
17,299.99999999679056
18,300.0000000028717
19,299.9999999995806
20,300.00000000117615
