Run,Cost
1,1575.0000000061864
2,1574.999999990469
3,1574.9999999903232
4,1574.999999999538
5,1575.000000002561
6,1575.0000000010655
7,1574.999999998545
8,1574.9999999967488
9,1574.999999999496
10,1574.9999999990187
11,1574.9999999995723
12,1575.000000006736
13,1574.999999991435
14,1574.9999999881961
15,1574.9999999976949
16,1575.0000000015018
17,1575.0000000094044
18,1574.9999999956963
19,1575.0000000074463
20,1574.9999999965046
