Run,Cost
1,5625.000000002335
2,5625.000000004597
3,5624.999999997688
4,5625.000000023814
5,5625.000000003042
6,5625.000000012126
7,5624.999999992547
8,5625.000000061187
9,5625.000000009664
10,5624.999999980504
11,5625.000000025902
12,5624.999999994705
13,5624.999999995426
14,5625.0000000399705
15,5625.000000010836
16,5624.99999997414
17,5625.00000003044
18,5624.99999993402
19,5625.000000028457
20,5625.000000009377
