Run,Cost
1,6900.000000003709
2,6899.99999999786
3,6900.000000032156
4,6899.999999986981
5,6900.000000037251
6,6900.000000064242
7,6899.999999992187
8,6900.000000016969
9,6899.999999970228
10,6899.999999994956
11,6900.000000047123
12,6899.999999926912
13,6900.00000004381
14,6899.999999993444
15,6900.00000000937
16,6900.000000038241
17,6900.000000010979
18,6900.000000013348
19,6900.000000001397
20,6899.9999999974125
