Run,Cost
1,2119.0000000006667
2,2118.999999998736
3,2118.999999996131
4,2119.0000000062996
5,2118.999999993936
6,2119.0000000143978
7,2118.999999987946
8,2118.9999999967563
9,2119.0000000080995
10,2119.000000005995
11,2119.0000000010855
12,2118.9999999995307
13,2119.000000007825
14,2118.9999999902643
15,2119.000000002266
16,2119.0000000080718
17,2119.0000000013642
18,2118.9999999920155
19,2118.999999985033
20,2119.0000000022346
