Run,Cost
1,2085.000000005135
2,2084.999999997582
3,2084.999999993819
4,2084.9999999969195
5,2079.000000000101
6,2084.9999999926063
7,2078.9999999998367
8,2084.999999998612
9,2078.999999999553
10,2085.000000005847
11,2085.0000000165996
12,2084.9999999974348
13,2079.000000004232
14,2078.9999999881397
15,2084.999999993351
16,2084.999999990632
17,2079.0000000021396
18,2085.000000006025
19,2079.0000000060236
20,2085.0000000017435
