Run,Cost
1,4310.999999972164
2,4310.999999976991
3,4310.999999990725
4,4310.999999988277
5,4310.999999968361
6,4310.999999996973
7,4310.99999999071
8,4310.99999999493
9,4310.999999980585
10,4310.999999970587
11,4311.000000035702
12,4310.999999974799
13,4311.000000034064
14,4310.999999996914
15,4310.999999994771
16,4311.000000002018
17,4311.000000012456
18,4311.000000030685
19,4310.999999995323
20,4311.000000028379
