Run,Cost
1,3276.9999999934143
2,3277.000000019676
3,3276.9999999755355
4,3276.9999999817296
5,3276.9999999865718
6,3276.9999999959564
7,3276.9999999887496
8,3277.0000000057676
9,3276.9999999938555
10,3276.9999999851357
11,3277.0000000041446
12,3276.9999999863808
13,3277.0000000023306
14,3277.0000000033683
15,3277.0000000031796
16,3277.0000000089135
17,3277.0000000094374
18,3276.9999999993884
19,3277.0000000181963
20,3277.000000001395
