Run,Cost
1,2873.0000000298314
2,3036.999999988037
3,3031.0000000089804
4,3049.000000018047
5,3036.9999999906104
6,3049.0000000117284
7,2873.000000013086
8,3048.9999999806305
9,2873.000000004882
10,3031.000000007205
11,3048.9999999974075
12,2873.0000000308733
13,3049.0000000001546
14,3049.000000004443
15,3048.999999997457
16,3031.0000000123923
17,3031.0000000238515
18,3031.0000000013847
19,3049.000000005119
20,3048.999999998677
