Run,Cost
1,3093.0000000090354
2,3092.9999999938086
3,3093.0000000069904
4,3139.0000000058812
5,3093.000000005472
6,3139.000000005431
7,3093.000000004269
8,3092.9999999642264
9,3139.000000041105
10,3092.9999999886018
11,3093.0000000210107
12,3092.9999999877696
13,3093.0000000058512
14,3139.0000000193427
15,3093.0000000065597
16,3092.999999978182
17,3139.0000000169157
18,3092.999999990158
19,3139.00000001591
20,3092.9999999702777
