Run,Cost
1,4625.000000009872
2,4625.000000001943
3,4601.000000008185
4,4624.99999998783
5,4601.000000000276
6,4624.999999977633
7,4600.9999999947695
8,4600.999999981907
9,4625.000000008937
10,4625.000000011202
11,4624.999999971994
12,4600.999999981597
13,4625.000000028509
14,4600.999999980634
15,4624.99999998331
16,4600.999999978701
17,4601.000000019551
18,4600.999999995098
19,4601.000000005857
20,4625.000000001293
