Run,Cost
1,3362.000000001368
2,3361.9999999885617
3,3361.999999996262
4,3362.0000000057053
5,3362.0000000015184
6,3362.0000000192845
7,3362.0000000116643
8,3361.9999999821953
9,3361.999999991456
10,3362.000000005164
11,3362.0000000183154
12,3362.0000000107116
13,3361.999999980322
14,3361.999999997487
15,3362.000000000262
16,3361.999999974507
17,3361.9999999983083
18,3361.9999999977754
19,3361.9999999880197
20,3362.0000000165533
