Run,Cost
1,3282.0000000133487
2,3186.9999999980673
3,3180.9999999789516
4,3197.0000000324358
5,3068.9999999781403
6,3164.000000005007
7,3282.000000017445
8,3163.9999999845954
9,3059.0000000175146
10,3281.9999999939614
11,3197.000000015059
12,3164.0000000032087
13,3059.0000000223654
14,3282.000000000532
15,3196.999999992748
16,3196.9999999744055
17,3058.999999993365
18,3058.9999999914035
19,3068.9999999885167
20,3282.0000000160735
