Run,Cost
1,3414.999999979563
2,3414.9999999843626
3,3414.9999999993734
4,3415.0000000050413
5,3414.9999999985926
6,3415.00000001272
7,3414.9999999958645
8,3414.999999987015
9,3414.999999993843
10,3415.000000008049
11,3414.9999999867496
12,3414.999999973824
13,3414.9999999844927
14,3414.9999999768734
15,3414.9999999775337
16,3414.999999996096
17,3414.999999991747
18,3415.000000020814
19,3414.9999999946485
20,3415.0000000085074
