Run,Cost
1,2811.9999999879556
2,2811.999999972506
3,2893.0000000123964
4,2892.9999999929887
5,2811.9999999987226
6,2893.0000000170853
7,2817.999999989779
8,2893.000000002827
9,2812.0000000142563
10,2811.999999987861
11,2812.000000009217
12,2812.0000000069754
13,2811.999999984588
14,2892.9999999966763
15,2811.999999999993
16,2818.0000000304117
17,2892.9999999993865
18,2812.0000000011987
19,2883.000000012675
20,2812.000000010688
