Run,Cost
1,3541.999999988611
2,3627.9999999981146
3,3627.9999999982624
4,3627.999999995496
5,3628.0000000123828
6,3598.0000000222303
7,3628.0000000085965
8,3598.000000000347
9,3598.0000000161112
10,3598.0000000044342
11,3628.0000000051277
12,3628.0000000195005
13,3628.000000009795
14,3628.0000000139817
15,3627.9999999964402
16,3598.000000009642
17,3628.0000000280247
18,3628.000000009923
19,3542.0000000024565
20,3541.9999999939123
