Run,Cost
1,2824.0000000139653
2,2835.0000000272385
3,2834.9999999808074
4,3172.0000000348746
5,2834.9999999970105
6,3172.000000009804
7,3172.0000000199952
8,3160.000000032945
9,3172.000000012937
10,3160.0000000086616
11,2835.0000000168543
12,2823.9999999977235
13,3160.000000010025
14,2824.000000027069
15,3160.0000000075775
16,2824.0000000088557
17,2823.999999987528
18,2823.9999999870793
19,2834.999999985901
20,3172.000000010562
