Run,Cost
1,4226.999999997741
2,4440.9999999720185
3,4227.000000015489
4,4226.999999987644
5,4441.000000003633
6,4227.000000025519
7,4441.000000003661
8,4227.000000022119
9,4440.999999986596
10,4440.999999998628
11,4226.999999971535
12,4440.999999991955
13,4441.000000020798
14,4441.00000003205
15,4441.000000015161
16,4440.999999995538
17,4441.000000002468
18,4226.99999999867
19,4440.99999999111
20,4227.000000028943
