Run,Cost
1,3215.999999994703
2,3216.0000000098034
3,3215.9999999995885
4,3215.999999995053
5,3216.0000000030773
6,3216.000000004179
7,3215.9999999803053
8,3216.0000000040504
9,3216.0000000013047
10,3215.9999999928687
11,3215.9999999870006
12,3215.999999996156
13,3216.000000003444
14,3216.0000000210475
15,3215.9999999713486
16,3216.0000000032037
17,3215.9999999952997
18,3216.000000020805
19,3216.000000015883
20,3215.99999999577
