Run,Cost
1,4797.000000024502
2,4796.999999991297
3,4797.000000017681
4,4796.999999998686
5,4797.000000019769
6,4797.000000002697
7,4796.999999990712
8,4796.999999999196
9,4796.999999992095
10,4797.000000015631
11,4797.000000001174
12,4796.999999984463
13,4796.999999994527
14,4797.000000009321
15,4796.999999977951
16,4796.999999985773
17,4797.000000007989
18,4796.9999999713355
19,4797.000000031586
20,4797.00000002496
