Run,Cost
1,3271.0000000088144
2,3270.9999999895667
3,3271.000000003118
4,3271.000000005657
5,3271.000000011231
6,3270.9999999992215
7,3306.9999999985016
8,3271.0000000072537
9,3270.999999998692
10,3306.9999999950564
11,3270.9999999993374
12,3306.9999999961456
13,3306.9999999820575
14,3270.9999999986226
15,3307.000000011568
16,3306.999999998223
17,3271.0000000087607
18,3307.000000009494
19,3306.9999999937722
20,3306.99999999648
