Run,Cost
1,4917.999999989434
2,4862.999999968195
3,4863.000000014066
4,5026.9999999953825
5,4863.0000000231375
6,5027.000000063273
7,5027.000000006556
8,4862.999999990084
9,4925.999999973915
10,4862.999999994067
11,4863.000000003352
12,4862.999999986299
13,4862.999999998241
14,4862.999999988655
15,4863.000000017875
16,4863.00000002016
17,4862.999999990497
18,4862.999999995376
19,4862.999999988714
20,4862.999999993641
