Run,Cost
1,4247.00000002178
2,4247.0000000127075
3,4342.000000010498
4,4247.000000012593
5,4246.999999984724
6,4247.000000012419
7,4342.000000004992
8,4342.000000015881
9,4341.999999981898
10,4341.99999998221
11,4246.999999980504
12,4246.999999993241
13,4246.999999979417
14,4342.000000006495
15,4247.000000001623
16,4341.999999992123
17,4341.999999996479
18,4246.999999991221
19,4246.999999984011
20,4341.999999992693
