Run,Cost
1,3946.99999996722
2,3947.00000003886
3,3946.9999999908096
4,3946.999999974089
5,3947.0000000025443
6,3947.0000000069494
7,3946.9999999919155
8,3946.9999999756315
9,3947.0000000162263
10,3946.999999990519
11,3947.0000000039663
12,3946.999999976982
13,3946.999999995889
14,3946.9999999889355
15,3946.9999999737406
16,3947.000000012169
17,3947.0000000184264
18,3947.000000016471
19,3947.0000000059636
20,3946.999999998176
