Run,Cost
1,5017.000000026741
2,5016.9999999961055
3,5017.000000042107
4,5017.000000001855
5,5016.99999999639
6,5016.999999992183
7,5017.000000002309
8,5017.000000026656
9,5017.000000026672
10,5016.999999976326
11,5016.999999971374
12,5017.000000004272
13,5017.000000012604
14,5017.000000001437
15,5017.000000000205
16,5017.000000017874
17,5017.000000004274
18,5016.99999999984
19,5016.999999985863
20,5017.0000000053105
