Run,Cost
1,2104.999999992371
2,2104.99999998774
3,2137.000000001112
4,2104.999999999955
5,2136.9999999971196
6,2136.999999994313
7,2137.0000000187333
8,2137.000000015881
9,2104.99999999137
10,2136.9999999914694
11,2136.9999999988554
12,2137.000000004981
13,2137.000000000535
14,2136.999999985361
15,2137.000000014456
16,2136.999999997782
17,2104.9999999990173
18,2136.9999999997267
19,2104.999999994319
20,2136.9999999940387
