Run,Cost
1,2440.0000000129544
2,2440.0000000071077
3,2362.999999994193
4,2363.0000000225627
5,2440.000000009441
6,2439.999999990247
7,2439.999999974385
8,2440.000000015964
9,2439.9999999863185
10,2440.0000000085374
11,2363.000000010346
12,2440.0000000015607
13,2440.000000004904
14,2439.999999996851
15,2363.0000000098353
16,2362.999999989854
17,2439.9999999726956
18,2363.0000000131226
19,2440.0000000000764
20,2440.0000000010314
