Run,Cost
1,4190.000000007238
2,4124.999999990136
3,4206.999999985493
4,4189.999999985658
5,4135.999999993635
6,4284.999999954318
7,4135.999999968652
8,4285.000000019486
9,4284.999999993162
10,4206.999999990281
11,4189.9999999689135
12,4206.999999995502
13,4189.999999983854
14,4124.000000005008
15,4207.000000025142
16,4125.00000001842
17,4189.999999991063
18,4207.000000023014
19,4135.999999992721
20,4124.999999998394
