Run,Cost
1,2878.000000005724
2,3056.9999999941447
3,2877.999999982824
4,3115.0000000338637
5,3109.9999999948036
6,2871.0000000145897
7,2878.000000001189
8,2870.9999999781903
9,3038.0000000011037
10,3093.0000000117807
11,3090.9999999933398
12,2870.9999999978722
13,3099.0000000352447
14,3092.999999961373
15,2870.9999999942625
16,3037.9999999868774
17,3093.000000021424
18,2870.9999999925967
19,3037.999999979749
20,2870.9999999894508
