Run,Cost
1,4543.999999989043
2,4544.0000000079835
3,4543.999999996562
4,4244.999999987966
5,4544.000000017868
6,4544.000000009931
7,4241.000000004796
8,4283.9999999657275
9,4284.0000000165865
10,4544.0000000408545
11,4284.000000034303
12,4283.999999995575
13,4202.99999998517
14,4544.000000016296
15,4244.999999975678
16,4240.999999976906
17,4543.999999995028
18,4283.99999999301
19,4544.000000005084
20,4202.999999981836
