Run,Cost
1,4100.999999996925
2,4147.999999999212
3,4038.999999985392
4,4039.0000000146683
5,4038.9999999732518
6,4039.000000001703
7,4038.99999998002
8,4100.999999971839
9,4038.999999977585
10,3955.000000014833
11,4100.999999980206
12,3957.0000000122227
13,4038.99999998498
14,4039.0000000169744
15,4148.000000006216
16,4038.9999999647766
17,4071.9999999952483
18,4007.9999999755773
19,4008.000000014174
20,4072.000000008084
