Run,Cost
1,1949.000000005421
2,1948.9999999995161
3,1948.9999999981299
4,1949.00000000081
5,1949.0000000095667
6,1949.0000000019247
7,1949.000000015081
8,1949.0000000082455
9,1948.999999998193
10,1949.0000000014943
11,1949.0000000242965
12,1949.0000000057328
13,1948.999999986152
14,1948.999999987704
15,1948.9999999915758
16,1948.9999999976162
17,1949.0000000092862
18,1948.9999999997501
19,1949.0000000017862
20,1949.0000000068635
