Run,Cost
1,1692.000000001688
2,1692.0000000016287
3,1691.9999999904362
4,1691.9999999973822
5,1691.9999999977892
6,1691.999999988943
7,1692.0000000087707
8,1691.9999999947534
9,1692.0000000027317
10,1692.0000000066152
11,1692.0000000070233
12,1692.0000000032512
13,1691.999999997306
14,1691.9999999934275
15,1691.9999999840015
16,1692.0000000117645
17,1692.000000007164
18,1692.000000009592
19,1691.9999999895022
20,1692.0000000038547
