Run,Cost
1,2247.0000000035266
2,2246.9999999907923
3,2247.0000000005803
4,2246.9999999950683
5,2246.9999999976462
6,2247.0000000027107
7,2247.000000010705
8,2246.999999989101
9,2247.000000011008
10,2247.000000000502
11,2247.0000000015575
12,2247.0000000043806
13,2247.0000000010878
14,2246.99999999961
15,2247.0000000022383
16,2247.0000000092127
17,2247.0000000011987
18,2246.9999999892716
19,2246.9999999990996
20,2246.9999999845327
