Run,Cost
1,1985.0000000022378
2,1985.0000000035598
3,1985.0000000011876
4,1985.0000000113182
5,1985.0000000025354
6,1985.0000000072093
7,1985.0000000223165
8,1984.99999998636
9,1984.999999984286
10,1984.9999999824292
11,1984.9999999852275
12,1984.9999999956844
13,1985.000000003794
14,1984.9999999855954
15,1985.000000012797
16,1984.9999999898382
17,1985.0000000091234
18,1984.9999999966471
19,1984.999999991324
20,1984.9999999973809
