Run,Cost
1,3386.000000004241
2,3401.0000000096184
3,3386.0000000093146
4,3385.999999989539
5,3385.9999999990387
6,3386.0000000054074
7,3400.999999998473
8,3385.9999999880943
9,3385.999999994806
10,3401.0000000074765
11,3386.0000000166447
12,3386.000000014511
13,3401.00000002567
14,3385.999999997287
15,3400.999999996148
16,3401.00000003583
17,3401.00000000991
18,3400.9999999988822
19,3386.0000000108826
20,3385.999999990632
