Run,Cost
1,2156.99999999503
2,2157.000000001107
3,2070.000000001025
4,2156.9999999923716
5,2074.000000000085
6,2157.0000000061027
7,2069.999999990918
8,2157.000000022415
9,2157.000000008281
10,2156.999999999901
11,2157.0000000060204
12,2074.0000000203036
13,2157.000000013519
14,2073.9999999865117
15,2070.0000000066184
16,2073.9999999908646
17,2069.999999990014
18,2070.0000000212744
19,2156.9999999959723
20,2073.999999986969
