Run,Cost
1,2128.999999981519
2,2129.0000000094938
3,2128.9999999896486
4,2129.0000000058612
5,2129.000000006335
6,2128.9999999856245
7,2128.9999999966726
8,2128.999999992607
9,2129.0000000079062
10,2129.000000001692
11,2128.999999974567
12,2129.000000021052
13,2128.9999999949214
14,2129.0000000007917
15,2129.0000000149007
16,2129.000000000758
17,2128.9999999966712
18,2129.0000000045156
19,2128.999999996723
20,2129.000000000356
