Run,Cost
1,4378.999999979105
2,4378.999999991104
3,4379.000000007575
4,4371.000000011528
5,4258.999999985682
6,4378.999999989675
7,4370.9999999822885
8,4379.000000002966
9,4370.999999980207
10,4379.000000001664
11,4371.000000016416
12,4370.999999966993
13,4259.000000000708
14,4379.000000021129
15,4259.0000000187165
16,4306.000000034032
17,4305.999999991513
18,4259.000000002318
19,4378.999999949199
20,4378.999999984171
