Run,Cost
1,3185.0000000136947
2,3184.9999999886118
3,3185.0000000063674
4,3185.0000000001155
5,3185.0000000132923
6,3185.000000005165
7,3185.0000000200635
8,3184.9999999836305
9,3184.9999999818965
10,3185.0000000238233
11,3185.000000004493
12,3185.0000000280606
13,3184.9999999941106
14,3184.9999999981346
15,3185.000000006348
16,3184.99999998569
17,3184.999999998052
18,3184.999999986574
19,3184.9999999955885
20,3184.9999999730753
