Run,Cost
1,2209.0000000019713
2,2209.0000000234227
3,2209.000000011484
4,2208.9999999956435
5,2209.0000000026102
6,2208.9999999999486
7,2208.9999999977604
8,2209.0000000056693
9,2208.99999999328
10,2208.999999993645
11,2208.999999990706
12,2208.9999999979027
13,2209.0000000109535
14,2209.000000005815
15,2208.999999984717
16,2208.99999999963
17,2208.999999979033
18,2208.9999999940733
19,2209.0000000017644
20,2208.9999999983697
