Run,Cost
1,3183.999999985646
2,3183.9999999953766
3,3184.00000002236
4,3183.999999981404
5,3183.9999999902916
6,3183.9999999851293
7,3184.000000001653
8,3184.0000000125883
9,3183.99999995926
10,3183.9999999772626
11,3183.9999999838515
12,3184.0000000120267
13,3183.9999999867196
14,3184.0000000008495
15,3183.999999997563
16,3183.9999999985444
17,3184.000000010297
18,3184.0000000096948
19,3184.0000000217387
20,3184.000000006992
