Run,Cost
1,1652.0000000048017
2,1652.0000000000148
3,1703.0000000087268
4,1652.0000000035084
5,1651.99999999265
6,1651.9999999949353
7,1647.9999999981806
8,1651.9999999910974
9,1652.0000000045636
10,1613.999999996301
11,1613.999999988328
12,1652.0000000129016
13,1593.9999999998026
14,1647.999999997858
15,1614.000000002806
16,1651.9999999974295
17,1596.9999999982865
18,1593.9999999952693
19,1594.0000000123318
20,1597.0000000046605
