Run,Cost
1,3554.000000008013
2,3609.999999999601
3,3554.0000000032373
4,3608.9999999929814
5,3609.9999999984498
6,3608.999999999327
7,3553.9999999696633
8,3553.9999999921884
9,3554.0000000155405
10,3609.999999983273
11,3609.000000023729
12,3553.9999999603747
13,3609.9999999894135
14,3608.9999999993706
15,3554.000000014555
16,3609.9999999874203
17,3609.0000000132536
18,3609.999999992417
19,3608.999999993029
20,3608.9999999894594
