Run,Cost
1,4136.99999999943
2,4137.000000006942
3,4137.000000009595
4,4136.999999990252
5,4136.99999999858
6,4196.999999997092
7,4137.000000006751
8,4196.999999996311
9,4196.999999988993
10,4137.000000002421
11,4137.000000010465
12,4197.000000019234
13,4137.000000020539
14,4136.999999989048
15,4136.999999998875
16,4136.999999998624
17,4197.000000011928
18,4136.999999976852
19,4136.9999999959955
20,4196.999999974822
