Run,Cost
1,3284.000000007644
2,3265.0000000237856
3,3265.0000000110394
4,3284.0000000149857
5,3265.0000000007585
6,3283.9999999857546
7,3284.00000003033
8,3265.000000001139
9,3284.0000000028726
10,3284.0000000188274
11,3284.000000035689
12,3284.000000007811
13,3283.9999999843426
14,3265.0000000190726
15,3265.0000000218574
16,3284.000000005019
17,3264.9999999800093
18,3284.000000011419
19,3283.9999999911774
20,3265.0000000000828
