Run,Cost
1,2489.9999999858624
2,2490.000000018129
3,2490.000000003639
4,2489.9999999777833
5,2489.9999999989373
6,2490.0000000052796
7,2489.999999999012
8,2490.0000000108166
9,2489.999999997344
10,2489.9999999956476
11,2489.99999999579
12,2490.00000001504
13,2489.999999998609
14,2489.9999999764927
15,2490.000000000239
16,2489.9999999894694
17,2489.99999998882
18,2490.0000000024106
19,2490.0000000192704
20,2490.0000000154723
