Run,Cost
1,2165.9999999925913
2,2165.9999999991396
3,2166.00000000272
4,2166.000000019868
5,2165.9999999970064
6,2165.9999999916326
7,2165.9999999952493
8,2165.9999999909046
9,2166.0000000153505
10,2165.999999988487
11,2165.9999999821694
12,2165.999999971588
13,2166.000000001867
14,2166.0000000135824
15,2166.0000000085147
16,2165.999999996145
17,2166.00000000476
18,2166.000000000537
19,2165.9999999989295
20,2166.0000000015066
