Run,Cost
1,2118.999999994483
2,2119.000000007807
3,2119.0000000063033
4,2118.9999999770066
5,2111.9999999993347
6,2111.9999999869383
7,2118.999999996764
8,2118.9999999964634
9,2112.000000018692
10,2111.9999999998395
11,2112.000000006512
12,2119.0000000023897
13,2119.000000009153
14,2119.0000000001305
15,2112.0000000106165
16,2112.0000000038876
17,2111.999999979993
18,2112.000000016524
19,2112.000000004124
20,2112.0000000146447
