Run,Cost
1,2167.999999997889
2,2168.0000000036066
3,2130.999999990535
4,2168.00000000079
5,2167.9999999925867
6,2130.9999999989122
7,2168.00000000461
8,2130.9999999942406
9,2168.0000000030914
10,2168.0000000111913
11,2131.0000000088917
12,2168.000000009124
13,2131.000000013099
14,2168.0000000097475
15,2131.000000008215
16,2130.9999999977695
17,2168.000000005949
18,2167.9999999889565
19,2168.0000000069376
20,2168.0000000014456
