Run,Cost
1,3881.000000002009
2,3825.9999999633296
3,3826.00000001466
4,3880.9999999776433
5,3881.0000000220093
6,3826.0000000310247
7,3826.0000000265172
8,3826.0000000244736
9,3826.0000000137284
10,3825.9999999881816
11,3826.000000006499
12,3826.000000042292
13,3826.000000010918
14,3825.9999999852735
15,3826.0000000076966
16,3881.0000000001423
17,3825.9999999869883
18,3880.999999987725
19,3826.000000008181
20,3825.999999986813
