Run,Cost
1,2262.00000000376
2,2261.999999996929
3,2262.0000000088903
4,2261.999999991844
5,2262.0000000079717
6,2262.000000010558
7,2261.999999997884
8,2261.9999999868646
9,2261.999999997182
10,2261.999999996415
11,2262.0000000031273
12,2261.999999994908
13,2261.999999995108
14,2262.0000000047194
15,2261.999999995497
16,2262.0000000051173
17,2261.9999999908678
18,2261.999999997115
19,2262.0000000060104
20,2262.0000000114314
