Run,Cost
1,4604.999999982604
2,4624.999999990408
3,4624.999999992771
4,4624.999999958441
5,4624.999999991149
6,4625.000000001009
7,4625.000000038294
8,4604.999999988693
9,4624.999999997339
10,4605.000000018311
11,4604.99999997614
12,4625.0000000074915
13,4624.99999998111
14,4624.999999983055
15,4625.000000021505
16,4625.000000017518
17,4625.000000025034
18,4604.9999999865395
19,4604.9999999985
20,4604.999999977288
