Run,Cost
1,834416.999999923
2,814198.0000001232
3,835020.9999999522
4,820103.9999997276
5,816171.0000002586
6,814344.0000000229
7,824960.9999999127
8,832759.0000000604
9,827500.0000001106
10,827440.0000000219
11,830983.0000001645
12,818609.0000000218
13,821554.9999998983
14,816203.9999998066
15,816477.9999997772
16,828861.0000002008
17,826311.999999823
18,809444.9999998073
19,828462.9999999027
20,819132.9999998743
