Run,Cost
1,30826.99999999744
2,30457.999999995613
3,30551.999999997654
4,32015.99999999174
5,29887.00000001779
6,29211.000000002812
7,30310.000000004427
8,27952.999999992207
9,30697.000000023214
10,30942.999999979904
11,31716.000000007494
12,29782.99999999235
13,27370.00000000222
14,30857.000000002397
15,29310.00000000098
16,31368.000000004256
17,31783.000000034317
18,30761.99999998305
19,30917.00000002065
20,30728.999999997137
