Run,Cost
1,29026.99999999803
2,30815.999999997137
3,30169.000000008153
4,31133.00000000271
5,30742.99999998343
6,29387.999999978067
7,31300.999999997304
8,30195.99999998673
9,29942.000000000724
10,31104.000000024083
11,32311.99999999626
12,29635.000000030126
13,31342.999999991036
14,31018.00000003059
15,30208.00000000725
16,32285.99999999791
17,29729.000000000135
18,30176.000000000982
19,31858.000000010685
20,28351.99999999592
