Run,Cost
1,31051.000000007745
2,31050.99999998778
3,31051.000000024796
4,31050.99999998829
5,31051.00000001098
6,31051.00000003443
7,31051.000000033502
8,31051.000000009255
9,31051.000000010758
10,31051.00000001392
11,31050.999999988708
12,31051.000000004406
13,31051.00000000097
14,31051.000000022028
15,31050.999999996246
16,31051.000000005246
17,31050.999999986314
18,31050.9999999989
19,31051.00000000262
20,31050.999999991447
