Run,Cost
1,31228.99999998144
2,31229.000000001863
3,31228.999999987565
4,31228.99999998014
5,31228.999999993594
6,31229.000000000142
7,31228.99999997721
8,31229.000000012875
9,31229.000000026645
10,31229.000000004668
11,31229.000000008473
12,31228.999999988937
13,31229.000000029773
14,31228.999999997362
15,31228.999999996213
16,31228.999999980555
17,31229.000000013664
18,31228.99999998083
19,31228.99999999349
20,31229.000000009033
