Run,Cost
1,27606.000000015094
2,27485.999999985896
3,27219.00000000461
4,27187.999999999945
5,28385.999999997122
6,30435.999999994903
7,27819.999999989926
8,29176.00000000503
9,30479.999999980486
10,27814.000000016797
11,29066.000000007356
12,29760.999999997042
13,29098.000000026757
14,31197.000000026015
15,28909.999999984127
16,28635.999999981464
17,26743.999999986507
18,29870.999999985623
19,27920.000000006992
20,30614.000000012817
