Run,Cost
1,6532.999999993374
2,6533.000000002765
3,6633.999999995666
4,6634.000000001186
5,6634.00000000528
6,6634.00000000974
7,6533.000000005863
8,6533.0000000107
9,6633.999999992182
10,6633.9999999876
11,6633.999999999674
12,6633.99999999526
13,6633.999999994824
14,6633.9999999873735
15,6634.000000003777
16,6532.99999999702
17,6633.999999988909
18,6532.99999998787
19,6532.999999989961
20,6532.999999993361
