Run,Cost
1,6507.999999992005
2,6069.999999992345
3,6507.999999998988
4,6507.999999997389
5,6284.999999999747
6,6698.000000013416
7,6285.000000007277
8,6285.000000004432
9,6989.999999999359
10,6990.000000002211
11,6697.999999996409
12,6070.000000007432
13,6285.000000006442
14,6989.999999997919
15,6697.999999995228
16,6284.999999994685
17,6697.999999999542
18,6697.999999983999
19,6508.0000000093
20,6070.000000000968
