Run,Cost
1,5853.00000000054
2,5853.000000007332
3,5852.999999985747
4,5852.999999997353
5,5852.999999992162
6,5853.000000003065
7,5853.000000009567
8,5852.999999995253
9,5853.000000008325
10,5852.999999997502
11,5852.999999993116
12,5853.000000001495
13,5852.999999999041
14,5852.999999998764
15,5853.000000003302
16,5852.999999997927
17,5852.999999992547
18,5853.000000004775
19,5852.999999999385
20,5853.0000000027085
