Run,Cost
1,7397.000000014248
2,7397.000000009504
3,7397.000000014061
4,7397.000000004726
5,7397.00000000845
6,7396.999999993708
7,7396.999999991907
8,7397.000000008633
9,7397.000000003071
10,7397.000000015511
11,7396.999999997683
12,7396.99999999054
13,7397.0000000061855
14,7397.000000004142
15,7397.000000009677
16,7397.00000001187
17,7397.0000000031
18,7397.000000011657
19,7396.99999999055
20,7397.00000000356
