Run,Cost
1,6271.9999999999145
2,6308.999999997693
3,6271.999999991288
4,6301.999999999229
5,6302.0000000015425
6,6271.999999995315
7,6271.999999997757
8,6272.000000000991
9,6309.000000016366
10,6308.999999993968
11,6302.000000001301
12,6302.0000000143855
13,6309.00000000957
14,6308.9999999942975
15,6302.000000002467
16,6308.999999994916
17,6302.000000012156
18,6301.999999995341
19,6309.0000000012715
20,6301.999999995516
