Run,Cost
1,6748.000000012521
2,6747.999999998358
3,6747.999999987275
4,6748.000000002309
5,6748.0000000053105
6,6748.000000009841
7,6747.999999998122
8,6747.999999989208
9,6748.000000006564
10,6747.999999997
11,6748.000000004406
12,6748.000000006455
13,6747.999999992044
14,6748.000000002014
15,6748.000000001663
16,6748.000000002248
17,6748.000000012138
18,6748.0000000065465
19,6747.999999998693
20,6748.000000004375
