Run,Cost
1,10728.000000012731
2,10727.999999996417
3,9974.99999998428
4,9451.000000001217
5,10728.000000010039
6,9836.999999994014
7,9986.000000000287
8,10727.999999997559
9,9986.000000008444
10,10727.999999992302
11,9607.000000005542
12,9837.000000005828
13,9986.000000003813
14,10098.000000007125
15,9743.000000012331
16,9985.999999990583
17,10038.999999992135
18,10727.999999991123
19,9985.999999999127
20,10111.999999994978
