Run,Cost
1,7698.000000007632
2,7698.000000006449
3,7697.999999984352
4,7697.99999999778
5,7698.000000012759
6,7698.000000006102
7,7697.999999995214
8,7697.9999999973925
9,7697.999999991795
10,7697.999999989795
11,7698.000000010924
12,7698.000000001676
13,7698.00000000709
14,7697.999999993101
15,7697.999999999466
16,7698.000000003883
17,7697.99999999079
18,7698.000000014673
19,7698.000000007987
20,7697.99999999939
