Run,Cost
1,9301.000000002388
2,9300.999999990298
3,9300.999999995694
4,9300.999999992906
5,9301.00000001014
6,9300.999999997179
7,9301.000000019118
8,9300.999999996748
9,9301.00000000167
10,9300.99999999524
11,9301.000000002698
12,9300.999999996146
13,9300.999999989153
14,9300.999999990196
15,9301.000000005177
16,9300.99999998977
17,9301.000000006157
18,9300.999999993599
19,9301.00000000761
20,9301.000000001572
