Run,Cost
1,10053.000000005242
2,10146.000000007407
3,10052.999999996558
4,10567.999999994849
5,10092.999999993322
6,9725.000000018112
7,10264.000000011309
8,10567.999999986325
9,9724.999999991334
10,10052.999999996735
11,10567.99999997839
12,9725.00000000043
13,10567.999999987922
14,10146.000000004608
15,10568.000000003001
16,10568.000000008285
17,10145.999999997433
18,10263.999999997637
19,9724.999999995114
20,10263.999999996891
