Run,Cost
1,8492.000000002054
2,8399.000000006452
3,8652.999999986496
4,9029.000000005239
5,8714.999999996417
6,8307.000000004255
7,8830.99999999165
8,8818.000000002092
9,8419.99999999413
10,8799.000000003321
11,8401.999999992613
12,7735.999999990333
13,8339.000000006725
14,7821.999999995352
15,8387.999999997435
16,8399.000000009879
17,8763.00000000223
18,8539.000000012973
19,8547.000000008666
20,7736.000000010449
