Run,Cost
1,8959.00000000722
2,8958.999999992655
3,8959.000000011032
4,8959.000000015525
5,8958.999999989845
6,8959.000000001875
7,8958.999999995198
8,8958.999999991727
9,8959.000000002723
10,8958.999999995793
11,8959.000000004224
12,8958.999999993466
13,8958.999999983786
14,8959.000000016566
15,8959.00000000929
16,8958.99999999823
17,8958.999999993068
18,8959.000000002992
19,8958.999999989765
20,8958.999999998563
