Run,Cost
1,8648.999999998872
2,9804.000000005068
3,10991.000000011012
4,11019.999999995005
5,9804.00000001045
6,8424.000000003158
7,10832.999999986683
8,8424.000000010472
9,10042.999999984424
10,9255.999999995996
11,9077.999999992757
12,10043.000000001635
13,8649.000000005582
14,8424.000000003152
15,9078.00000001642
16,10990.999999996637
17,10042.999999998954
18,8823.999999996646
19,10042.99999999796
20,9758.000000001712
