Run,Cost
1,11457.000000013191
2,10931.999999982832
3,10884.000000002836
4,10661.000000008524
5,10884.000000001091
6,11118.999999997937
7,11171.999999994694
8,11047.999999999496
9,11213.000000012966
10,11172.000000004127
11,11373.999999994889
12,10884.000000001655
13,10884.000000007483
14,11171.999999980808
15,11213.00000000138
16,11456.999999991807
17,11172.000000001279
18,11213.000000008367
19,11475.000000005663
20,11374.000000000959
