Run,Cost
1,10124.999999997779
2,10070.000000001926
3,10451.99999998881
4,10452.000000010778
5,10069.999999994983
6,10070.000000014543
7,10069.99999998855
8,10070.000000004678
9,10069.999999997828
10,10509.999999994863
11,10846.00000001768
12,10069.999999988655
13,10070.000000006225
14,10451.999999996071
15,10452.000000012467
16,10451.99999999998
17,10451.999999999372
18,10509.999999998769
19,10639.0000000073
20,10509.999999990496
