Run,Cost
1,10985.000000006077
2,10985.000000011547
3,10985.000000003556
4,10751.000000005773
5,10633.000000012104
6,10800.000000004386
7,10984.999999986494
8,11598.999999998805
9,10799.999999998134
10,10985.00000000168
11,11019.999999991405
12,11598.999999993926
13,10926.999999992726
14,10632.999999989728
15,10751.000000002103
16,10800.000000004546
17,10985.00000000042
18,10800.000000017313
19,10750.999999994929
20,10984.999999993677
