Run,Cost
1,12756.99999998676
2,12756.999999999294
3,12756.999999995469
4,12757.000000000522
5,12756.999999982927
6,12756.99999999007
7,12756.999999981297
8,12757.000000010783
9,12756.999999997992
10,12756.999999992435
11,12757.000000020176
12,12757.000000002954
13,12757.000000005688
14,12757.000000008231
15,12756.999999992424
16,12757.000000004404
17,12756.999999995634
18,12756.999999999915
19,12757.000000009717
20,12757.000000004075
