Run,Cost
1,11615.000000017439
2,11614.99999999622
3,11615.00000000088
4,11614.999999998166
5,11614.999999997488
6,11614.999999993333
7,11615.000000005255
8,11615.000000003398
9,11614.999999999181
10,11615.00000000181
11,11614.999999984544
12,11615.000000001874
13,11615.000000000085
14,11614.999999985643
15,11615.000000000236
16,11614.999999992493
17,11614.999999988442
18,11614.999999996407
19,11614.999999989901
20,11614.999999998801
