Run,Cost
1,16984.00000000017
2,16983.9999999838
3,16984.000000007476
4,16983.99999998359
5,16983.999999999833
6,16983.999999996122
7,16984.000000007713
8,16983.99999997709
9,16984.000000004115
10,16983.999999996846
11,16983.999999997748
12,16984.00000000812
13,16983.99999998822
14,16984.000000009088
15,16983.99999997576
16,16983.999999996784
17,16984.000000025862
18,16983.999999987067
19,16984.000000012467
20,16983.9999999906
