Run,Cost
1,15569.00000000664
2,15569.000000001959
3,15569.000000009073
4,15568.999999990654
5,15568.999999998776
6,15569.000000008342
7,15569.00000000548
8,15568.999999982816
9,15569.00000001478
10,15569.000000004919
11,15569.000000000357
12,15569.000000000864
13,15568.999999998725
14,15569.000000002205
15,15569.000000003047
16,15568.999999990838
17,15568.999999981892
18,15569.000000013628
19,15569.000000006352
20,15569.000000011989
