Run,Cost
1,16758.99999999105
2,16783.000000003212
3,16677.000000006803
4,15615.000000002306
5,16312.000000003018
6,16372.999999997075
7,16083.999999971202
8,16079.000000010832
9,16071.000000008695
10,16460.99999999703
11,16168.999999985044
12,16676.0000000029
13,16614.99999999659
14,16389.999999995653
15,15877.000000004497
16,15424.000000001788
17,15858.999999992104
18,16851.99999999274
19,18006.99999999328
20,15094.000000014514
