Run,Cost
1,16682.999999989344
2,17047.999999982414
3,16605.00000000002
4,16553.999999995027
5,16395.00000000153
6,16396.999999984462
7,16557.000000019358
8,17121.000000001703
9,16232.999999993704
10,16350.00000001709
11,15506.000000006237
12,16414.999999990345
13,17048.000000012264
14,17136.99999999959
15,17086.000000014956
16,16850.00000000607
17,16456.999999998377
18,16384.999999994627
19,17047.999999991745
20,16415.000000002266
