Run,Cost
1,1871989.0000003425
2,1864999.0000002733
3,1853514.0000004997
4,1872431.0000007558
5,1900411.0000003704
6,1848456.0000003693
7,1845628.000000701
8,1896350.0000002782
9,1888623.9999995434
10,1881283.999999875
11,1875833.9999998473
12,1857369.000000344
13,1815942.9999994936
14,1864855.9999999711
15,1869132.0000007083
16,1887464.0000005085
17,1851497.9999995239
18,1828356.0000004282
19,1849707.9999999348
20,1854042.0000002338
