Run,Cost
1,1876970.9999994785
2,1878135.999999804
3,1883118.9999999136
4,1936015.000000248
5,1951704.0000007492
6,1877802.999999601
7,1910906.9999995264
8,1877295.99999936
9,1869589.0000001863
10,1887171.9999991837
11,1877389.0000002007
12,1856744.9999995513
13,1863619.0000000873
14,1858588.9999997255
15,1919660.0000001062
16,1858504.000000977
17,1872315.999999306
18,1879917.9999991052
19,1894022.9999997844
20,1895901.000000862
