Run,Cost
1,137841.00000003763
2,137841.00000008772
3,137477.99999998987
4,137477.99999995556
5,137477.9999999609
6,137478.00000007058
7,137840.99999999654
8,137840.9999999537
9,137840.99999997078
10,137477.9999999512
11,137840.99999983725
12,137477.99999993504
13,137840.99999995946
14,137478.0000000398
15,137477.9999999536
16,137477.9999999911
17,137478.00000001665
18,137840.99999998775
19,137478.0000000229
20,137840.99999990783
