Run,Cost
1,1249.999999971293
2,1250.0000000323623
3,1256.9999999955915
4,1262.9999999972447
5,1230.9999999892252
6,1210.000000021076
7,1211.9999999969507
8,1255.9999999987
9,1263.000000008021
10,1211.0000000046389
11,1231.999999980763
12,1223.0000000178684
13,1210.9999999768932
14,1219.000000012258
15,1252.0000000559814
16,1261.9999999959325
17,1210.9999999991132
18,1237.0000000104951
19,1230.9999999900338
20,1249.0000000011166
