Run,Cost
1,5987.000000056541
2,6128.000000174371
3,6330.999999970021
4,6162.000000019677
5,6154.0000000641985
6,5915.00000008023
7,6329.999999906022
8,5771.999999886401
9,5939.0000000032505
10,6027.000000029043
11,5770.999999863842
12,5737.000000018197
13,6147.999999979273
14,6194.000000030953
15,6043.999999973791
16,6172.9999999564425
17,5951.000000000304
18,5910.0000000611635
19,6068.9999999585125
20,6138.000000056159
