Run,Cost
1,1131.9999999914537
2,1092.0000000120688
3,1071.0000000262764
4,1198.9999999997342
5,1171.0000000075609
6,1123.0000000150037
7,1147.9999999928395
8,1075.0000000106118
9,1177.999999972137
10,1115.0000000012549
11,1131.0000000271675
12,1080.0000000004889
13,1128.0000000144191
14,1093.9999999989525
15,1141.9999999931722
16,1173.9999999694523
17,1134.0000000452335
18,1105.0000000140572
19,1096.0000000099847
20,1149.0000000053044
