Run,Cost
1,3138.000000076914
2,3339.0000000202504
3,3358.0000000008304
4,3170.9999999354663
5,2765.000000065063
6,3021.9999999729807
7,3114.0000000721684
8,3123.0000000495024
9,3195.000000004728
10,3403.0000000283367
11,3249.000000054861
12,3240.999999942867
13,3375.999999995888
14,3132.9999999594816
15,2993.0000000673704
16,3239.000000106036
17,3197.0000000483496
18,3142.0000000332516
19,3353.0000000306086
20,3205.000000050816
