Run,Cost
1,3544.99999999362
2,3632.999999979998
3,3548.000000007661
4,3548.9999999262486
5,3538.0000000638797
6,3572.9999999252173
7,3574.9999999801407
8,3630.0000001007134
9,3556.9999999769557
10,3584.00000002016
11,3534.000000082855
12,3580.9999999783277
13,3577.999999939322
14,3562.0000000084415
15,3581.0000000500677
16,3562.999999986466
17,3558.000000000756
18,3556.9999999198453
19,3557.0000000238856
20,3573.00000004076
