Run,Cost
1,518673.0000000509
2,524842.0000001817
3,518673.00000002986
4,524842.0000002147
5,524111.00000023376
6,518377.0000002856
7,524110.999999842
8,524841.9999999898
9,524110.9999999074
10,524842.0000003355
11,524841.9999999558
12,518673.0000001628
13,517996.9999999059
14,524841.9999997708
15,524841.9999998616
16,518377.0000001803
17,517349.0000000325
18,524841.9999998588
19,524842.0000000664
20,524841.9999998718
