Run,Cost
1,0.3029425547017046
2,0.30294252429494106
3,0.3029425494991981
4,0.3029425658094137
5,0.3029425803465235
6,0.30294256255298013
7,0.3029425767606817
8,0.30294254797477055
9,0.30294256411638787
10,0.3029425419504063
11,0.3029425379693464
12,0.30294256434100203
13,0.3029425658125097
14,0.30294254169844576
15,0.3029425555939413
16,0.3029425457355122
17,0.30294255746795906
18,0.30294256021372357
19,0.3029425768667056
20,0.302942581450642
