Run,Cost
1,0.6131013809232652
2,0.613101419548975
3,0.613101405731641
4,0.6131013859697055
5,0.6131014069147956
6,0.6131013901541275
7,0.613101384017732
8,0.6131013828308908
9,0.6131014081098183
10,0.6131014090896655
11,0.6131014008050278
12,0.613101413099908
13,0.613101383359095
14,0.6131014243357793
15,0.6131013962859453
16,0.6131013865498102
17,0.6131013973562237
18,0.6131013806038289
19,0.6131013910671506
20,0.6131014080346002
