Run,Cost
1,0.46704468997840626
2,0.4670447006437611
3,0.46704471335549325
4,0.46704471641552414
5,0.4670446998784444
6,0.4670447143754207
7,0.4670446982868102
8,0.46704470356185473
9,0.46704471017115323
10,0.4670446973288859
11,0.4670447114476899
12,0.46704471529225067
13,0.4670447011408705
14,0.4670446933651384
15,0.46704471573391004
16,0.46704471378943685
17,0.46704470817776467
18,0.4670447024786801
19,0.46704471206252923
20,0.46704470007904075
