Run,Cost
1,0.5243272929464554
2,0.5243272962052363
3,0.5243272864382393
4,0.5243272981183268
5,0.5243272893608965
6,0.5243272820051793
7,0.5243272662974359
8,0.5243272809888299
9,0.5243273032015067
10,0.5243272740443313
11,0.524327288362338
12,0.5243272905638895
13,0.5243272922913154
14,0.5243272923955744
15,0.5243272890718036
16,0.5243272955100563
17,0.5243273146172391
18,0.5243272880932457
19,0.5243272778102774
20,0.5243272981340877
