Run,Cost
1,39.00000001867695
2,42.000000016249565
3,40.00000002169266
4,49.0000000097293
5,42.000000019248795
6,40.00000001608067
7,42.00000001367782
8,47.00000001327655
9,44.0000000121024
10,41.00000001586413
11,41.00000002613949
12,45.00000001570325
13,41.00000001821581
14,43.00000001895015
15,47.00000000632311
16,44.00000001427419
17,41.00000001342136
18,47.00000001907532
19,43.00000002020503
20,43.000000018347436
