Run,Cost
1,144.00000001276598
2,136.99999999515043
3,143.99999999733416
4,143.9999999973175
5,152.00000002251738
6,152.00000001004466
7,144.00000003417674
8,137.00000000085927
9,136.99999999124313
10,140.00000001487805
11,143.999999980411
12,137.00000000738217
13,143.99999999417494
14,144.0000000017864
15,136.99999999619115
16,139.999999997259
17,139.99999999049987
18,143.9999999925624
19,137.00000000201462
20,144.0000000027862
