Run,Cost
1,91.00000000109185
2,89.9999999894968
3,91.00000000375053
4,90.99999999502546
5,90.00000000008464
6,89.99999999957123
7,90.99999999843813
8,90.99999999786763
9,90.99999999810927
10,90.00000000898429
11,91.00000000337532
12,90.9999999976191
13,91.00000000250948
14,90.00000001999085
15,91.00000000023373
16,91.00000000731843
17,89.99999999382966
18,91.00000001464687
19,90.00000000123097
20,90.00000000253294
