Run,Cost
1,52.9999999997111
2,51.00000000739185
3,52.99999999000625
4,52.00000000339903
5,51.00000000477072
6,53.00000000632236
7,51.00000000350093
8,52.99999999935459
9,52.00000000013322
10,50.000000008145214
11,51.000000004289895
12,52.000000000909296
13,53.0000000058746
14,52.000000003984574
15,52.00000000716289
16,52.000000005752106
17,53.00000000231815
18,55.00000000117872
19,53.00000000399029
20,53.00000000128607
