Run,Cost
1,81.00000000617698
2,80.0000000247003
3,83.00000001828889
4,77.00000001315638
5,78.0000000166248
6,75.00000003020861
7,80.0000000230703
8,81.00000001668757
9,89.00000001923344
10,81.00000002029589
11,76.00000002539801
12,90.00000002237839
13,80.00000001461457
14,88.00000001774687
15,79.00000001430915
16,89.00000002025646
17,89.00000002727869
18,77.0000000317204
19,91.00000001360135
20,81.0000000157501
