Run,Cost
1,64.00000001382695
2,63.000000026068
3,56.00000002463822
4,58.000000025802606
5,60.00000002074243
6,58.0000000263911
7,63.00000000910327
8,63.00000002351954
9,60.000000020939915
10,66.00000002096469
11,60.000000023812674
12,64.00000003027135
13,69.00000001703103
14,64.00000001810191
15,71.00000001235875
16,62.00000003660169
17,66.00000000865859
18,64.00000002863499
19,60.00000001836028
20,64.00000001949401
