Run,Cost
1,254.00000003897722
2,253.99999998234608
3,254.00000000384293
4,254.00000000949188
5,253.9999999925173
6,254.0000000075844
7,253.9999999780485
8,254.00000001674996
9,253.9999999822977
10,254.00000000025503
11,253.99999998376816
12,254.00000000134298
13,254.00000001786654
14,253.99999998798208
15,254.00000000348132
16,254.00000003034324
17,254.00000002420137
18,254.00000000825554
19,253.99999999491158
20,254.00000000262554
