Run,Cost
1,72.99999999922258
2,72.99999999017254
3,72.99999999912741
4,72.99999999488466
5,73.00000000801276
6,73.00000001354101
7,73.00000000565403
8,73.00000000547408
9,72.99999999975088
10,72.99999999938532
11,73.00000000343309
12,73.00000000056954
13,72.99999999902856
14,72.99999999080222
15,73.00000000573203
16,73.00000001012222
17,72.99999999546904
18,73.00000000181308
19,73.00000000707927
20,72.99999999307481
