Run,Cost
1,135.9999999987611
2,127.0000000057934
3,149.00000000262338
4,137.00000002546335
5,130.00000000053095
6,117.00000001675328
7,128.0000000254894
8,144.9999999950848
9,127.00000000775404
10,109.00000000212586
11,136.00000001225632
12,148.00000000609685
13,133.00000000686265
14,133.00000002062114
15,117.00000000518453
16,148.00000000453244
17,145.00000000204992
18,128.0000000172273
19,126.0000000170659
20,141.99999999164785
