Run,Cost
1,253.99999996996982
2,254.00000000124575
3,248.99999999986719
4,251.99999996431916
5,254.00000001836094
6,253.9999999630502
7,250.00000001131946
8,254.00000000260866
9,254.00000002186889
10,253.99999999917404
11,254.00000003808296
12,251.00000001222784
13,254.00000000022644
14,253.99999997821598
15,248.9999999822494
16,253.9999999914654
17,253.99999996689664
18,250.00000000372413
19,252.00000001523702
20,250.00000002405096
