Run,Cost
1,66.00000000230001
2,64.00000000265402
3,65.0000000012376
4,66.00000000071745
5,67.00000000139522
6,64.00000001352444
7,64.99999999527724
8,66.00000000501036
9,63.99999999711933
10,68.0000000030561
11,65.00000000398161
12,65.9999999960772
13,65.0000000023554
14,65.00000000055128
15,67.00000000669324
16,64.00000000837544
17,63.99999999540316
18,66.0000000003825
19,67.00000001005462
20,66.00000001152803
