Run,Cost
1,83.00000001713407
2,81.00000002230236
3,79.00000002249124
4,67.00000002394788
5,81.00000002859184
6,77.00000002509474
7,85.00000001985104
8,80.00000002034004
9,76.0000000318374
10,78.00000002379241
11,79.00000003449986
12,76.00000002248679
13,79.00000001691767
14,80.000000019477
15,76.00000002066156
16,85.0000000215367
17,84.00000001738611
18,83.00000002517844
19,71.00000002803647
20,80.00000002767685
