Run,Cost
1,95.0000000279124
2,123.00000001754427
3,111.00000003326133
4,113.00000001465584
5,110.00000003191226
6,126.00000001653672
7,106.0000000291857
8,112.00000002534071
9,106.00000002959702
10,117.00000000833401
11,117.00000001218645
12,113.00000001594651
13,124.99999999673199
14,111.00000001677543
15,109.00000001917303
16,117.00000003591047
17,113.00000002366303
18,105.00000001202821
19,125.00000002128583
20,109.00000002601126
