Run,Cost
1,181.00000000016743
2,181.00000000453335
3,180.9999999868438
4,181.00000001916456
5,175.99999997897243
6,180.00000001358794
7,174.99999998449843
8,180.00000001941342
9,180.00000001573022
10,183.00000002104645
11,180.99999999447093
12,174.99999999226168
13,176.00000000233504
14,182.9999999879848
15,175.99999999321204
16,179.99999999215436
17,175.00000003157498
18,181.00000000923893
19,181.0000000307089
20,181.0000000288234
