Run,Cost
1,174.00000001208795
2,174.00000001196582
3,154.99999999757918
4,164.0000000028837
5,161.00000003374322
6,157.00000001424004
7,168.99999999944464
8,171.00000001063256
9,162.00000001910874
10,165.00000001895094
11,167.000000015702
12,160.00000000342763
13,164.00000002040966
14,152.99999999884287
15,158.00000000057582
16,165.00000001778992
17,155.00000002298404
18,164.00000001070595
19,171.00000000889983
20,158.0000000356894
