Run,Cost
1,138.00000000748219
2,137.99999999884062
3,142.0000000169641
4,138.00000001696475
5,138.00000000456612
6,138.0000000098608
7,138.0000000019414
8,137.9999999976175
9,138.0000000100753
10,137.99999998485706
11,138.0000000045548
12,138.0000000235129
13,144.00000001389566
14,139.99999999444773
15,138.00000001923738
16,139.9999999901786
17,137.999999986263
18,142.00000000881846
19,142.00000000078768
20,137.9999999996284
