Run,Cost
1,88.99999999205286
2,93.00000000103884
3,88.99999999826727
4,90.00000000437898
5,93.00000000740984
6,93.00000001294278
7,88.00000000035834
8,92.99999999878847
9,91.0000000028538
10,92.00000001960251
11,91.99999999501934
12,90.00000000191622
13,88.99999999370877
14,91.00000000327546
15,89.0000000058375
16,93.00000000122198
17,93.00000000102752
18,90.00000000435399
19,93.00000000324108
20,91.99999999130821
