Run,Cost
1,53.000000018865336
2,52.00000002124992
3,49.00000002396946
4,52.00000002748675
5,56.00000001804177
6,55.00000002343576
7,49.00000001712106
8,51.000000024510506
9,50.00000002759499
10,53.00000001934806
11,50.00000002333491
12,58.00000001700119
13,57.00000002338117
14,51.00000001937405
15,59.00000001615127
16,51.000000022075824
17,53.00000001875033
18,50.00000002470179
19,58.00000001977241
20,58.00000002777736
