Run,Cost
1,224.99999999532108
2,233.9999999988616
3,232.0000000051967
4,216.00000002094504
5,213.99999999110995
6,202.00000004345347
7,194.0000000139695
8,226.00000002526969
9,232.00000000516405
10,218.0000000279028
11,221.0000000422509
12,188.0000000389809
13,228.99999998817404
14,189.99999999667946
15,212.0000000088813
16,238.00000000974535
17,193.00000004327381
18,233.00000003105995
19,197.0000000229856
20,230.0000000530851
