Run,Cost
1,491.0000000527004
2,490.99999997663593
3,491.0000000361997
4,491.0000000540545
5,490.99999997898254
6,490.9999999704795
7,491.00000005064976
8,491.0000000140958
9,491.0000000041659
10,490.9999999897779
11,490.99999998112014
12,491.0000000160402
13,490.999999982205
14,491.00000002087955
15,490.99999997131533
16,491.00000003167617
17,490.9999999958679
18,491.00000003475645
19,490.99999998614356
20,491.0000000311236
