Run,Cost
1,82.00000000950821
2,83.0000000027811
3,82.00000001161587
4,84.00000000191841
5,82.99999998842713
6,84.99999999867893
7,82.00000000564627
8,82.99999999961422
9,82.00000000079912
10,81.00000001434805
11,82.99999999895509
12,84.00000000732099
13,83.00000000832682
14,85.00000000571379
15,85.00000000797934
16,82.00000000771362
17,85.00000000724722
18,86.00000001288933
19,82.9999999987849
20,81.00000000725511
