Run,Cost
1,243.00000002246944
2,242.99999998771528
3,242.9999999954754
4,243.00000001485986
5,246.999999983165
6,242.99999999625098
7,242.99999997531512
8,242.99999998146527
9,242.9999999885409
10,243.00000003495393
11,243.00000000938698
12,247.00000000381834
13,246.99999999597915
14,242.99999998174954
15,243.000000007863
16,246.9999999918189
17,243.00000000371006
18,243.0000000039994
19,243.00000000321117
20,246.9999999978484
