Run,Cost
1,91.00000002971139
2,109.00000003448055
3,97.00000002578513
4,106.00000003288113
5,103.0000000205404
6,89.00000002702157
7,100.00000001960032
8,98.00000002459585
9,92.00000004010118
10,91.00000003198895
11,94.00000001552002
12,96.00000003607896
13,94.00000002834405
14,88.00000003673057
15,93.00000001882545
16,93.00000003778553
17,94.00000003078546
18,98.00000001697626
19,96.00000002942755
20,94.00000002830771
