Run,Cost
1,489.99999999345124
2,491.00000005526675
3,491.0000000065459
4,491.0000000124805
5,490.0000000151626
6,490.99999998240656
7,490.9999999894316
8,490.9999999906028
9,490.00000002400066
10,491.0000000117252
11,490.00000001126523
12,491.00000001342187
13,490.9999999902074
14,489.9999999884656
15,491.00000001268364
16,490.00000001339185
17,490.99999995352385
18,490.9999999936519
19,491.0000000118766
20,484.9999999992212
