Run,Cost
1,154.00000000065126
2,155.00000000187933
3,159.00000001062202
4,154.00000000772107
5,158.00000000102895
6,157.0000000046503
7,158.9999999828698
8,157.99999999345712
9,153.99999999832556
10,156.00000000215218
11,156.00000000712336
12,158.99999999716297
13,160.0000000051798
14,159.0000000044404
15,156.99999999321625
16,156.0000000196506
17,157.00000001135643
18,155.00000001421478
19,157.99999998700864
20,159.99999999912836
