Run,Cost
1,71.00000002995313
2,69.00000003385614
3,77.0000000308433
4,70.00000002381931
5,73.00000002749624
6,76.00000001134292
7,72.00000003304918
8,75.00000002715416
9,76.00000003046947
10,63.000000028781564
11,65.00000003504438
12,65.00000002204648
13,70.00000002844031
14,67.00000003222551
15,60.000000033568575
16,69.00000003348019
17,67.00000002843892
18,70.00000002748752
19,69.0000000154861
20,80.00000002677707
