Run,Cost
1,158.0000000486609
2,174.0000000585229
3,186.00000001652563
4,176.00000002142335
5,178.0000000384451
6,174.00000003649862
7,148.0000000299665
8,164.00000003330106
9,172.00000004299505
10,174.00000003917836
11,169.00000003841166
12,166.00000003996877
13,187.00000002404957
14,173.0000000067718
15,167.00000004080545
16,174.0000000415924
17,176.00000001393892
18,184.000000030134
19,169.00000001690245
20,145.0000000402127
