Run,Cost
1,657.0000000120607
2,657.0000000214498
3,657.0000000117296
4,656.9999999739583
5,657.000000013464
6,657.0000000182889
7,657.0000000350432
8,657.0000000163645
9,657.0000000126527
10,657.0000000254596
11,656.9999999885019
12,657.0000000050862
13,657.0000000424645
14,657.0000000183276
15,656.9999999934339
16,656.9999999739211
17,656.9999999899002
18,657.0000000030212
19,657.0000000032601
20,656.9999999976861
