Run,Cost
1,85.00000003164968
2,87.00000003808914
3,86.00000003322113
4,75.00000003697097
5,81.00000003385799
6,86.00000002986765
7,91.00000003056495
8,77.00000004061962
9,83.00000002978224
10,84.00000003608474
11,78.00000002623227
12,80.00000002899526
13,80.00000003737506
14,88.0000000314118
15,85.00000003543774
16,80.00000003476669
17,85.00000002929357
18,80.00000003666642
19,78.00000003617038
20,77.00000004075575
