Run,Cost
1,290.99999999805675
2,261.0000000193478
3,263.00000001631486
4,249.00000000396795
5,269.99999999782267
6,244.000000034075
7,263.0000000135137
8,258.0000000379874
9,281.99999999017274
10,243.00000002886406
11,251.00000000558845
12,260.000000051597
13,280.0000000168676
14,291.9999999848048
15,267.99999999969054
16,255.00000000585146
17,274.00000002808645
18,256.0000000303961
19,283.999999995668
20,292.00000001320797
