Run,Cost
1,116.00000003878144
2,110.00000003860636
3,118.00000003168398
4,123.00000004185179
5,109.00000004382362
6,107.00000003964746
7,112.00000003194765
8,114.00000003043388
9,128.00000003256892
10,122.00000003093132
11,109.00000004179266
12,118.00000002865347
13,109.00000003532914
14,115.00000002374063
15,119.00000001874959
16,109.00000003994745
17,115.0000000432885
18,103.00000003271863
19,116.00000002481094
20,111.00000002404195
