Run,Cost
1,284.9999999925599
2,283.0000000051202
3,272.00000000589364
4,279.0000000160061
5,287.00000001257314
6,287.00000000825287
7,285.0000000156811
8,268.99999999039
9,287.0000000456035
10,278.99999999464615
11,286.0000000038667
12,282.9999999897762
13,279.000000017575
14,276.9999999852248
15,285.0000000329813
16,285.0000000192604
17,283.0000000244761
18,282.9999999841194
19,279.99999995046653
20,279.99999999464507
