Run,Cost
1,144.9999999943517
2,141.99999997955376
3,141.0000000043278
4,143.00000000167014
5,141.00000001446168
6,144.99999999035333
7,139.99999999897443
8,145.0000000068801
9,140.99999998612765
10,142.99999999587735
11,141.00000000261772
12,144.99999999430844
13,145.99999999129068
14,146.0000000051129
15,147.0000000049554
16,145.9999999980208
17,142.99999999148127
18,145.00000000946994
19,143.00000000437802
20,145.9999999974983
