Run,Cost
1,88.00000000045931
2,99.0000000086051
3,92.9999999885322
4,87.00000001905116
5,93.00000000446424
6,96.00000001225925
7,97.99999999279002
8,96.00000000476574
9,96.00000000003466
10,92.00000000675021
11,94.00000001048636
12,96.9999999937024
13,88.00000000412282
14,95.00000000760643
15,93.99999999573939
16,95.99999999660992
17,91.00000000052486
18,94.00000000452833
19,99.00000000057634
20,93.0000000023279
