Run,Cost
1,657.0000000039648
2,657.0000000655886
3,656.9999999904371
4,641.0000000191709
5,656.9999999874882
6,652.0000000230382
7,656.999999910256
8,657.0000001024002
9,656.9999999753645
10,657.0000000216024
11,656.999999998729
12,657.0000000040682
13,657.0000000409927
14,656.9999999877009
15,641.0000000037236
16,657.0000000374876
17,656.9999999963918
18,656.9999999767143
19,652.000000004951
20,657.0000000083859
