Run,Cost
1,1100.000000004501
2,1099.9999999876543
3,1099.999999995234
4,1099.9999999987863
5,1099.999999999893
6,1100.0000000001241
7,1099.9999999982388
8,1100.0000000028335
9,1100.0000000061207
10,1100.000000008885
11,1100.0000000048644
12,1100.0000000063203
13,1100.0000000008747
14,1100.0000000042091
15,1099.9999999959284
16,1099.9999999843753
17,1099.9999999995769
18,1099.9999999930076
19,1100.0000000071918
20,1100.00000000497
