Run,Cost
1,399.99999999704227
2,400.00000000312957
3,399.9999999887858
4,400.0000000048466
5,399.9999999976752
6,400.000000003051
7,399.99999999970186
8,399.99999999258006
9,399.99999999850235
10,400.00000000182405
11,399.99999999663635
12,400.00000000264924
13,400.00000000112044
14,399.9999999993181
15,400.00000000447716
16,400.00000000208706
17,399.9999999923696
18,399.999999997708
19,400.00000000541576
20,400.00000000163294
