Run,Cost
1,600.000000002609
2,600.0000000037559
3,599.9999999908902
4,599.9999999995782
5,600.0000000017225
6,600.0000000040468
7,599.999999995921
8,600.000000000214
9,600.0000000023487
10,600.0000000041223
11,600.0000000017862
12,600.000000010191
13,600.0000000002113
14,600.0000000005863
15,600.0000000098396
16,599.9999999984808
17,600.0000000014044
18,599.9999999969285
19,600.0000000052903
20,599.9999999985732
