Run,Cost
1,9999.99999997624
2,9999.999999975407
3,9999.999999994845
4,10000.000000028407
5,10000.000000096838
6,10000.000000023165
7,10000.000000036402
8,9999.999999973024
9,10000.000000018628
10,10000.000000009848
11,10000.000000012993
12,9999.999999978898
13,10000.000000046568
14,10000.000000039212
15,10000.00000007357
16,9999.999999995793
17,9999.999999981472
18,10000.000000006105
19,10000.000000005939
20,9999.99999999808
