Run,Cost
1,10699.999999958076
2,10699.99999997786
3,10699.999999976839
4,10699.99999998513
5,10700.000000002408
6,10700.000000007554
7,10699.999999957725
8,10700.000000028744
9,10700.000000007596
10,10699.999999969994
11,10699.99999999332
12,10699.99999998592
13,10700.000000051235
14,10700.00000005688
15,10700.0000000206
16,10699.999999922546
17,10699.99999995944
18,10699.999999990621
19,10699.999999954614
20,10699.999999939579
