Run,Cost
1,2625.000000002919
2,2625.000000008299
3,2624.9999999995935
4,2625.0000000110304
5,2624.9999999936194
6,2624.999999990131
7,2624.9999999997353
8,2624.999999996573
9,2625.0000000107298
10,2625.000000001185
11,2625.000000007215
12,2624.9999999945576
13,2624.999999993808
14,2624.9999999966344
15,2625.0000000031605
16,2624.999999992512
17,2624.9999999990387
18,2625.0000000066952
19,2624.9999999952556
20,2624.9999999947195
