Run,Cost
1,11699.99999997177
2,11699.999999965485
3,11700.000000072181
4,11699.999999927182
5,11700.000000025353
6,11700.000000018028
7,11699.999999968655
8,11699.999999944854
9,11699.999999985806
10,11700.000000053236
11,11700.000000056067
12,11700.000000013462
13,11699.99999999459
14,11700.000000010601
15,11700.000000000038
16,11700.000000027465
17,11699.999999980115
18,11699.999999959178
19,11699.999999979756
20,11700.000000049742
