Run,Cost
1,1649.999999991598
2,1650.0000000056552
3,1649.999999997621
4,1650.0000000058487
5,1650.0000000075065
6,1650.0000000113432
7,1650.0000000035127
8,1649.9999999959625
9,1650.0000000036707
10,1650.0000000086632
11,1650.0000000016905
12,1649.9999999918948
13,1650.0000000057917
14,1650.000000005153
15,1650.0000000072816
16,1649.999999998743
17,1649.9999999836343
18,1650.0000000005757
19,1649.9999999930887
20,1649.9999999946692
