Run,Cost
1,3150.00000000065
2,3149.999999999597
3,3150.0000000012046
4,3149.999999994476
5,3149.999999997313
6,3150.0000000004047
7,3149.9999999937254
8,3149.9999999937536
9,3150.0000000004757
10,3150.00000000598
11,3150.0000000014184
12,3149.999999991954
13,3150.0000000033174
14,3149.999999996626
15,3150.000000003674
16,3150.0000000129435
17,3150.0000000061195
18,3150.000000004481
19,3149.999999998856
20,3149.999999989546
