Run,Cost
1,2100.000000008736
2,2100.0000000041473
3,2100.000000006189
4,2099.9999999937827
5,2099.999999993787
6,2099.999999985698
7,2099.9999999922356
8,2099.9999999991055
9,2099.9999999920346
10,2099.9999999986367
11,2100.000000002125
12,2099.999999996181
13,2099.9999999913207
14,2100.0000000041473
15,2100.0000000031496
16,2099.9999999979245
17,2099.9999999981746
18,2100.000000002649
19,2100.0000000020195
20,2100.0000000028017
