Run,Cost
1,499.999999997542
2,499.9999999939641
3,500.00000000481776
4,500.0000000031587
5,499.9999999984409
6,499.9999999881543
7,499.99999999639425
8,499.9999999931788
9,499.99999999915246
10,499.99999998864575
11,499.99999999731625
12,499.99999999487096
13,499.9999999977631
14,499.99999999272507
15,500.0000000030667
16,500.0000000129961
17,499.99999999425194
18,500.00000000273866
19,499.9999999927592
20,500.0000000036299
