Run,Cost
1,1050.0000000046662
2,1049.9999999943716
3,1050.0000000135578
4,1050.000000003702
5,1049.9999999969616
6,1049.9999999840607
7,1049.9999999908516
8,1050.0000000131429
9,1049.9999999951817
10,1050.000000004437
11,1049.9999999946003
12,1049.9999999826161
13,1049.9999999890165
14,1049.9999999970073
15,1050.0000000025348
16,1050.0000000120644
17,1050.0000000073317
18,1049.9999999981478
19,1049.9999999916922
20,1049.9999999982608
