Run,Cost
1,524.999999998353
2,525.0000000002863
3,525.0000000008799
4,524.9999999933651
5,525.0000000000222
6,525.0000000026403
7,524.9999999965969
8,524.9999999979872
9,525.0000000008826
10,525.0000000011759
11,525.0000000003614
12,524.9999999955904
13,524.9999999997218
14,525.00000000219
15,524.9999999995842
16,524.9999999998713
17,525.0000000041738
18,524.9999999997694
19,525.0000000011925
20,524.9999999954308
