Run,Cost
1,800.0000000008298
2,800.0000000091958
3,799.9999999937171
4,800.0000000072914
5,800.0000000068237
6,799.9999999897088
7,799.9999999928739
8,800.0000000077871
9,799.9999999981189
10,799.9999999870976
11,799.999999985694
12,800.0000000047999
13,800.000000003711
14,799.9999999936581
15,799.9999999958982
16,800.000000002909
17,800.0000000056849
18,800.0000000086723
19,800.0000000308751
20,800.0000000002149
