Run,Cost
1,274.9999999981205
2,274.999999997073
3,275.000000002043
4,274.99999999980594
5,275.00000000045526
6,274.9999999981217
7,274.999999995757
8,274.99999999517325
9,274.9999999978933
10,274.9999999970129
11,275.00000000064745
12,274.9999999960811
13,275.00000000810564
14,275.000000000087
15,274.9999999983853
16,274.9999999991228
17,275.0000000013468
18,274.99999999959067
19,274.99999999878673
20,275.0000000030243
