Run,Cost
1,100.0000000048623
2,100.00000000523825
3,99.99999999886673
4,99.99999999848187
5,99.99999999358998
6,100.00000000046776
7,99.99999999774319
8,99.99999999693259
9,100.0000000013571
10,100.00000000350335
11,99.9999999993571
12,99.99999999660136
13,99.99999999810045
14,99.99999999915663
15,99.99999999884572
16,99.99999999727888
17,100.00000000583955
18,99.99999999889577
19,100.000000002144
20,99.99999999856604
