Run,Cost
1,2850.000000015383
2,2849.9999999868314
3,2850.0000000195178
4,2849.999999971074
5,2850.000000002959
6,2850.000000038384
7,2850.0000000113496
8,2850.000000020142
9,2849.999999981897
10,2849.999999984214
11,2849.9999999883394
12,2849.999999990232
13,2849.999999996849
14,2850.000000000215
15,2850.0000000531795
16,2850.000000028959
17,2850.000000011784
18,2850.00000000289
19,2849.999999972371
20,2850.0000000434566
