Run,Cost
1,1049.9999999998818
2,1050.0000000096563
3,1049.9999999989727
4,1049.9999999988609
5,1050.0000000084033
6,1050.000000005222
7,1050.0000000050056
8,1050.000000004403
9,1050.0000000043437
10,1049.999999997628
11,1050.000000004492
12,1050.000000004554
13,1050.0000000029836
14,1049.9999999945683
15,1050.0000000031907
16,1050.0000000031432
17,1049.9999999980528
18,1049.9999999950228
19,1050.000000001564
20,1050.0000000018536
