Run,Cost
1,3349.9999999938414
2,3349.999999996614
3,3350.0000000403948
4,3350.0000000078185
5,3350.000000017564
6,3349.9999999881475
7,3350.000000031539
8,3349.999999996366
9,3350.0000000398627
10,3350.0000000219375
11,3349.9999999611687
12,3349.9999999999145
13,3350.0000000057757
14,3349.999999977225
15,3350.000000009945
16,3350.000000020993
17,3350.0000000067375
18,3349.999999990361
19,3349.9999999912784
20,3350.0000000563114
