Run,Cost
1,549.9999999958427
2,550.0000000082118
3,549.9999999975452
4,549.9999999952324
5,549.999999995957
6,550.000000001235
7,550.0000000010286
8,550.0000000021787
9,549.9999999953368
10,550.000000000205
11,550.0000000069889
12,549.9999999974349
13,550.0000000046953
14,550.000000006345
15,550.0000000018125
16,549.9999999970836
17,550.0000000014135
18,550.0000000009677
19,550.0000000072861
20,549.9999999998962
