Run,Cost
1,2499.999999988877
2,2499.9999999788697
3,2499.9999999953857
4,2500.000000046862
5,2500.000000016356
6,2500.000000002687
7,2499.9999999831784
8,2499.999999998884
9,2500.0000000198966
10,2499.999999999611
11,2499.9999999800357
12,2499.9999999785277
13,2499.9999999953557
14,2499.999999974454
15,2500.000000003482
16,2500.0000000491377
17,2500.0000000174055
18,2499.9999999952965
19,2500.000000033069
20,2499.999999978338
