Run,Cost
1,6899.999999999713
2,6899.9999999760885
3,6899.999999942615
4,6900.0000000286045
5,6900.0000000092905
6,6900.000000006362
7,6900.000000005958
8,6900.000000013916
9,6899.999999990839
10,6900.000000017212
11,6900.000000036316
12,6899.999999979978
13,6900.000000022644
14,6900.00000003787
15,6900.000000019527
16,6900.000000021664
17,6899.9999999744805
18,6900.000000049244
19,6900.0000000353175
20,6900.000000043586
