Run,Cost
1,824.9999999913416
2,825.0000000020366
3,824.9999999897243
4,825.0000000026298
5,825.0000000017214
6,825.0000000049162
7,825.0000000014549
8,824.9999999954209
9,825.000000004482
10,825.0000000052474
11,825.000000000197
12,825.0000000096453
13,824.999999994579
14,825.0000000022981
15,825.0000000071656
16,825.000000002824
17,825.0000000023251
18,824.9999999953542
19,825.0000000036567
20,824.9999999962291
