Run,Cost
1,300.00000000105916
2,300.00000000927616
3,299.9999999947616
4,300.00000001042736
5,299.9999999983639
6,300.00000000211753
7,300.0000000015487
8,299.99999999440456
9,299.99999999460607
10,300.0000000028611
11,299.99999999134604
12,300.0000000061837
13,300.0000000030841
14,299.9999999950141
15,299.99999999753214
16,300.0000000047382
17,299.99999999637447
18,300.0000000017283
19,300.0000000047002
20,299.9999999995611
