Run,Cost
1,1575.0000000030884
2,1575.0000000018633
3,1574.999999999535
4,1575.0000000039288
5,1575.000000003633
6,1575.0000000034129
7,1574.9999999934225
8,1575.0000000026391
9,1575.0000000017974
10,1575.0000000087546
11,1575.0000000053737
12,1574.9999999975785
13,1574.9999999975626
14,1575.000000002243
15,1575.0000000005728
16,1574.9999999999873
17,1574.9999999957363
18,1575.0000000030482
19,1575.0000000000132
20,1574.9999999950112
