Category,Mean_Instance_Improvement
knott-3d-150,0.12611333414522333
knott-3d-300,0.02409059827584956
knott-3d-450,-0.013494460332167012
