Run,Cost
1,5990.062792870188
2,5990.062792906014
3,5990.062792935692
4,5990.0627928650765
5,5990.062792862726
6,5990.062792878181
7,5990.062792847278
8,5990.062792907914
9,5990.062792889325
10,5990.0627928851145
11,5990.062792887968
12,5990.062792866396
13,5990.06279285937
14,5990.062792893876
15,5990.0627928784215
16,5990.062792892072
17,5990.06279290628
18,5990.062792914866
19,5990.062792889866
20,5990.062792914253
