Run,Cost
1,4145.982447118464
2,4145.98244714527
3,4145.982447131962
4,4145.982447136247
5,4145.982447117227
6,4145.982447087229
7,4145.9824471082175
8,4145.982447124523
9,4145.982447129024
10,4145.982447113065
11,4145.982447140511
12,4145.98244717089
13,4145.982447132538
14,4145.98244716158
15,4145.98244710766
16,4145.9824471206775
17,4145.982447108252
18,4145.982447137983
19,4145.982447118059
20,4145.982447140806
