Run,Cost
1,5775.19409406536
2,5775.194094080103
3,5775.19409405839
4,5775.194094035446
5,5775.194094134089
6,5775.194094069283
7,5775.194094077947
8,5775.194094023688
9,5775.19409403801
10,5775.194094060299
11,5775.194094049131
12,5775.194094050979
13,5775.194094061091
14,5775.1940940373015
15,5775.194094050738
16,5775.194094034952
17,5775.194094049076
18,5775.194094042231
19,5775.194094080088
20,5775.194094091408
