Run,Cost
1,5983.872102165992
2,5983.872102148486
3,5983.87210217829
4,5983.872102166407
5,5983.872102064782
6,5983.872102091231
7,5983.872102200988
8,5983.872102140049
9,5983.872102112471
10,5983.8721021355805
11,5983.8721021506
12,5983.872102164968
13,5983.872102150042
14,5983.872102191849
15,5983.872102167751
16,5983.872102101545
17,5983.872102124591
18,5983.872102091328
19,5983.872102142947
20,5983.872102183423
