Run,Cost
1,12693.973025993597
2,12693.9730260644
3,12693.97302602333
4,12693.973026035183
5,12693.973026001091
6,12693.973025994894
7,12693.973026066787
8,12693.973026008738
9,12693.973026094322
10,12693.973026025848
11,12693.973026019763
12,12693.973026008409
13,12693.973026048805
14,12693.973026047395
15,12693.973026042133
16,12693.973026060406
17,12693.97302606423
18,12693.973026052554
19,12693.973026086262
20,12693.97302605931
