Run,Cost
1,4629.4768070710015
2,4629.476807077285
3,4629.4768071249855
4,4629.47680710624
5,4629.476807118988
6,4629.476807146326
7,4629.4768070927175
8,4629.476807092176
9,4629.476807103335
10,4629.476807111348
11,4629.476807088377
12,4629.4768071573135
13,4629.47680714454
14,4629.476807120777
15,4629.476807077253
16,4629.476807111047
17,4629.476807116089
18,4629.476807118183
19,4629.47680711687
20,4629.4768071624585
