Run,Cost
1,10840.760441983297
2,10840.760442055873
3,10840.76044211041
4,10840.76044201844
5,10840.760442039369
6,10840.760441990451
7,10840.760442045907
8,10840.760442002183
9,10840.760441929397
10,10840.760441953887
11,10840.760442036235
12,10840.76044205626
13,10840.760442009632
14,10840.760442007142
15,10840.760441977754
16,10840.760442005538
17,10840.760442049524
18,10840.760442003124
19,10840.760442007291
20,10840.76044199932
