Run,Cost
1,4629.784932842251
2,4629.784932862851
3,4629.784932845173
4,4629.784932840754
5,4629.784932898628
6,4629.784932843408
7,4629.78493288385
8,4629.784932844519
9,4629.784932862795
10,4629.784932847207
11,4629.784932856035
12,4629.784932837333
13,4629.784932858304
14,4629.784932827687
15,4629.784932850206
16,4629.784932860311
17,4629.784932859576
18,4629.784932872776
19,4629.784932878269
20,4629.784932868232
