Run,Cost
1,4090.864641479853
2,4090.864641542242
3,4090.864641518277
4,4090.8646414901154
5,4090.8646415479416
6,4090.8646415211633
7,4090.8646415169383
8,4090.864641554341
9,4090.864641537643
10,4090.8646415393528
11,4090.8646415280487
12,4090.8646415046946
13,4090.8646415421567
14,4090.8646415227017
15,4090.8646415180506
16,4090.864641523884
17,4090.864641525396
18,4090.8646415205753
19,4090.8646415263534
20,4090.864641547382
