Run,Cost
1,387361.2864614088
2,387361.2864887258
3,387361.2864877303
4,387361.28646146314
5,387361.2864621882
6,387361.2864867996
7,387361.28646213573
8,387361.28648798796
9,387361.28646172065
10,387361.286487055
11,387361.28646242194
12,387361.28648785537
13,387361.28648894536
14,387361.28648774733
15,387361.2864884199
16,387361.2864625194
17,387361.2864635977
18,387361.28648905014
19,387361.28648658044
20,387361.2864882791
