Run,Cost
1,4081584.53501044
2,4081584.535010361
3,4081584.535010522
4,4081584.5350096724
5,4081584.5350094913
6,4081584.535009522
7,4081584.53500989
8,4081584.5350103285
9,4081584.5350088654
10,4081584.5350103197
11,4081584.5350095476
12,4081584.5350100724
13,4081584.5350098945
14,4081584.5350098684
15,4081584.5350089218
16,4081584.535009245
17,4081584.5350102014
18,4081584.5350100496
19,4081584.5350099974
20,4081584.5350098913
