Run,Cost
1,113242.8438619845
2,113242.84386183543
3,113242.84386196538
4,113242.84386177409
5,113242.84386171859
6,113242.84386174583
7,113242.84386181323
8,113242.84386216538
9,113242.84386189844
10,113242.84386196577
11,113242.8438621686
12,113242.84386195723
13,113242.84386217363
14,113242.84386216596
15,113242.84386152917
16,113242.84386178502
17,113242.84386195522
18,113242.8438624707
19,113242.84386220567
20,113242.84386160265
