Run,Cost
1,619924.2334360962
2,619924.2334361649
3,619924.2334357803
4,619924.2334361061
5,619924.2334357724
6,619924.2334359563
7,619924.2334360556
8,619924.2334359343
9,619924.2334362633
10,619924.233435993
11,619924.23343596
12,619924.233436176
13,619924.2334357519
14,619924.2334359462
15,619924.2334360678
16,619924.2334359878
17,619924.2334359973
18,619924.2334361958
19,619924.2334358473
20,619924.2334358406
