Run,Cost
1,284228.24718819885
2,284228.2471880057
3,284228.2471879296
4,284228.2471877578
5,284228.2471879393
6,284228.24718791136
7,284228.2471878678
8,284228.2471876677
9,284228.24718777166
10,284228.2471880863
11,284228.24718790466
12,284228.2471879307
13,284228.24718768505
14,284228.2471880226
15,284228.24718766956
16,284228.24718787265
17,284228.2471878518
18,284228.247187807
19,284228.24718771514
20,284228.247187945
