Run,Cost
1,228040.03010878342
2,228040.03010839905
3,228040.03010827588
4,228040.0301085565
5,228040.03010845013
6,228040.03010855903
7,228040.03010889835
8,228040.03010875246
9,228040.03010834238
10,228040.0301085559
11,228040.03010873043
12,228040.03010837175
13,228040.03010860676
14,228040.03010862987
15,228040.03010846983
16,228040.0301083554
17,228040.03010856148
18,228040.03010853886
19,228040.0301085538
20,228040.0301084867
