Run,Cost
1,294462.5755728737
2,294462.5755729204
3,294462.57557272015
4,294462.5755729281
5,294462.5755728516
6,294462.57557294826
7,294462.5755729824
8,294462.5755731703
9,294462.57557299273
10,294462.57557269436
11,294462.57557285286
12,294462.57557297655
13,294462.5755728093
14,294462.575573117
15,294462.57557286817
16,294462.5755726931
17,294462.57557291404
18,294462.5755732462
19,294462.5755727071
20,294462.57557287783
