Run,Cost
1,228508.0941491986
2,228508.09414906905
3,228508.094149386
4,228508.09414914448
5,228508.09414917332
6,228508.0941493858
7,228508.09414935016
8,228508.09414925135
9,228508.09414895205
10,228508.09414922784
11,228508.09414932237
12,228508.09414901605
13,228508.09414909832
14,228508.0941491295
15,228508.09414927347
16,228508.09414947563
17,228508.09414919117
18,228508.09414951652
19,228508.0941493508
20,228508.0941492897
