Run,Cost
1,229061.0420307835
2,229061.54261920502
3,229074.48394394506
4,229061.9002595172
5,229061.90025975526
6,229074.84158401255
7,229074.34099575275
8,229061.54261922147
9,229074.84158421186
10,229061.54261897586
11,229073.98335526168
12,229074.4839440538
13,229074.8415846281
14,229061.04203079987
15,229074.4839436936
16,229061.04203077877
17,229073.9833554321
18,229061.39967127834
19,229073.98335542803
20,229074.3409959043
