Run,Cost
1,283103.25157473946
2,283103.25157463306
3,283103.2515747797
4,283103.25157465873
5,283103.25157461315
6,283103.2515744856
7,283103.25157473335
8,283103.2515744543
9,283103.25157428294
10,283103.2515745628
11,283103.2515748254
12,283103.2515747367
13,283103.25157435576
14,283103.2515747482
15,283103.2515745386
16,283103.2515745975
17,283103.25157452025
18,283103.2515743346
19,283103.25157470367
20,283103.2515747774
