Run,Cost
1,280629.473484631
2,280629.4734844234
3,280629.4734846128
4,280629.4734844211
5,280629.47348454915
6,280629.4734842916
7,280629.47348443413
8,280629.47348486225
9,280629.47348456463
10,280629.4734845762
11,280629.4734844582
12,280629.47348437144
13,280629.4734845619
14,280629.473484318
15,280629.47348438576
16,280629.473484369
17,280629.47348458954
18,280629.47348460177
19,280629.4734845025
20,280629.4734844696
