Run,Cost
1,228614.39617192355
2,228614.39617185632
3,228614.3961720009
4,228614.3961721571
5,228614.39617198886
6,228614.3961717229
7,228614.39617188097
8,228614.39617202946
9,228614.3961721769
10,228614.39617209818
11,228614.39617199876
12,228614.3961722354
13,228614.39617202673
14,228614.39617201826
15,228614.3961720338
16,228614.396172098
17,228614.39617213054
18,228614.39617216206
19,228614.3961721937
20,228614.39617196625
