Run,Cost
1,284226.37833943596
2,284226.3783396051
3,284226.37833957915
4,284226.3783393527
5,284226.3783395414
6,284226.3783395054
7,284226.3783396882
8,284226.37833941163
9,284226.3783397065
10,284226.37833967037
11,284226.37833946844
12,284226.37833940773
13,284226.3783393773
14,284226.37833953934
15,284226.37833926035
16,284226.37833954516
17,284226.37833971676
18,284226.3783395873
19,284226.3783392679
20,284226.37833935337
