Run,Cost
1,292613.73431153456
2,292613.7343115465
3,292613.73431118374
4,292613.73431159556
5,292613.734311416
6,292613.7343114241
7,292613.7343114343
8,292613.73431129096
9,292613.734311397
10,292613.73431168194
11,292613.7343116919
12,292613.73431155214
13,292613.73431168264
14,292613.734311498
15,292613.73431168724
16,292613.73431143246
17,292613.73431160377
18,292613.734311675
19,292613.73431195127
20,292613.73431146407
