Run,Cost
1,292211.8044102109
2,292211.8044105584
3,292211.8044103187
4,292211.80441038246
5,292211.80441031593
6,292211.8044101106
7,292211.80441010813
8,292211.80440994486
9,292211.8044103519
10,292211.80441066605
11,292211.80441004643
12,292211.8044103572
13,292211.8044101162
14,292211.804410332
15,292211.8044102142
16,292211.80441002414
17,292211.80441015685
18,292211.80440996
19,292211.8044101671
20,292211.80441005673
