Run,Cost
1,4045.0000000168193
2,4044.9999999894985
3,4045.000000006378
4,4045.0000000047617
5,4044.99999999074
6,4044.9999999989295
7,4045.0000000260065
8,4045.000000004973
9,4045.0000000225236
10,4045.0000000048344
11,4045.0000000009513
12,4044.9999999895276
13,4045.000000008326
14,4045.0000000071423
15,4045.0000000066543
16,4044.9999999936017
17,4045.0000000044874
18,4044.999999994753
19,4045.0000000015048
20,4045.000000025056
