Run,Cost
1,4889.999999981034
2,4890.000000017373
3,4890.000000005885
4,4889.999999998524
5,4890.000000010243
6,4889.999999974392
7,4889.999999992662
8,4890.00000001143
9,4890.000000004028
10,4890.000000000004
11,4890.00000002179
12,4889.9999999861375
13,4890.000000023645
14,4889.999999977378
15,4890.000000001799
16,4890.000000000498
17,4889.999999981897
18,4889.9999999784495
19,4890.000000002162
20,4890.000000000936
