Run,Cost
1,3219.000000021253
2,3219.000000001973
3,3219.000000013014
4,3219.0000000019522
5,3219.0000000123046
6,3218.999999997223
7,3218.9999999922425
8,3218.999999996454
9,3218.9999999948127
10,3219.000000012342
11,3219.000000040351
12,3219.0000000070163
13,3219.0000000049827
14,3218.999999995678
15,3218.999999988134
16,3218.999999982147
17,3219.0000000020395
18,3218.999999985308
19,3218.9999999909896
20,3219.0000000178634
