Run,Cost
1,2125.9999999926104
2,2126.000000006216
3,2125.9999999951465
4,2125.9999999992924
5,2125.9999999906145
6,2125.9999999937186
7,2125.999999987224
8,2125.9999999915267
9,2126.00000000956
10,2125.999999999071
11,2126.0000000048544
12,2126.000000003551
13,2126.0000000039313
14,2126.0000000115797
15,2125.99999998949
16,2125.9999999979273
17,2125.999999986207
18,2125.999999997553
19,2126.0000000091904
20,2125.9999999963734
