Run,Cost
1,4202.999999991841
2,4544.000000008731
3,4244.999999965545
4,4543.999999997574
5,4245.000000004089
6,4544.000000012935
7,4543.999999987384
8,4543.999999992296
9,4203.000000020201
10,4544.000000010592
11,4543.999999997868
12,4284.000000001698
13,4241.000000006655
14,4543.9999999793645
15,4543.999999964305
16,4544.000000018959
17,4543.999999950194
18,4240.999999983867
19,4283.999999977524
20,4544.000000054258
