Run,Cost
1,4006.999999995123
2,4006.999999974399
3,4108.999999956583
4,4281.000000007054
5,4281.000000016877
6,4108.9999999930205
7,4281.000000006582
8,4280.999999989826
9,4280.999999998436
10,4108.999999995606
11,4281.000000012022
12,4280.999999993858
13,4006.999999985792
14,4108.999999974786
15,4281.000000009793
16,4007.0000000048985
17,4281.000000009388
18,4109.0000000218615
19,4280.99999999039
20,4007.000000006498
