Run,Cost
1,2118.9999999703546
2,2119.000000022217
3,2118.999999996889
4,2118.9999999876404
5,2112.000000017298
6,2111.999999991192
7,2118.9999999866973
8,2118.9999999752995
9,2112.000000002262
10,2112.0000000127966
11,2112.0000000016507
12,2119.0000000114037
13,2118.999999997769
14,2119.00000001752
15,2112.0000000063833
16,2118.999999982891
17,2111.999999993336
18,2112.000000005609
19,2112.0000000100736
20,2112.0000000149566
