Run,Cost
1,2141.9999999899014
2,2141.999999995028
3,2141.999999988534
4,2141.9999999965
5,2141.9999999900238
6,2141.9999999999154
7,2142.0000000092023
8,2142.0000000207215
9,2141.999999993344
10,2141.9999999841853
11,2141.99999997639
12,2141.99999999579
13,2142.0000000043374
14,2141.999999995024
15,2141.999999999075
16,2142.0000000086225
17,2141.999999988355
18,2142.000000001577
19,2142.000000007919
20,2141.999999994448
