Run,Cost
1,2166.000000000419
2,2166.000000007953
3,2165.999999997672
4,2165.999999997475
5,2165.999999998163
6,2165.99999998291
7,2166.000000002453
8,2166.000000002235
9,2165.999999996433
10,2165.9999999886363
11,2166.0000000059026
12,2166.0000000025093
13,2165.9999999846445
14,2166.000000020082
15,2166.00000001098
16,2166.000000007821
17,2166.0000000058826
18,2166.0000000093596
19,2166.0000000064797
20,2165.9999999981287
