Run,Cost
1,3324.9999999905394
2,3324.9999999970164
3,3324.9999999833212
4,3316.0000000019886
5,3325.0000000019986
6,3324.999999988317
7,3324.9999999927945
8,3315.9999999957918
9,3316.000000005487
10,3315.999999984792
11,3325.0000000021646
12,3316.000000020288
13,3325.000000037357
14,3316.0000000111017
15,3316.0000000077453
16,3324.999999981347
17,3324.999999985544
18,3316.0000000112905
19,3325.00000000685
20,3316.000000019332
