Run,Cost
1,4495.000000030693
2,4516.000000027771
3,4532.9999999831
4,4494.999999983593
5,4495.000000008143
6,4533.000000059043
7,4597.000000004294
8,4597.000000016483
9,4494.999999969927
10,4516.000000027251
11,4515.999999998423
12,4596.999999993586
13,4516.000000019397
14,4494.999999994414
15,4494.999999981359
16,4495.00000000264
17,4516.000000004205
18,4543.999999976777
19,4495.000000019941
20,4516.0000000118725
