Run,Cost
1,4941.9999999997235
2,4942.000000003499
3,4941.999999985616
4,4941.999999996475
5,4942.000000018623
6,4941.999999991257
7,4941.9999999729835
8,4942.000000039822
9,4942.000000011557
10,4942.000000006796
11,4942.00000000012
12,4942.0000000181335
13,4941.999999999643
14,4942.00000002928
15,4941.999999988614
16,4942.00000003133
17,4941.999999999012
18,4942.000000001328
19,4942.000000015039
20,4941.999999991801
