Run,Cost
1,4311.000000031411
2,4311.000000019708
3,4310.999999995773
4,4311.000000007217
5,4310.999999968662
6,4310.99999999875
7,4310.9999999982165
8,4311.000000004797
9,4310.99999998037
10,4311.000000046195
11,4310.999999999689
12,4310.999999997141
13,4310.999999992365
14,4310.999999991316
15,4311.000000027894
16,4310.999999964732
17,4310.999999996564
18,4310.999999977706
19,4310.999999994297
20,4311.000000011961
