Run,Cost
1,4599.999999980243
2,4599.99999998442
3,4600.000000005941
4,4600.000000013339
5,4599.999999982952
6,4599.999999998887
7,4599.99999997005
8,4599.999999994947
9,4599.999999977863
10,4600.00000002191
11,4600.00000002752
12,4599.999999973791
13,4599.999999977509
14,4599.99999998677
15,4599.999999973708
16,4599.999999997216
17,4599.9999999957745
18,4599.999999986778
19,4600.000000005177
20,4599.999999987168
