Run,Cost
1,2445.0000000044174
2,2444.9999999969305
3,2445.000000008392
4,2444.999999997424
5,2445.0000000029536
6,2445.000000010216
7,2444.999999997435
8,2444.999999993609
9,2444.9999999976526
10,2445.0000000031196
11,2444.999999994497
12,2444.9999999962088
13,2444.999999996724
14,2444.9999999987044
15,2445.000000010343
16,2445.0000000103832
17,2444.999999987538
18,2445.000000012004
19,2444.999999990975
20,2444.999999995607
