Run,Cost
1,2440.0000000132836
2,2362.999999997459
3,2363.0000000038854
4,2362.999999993961
5,2362.9999999943934
6,2363.0000000042237
7,2439.9999999997963
8,2440.000000015031
9,2363.000000006183
10,2362.999999995679
11,2439.999999987025
12,2362.999999993578
13,2439.9999999781758
14,2440.000000007659
15,2363.0000000089044
16,2439.9999999998327
17,2363.0000000110085
18,2440.0000000142895
19,2362.999999986055
20,2440.000000020168
