Run,Cost
1,3774.9999999609972
2,3774.9999999975144
3,3775.0000000006976
4,3774.999999990166
5,3774.999999988093
6,3888.000000008446
7,3774.999999993421
8,3888.000000020546
9,3775.0000000166265
10,3775.0000000113764
11,3775.0000000002674
12,3774.999999966148
13,3775.0000000141645
14,3888.0000000234636
15,3887.999999997547
16,3774.9999999863417
17,3775.0000000083514
18,3774.999999976124
19,3774.999999983608
20,3774.9999999975225
