Run,Cost
1,3378.0000000232462
2,3377.999999999235
3,3377.9999999970732
4,3377.9999999945985
5,3377.9999999886336
6,3377.9999999995853
7,3378.0000000274786
8,3377.9999999808247
9,3378.0000000016385
10,3378.000000005529
11,3377.999999996218
12,3377.9999999787915
13,3378.0000000141113
14,3377.9999999979073
15,3378.000000015859
16,3377.999999989778
17,3378.00000003032
18,3377.999999988673
19,3378.000000035089
20,3378.000000019028
