Run,Cost
1,2273.0000000121454
2,2273.0000000009572
3,2273.000000001647
4,2272.999999987862
5,2273.00000000014
6,2272.999999988308
7,2273.000000010299
8,2273.000000004308
9,2272.9999999961137
10,2272.999999995668
11,2273.000000001723
12,2272.999999983358
13,2273.0000000016958
14,2272.999999998126
15,2273.000000005878
16,2272.999999997794
17,2272.9999999880224
18,2273.0000000021455
19,2273.0000000047835
20,2272.999999994229
