Run,Cost
1,3370.0000000035557
2,3419.99999999948
3,3419.9999999792203
4,3369.9999999991937
5,3419.9999999805773
6,3420.0000000025634
7,3420.0000000059454
8,3419.9999999835927
9,3420.000000002819
10,3370.000000011802
11,3369.9999999910347
12,3419.9999999869688
13,3420.0000000028754
14,3370.000000033625
15,3419.999999992935
16,3370.0000000100404
17,3419.999999999098
18,3419.999999997443
19,3420.0000000135524
20,3420.000000011194
