Run,Cost
1,3609.0000000075875
2,3609.9999999962884
3,3553.9999999814772
4,3608.999999988701
5,3608.9999999928223
6,3609.9999999890574
7,3608.999999991598
8,3608.999999989753
9,3553.999999995184
10,3610.0000000147284
11,3553.9999999840693
12,3609.0000000117357
13,3608.9999999775087
14,3554.000000013797
15,3609.000000003813
16,3609.999999983896
17,3608.999999999487
18,3554.000000007038
19,3609.000000007629
20,3553.9999999642573
