Run,Cost
1,4440.999999985509
2,4226.99999998296
3,4440.999999960681
4,4441.00000001223
5,4440.999999994318
6,4226.999999964024
7,4440.999999996182
8,4440.999999995391
9,4226.999999992846
10,4441.000000018054
11,4440.999999996716
12,4227.000000016999
13,4440.999999994308
14,4440.999999954578
15,4226.9999999521115
16,4226.999999972216
17,4440.999999993504
18,4440.999999991849
19,4226.999999994894
20,4440.9999999982165
