Run,Cost
1,2834.9999999795255
2,2835.0000000020545
3,2834.9999999766505
4,2824.000000003966
5,2823.99999999841
6,3159.9999999894117
7,3159.999999984013
8,2834.999999982424
9,2823.999999988243
10,2823.999999978859
11,3159.999999995513
12,3159.9999999913916
13,2835.00000001175
14,3160.000000001166
15,2823.999999991226
16,2823.999999996638
17,2823.9999999933125
18,2835.000000003625
19,2824.000000013425
20,3171.9999999861466
