Run,Cost
1,2269.9999999872175
2,2270.000000007059
3,2270.000000002296
4,2269.9999999906877
5,2270.0000000057753
6,2269.9999999893757
7,2269.9999999926695
8,2270.0000000015675
9,2269.9999999867887
10,2269.9999999929364
11,2270.000000003591
12,2270.000000004121
13,2270.0000000091813
14,2269.999999992601
15,2270.000000000858
16,2270.000000015778
17,2270.0000000150635
18,2270.000000012151
19,2269.999999993772
20,2270.000000002673
