Run,Cost
1,1707.9999999844838
2,1708.000000004992
3,1707.999999991312
4,1707.9999999954457
5,1707.9999999974107
6,1707.999999999752
7,1707.9999999841598
8,1708.00000000024
9,1707.999999995052
10,1707.9999999851345
11,1707.9999999934107
12,1707.9999999952734
13,1708.0000000087805
14,1708.0000000086457
15,1708.0000000019515
16,1708.0000000109294
17,1707.999999980035
18,1707.9999999969207
19,1707.9999999918662
20,1708.000000002008
