Run,Cost
1,3271.9999999747174
2,3272.000000000121
3,3271.9999999879947
4,3271.9999999921506
5,3272.00000001175
6,3272.0000000050823
7,3271.9999999957427
8,3272.0000000057
9,3272.0000000039363
10,3272.000000005204
11,3272.0000000141345
12,3272.000000000979
13,3272.0000000073906
14,3271.999999973545
15,3272.0000000169116
16,3271.999999980965
17,3271.9999999953093
18,3272.000000012245
19,3271.999999987136
20,3272.0000000200207
