Run,Cost
1,4157.000000002901
2,4157.000000008052
3,4156.999999978144
4,3991.9999999780052
5,4157.00000003534
6,4073.000000022023
7,4071.000000024024
8,4156.99999999765
9,4156.999999976578
10,4071.0000000200553
11,4157.000000011526
12,3991.999999967893
13,4071.000000004668
14,4156.999999988835
15,4168.000000003757
16,4156.9999999722795
17,4167.99999998128
18,4071.0000000309874
19,4157.000000012667
20,4157.000000011496
