Run,Cost
1,3275.000000017391
2,3274.9999999915426
3,3275.0000000288387
4,3275.000000001238
5,3275.0000000172245
6,3275.0000000079863
7,3274.9999999960864
8,3275.000000019287
9,3274.999999997428
10,3275.0000000034133
11,3275.0000000155023
12,3274.9999999991114
13,3275.0000000028176
14,3275.000000005119
15,3275.000000010778
16,3274.9999999963047
17,3275.000000008146
18,3274.9999999810893
19,3274.999999967294
20,3274.9999999878255
