Run,Cost
1,3825.999999956097
2,3825.9999999958486
3,3881.0000000044593
4,3826.000000009003
5,3826.0000000134946
6,3825.9999999983625
7,3826.000000001212
8,3825.999999995806
9,3825.999999977603
10,3825.9999999935544
11,3826.000000011056
12,3826.0000000123823
13,3880.999999997204
14,3826.0000000184864
15,3826.0000000017308
16,3825.999999991583
17,3825.9999999968572
18,3825.999999994865
19,3826.000000010405
20,3826.000000021505
