Run,Cost
1,3275.0000000072832
2,3266.000000018912
3,3266.000000004025
4,3274.99999998439
5,3265.999999995582
6,3274.999999978696
7,3266.000000001646
8,3266.000000010385
9,3266.000000009109
10,3275.000000010928
11,3265.999999995461
12,3265.9999999944603
13,3266.000000007875
14,3265.9999999925785
15,3265.999999977926
16,3275.000000025196
17,3275.0000000252116
18,3266.000000010047
19,3275.0000000049295
20,3275.0000000086798
