Run,Cost
1,2811.99999999651
2,2892.9999999837014
3,2818.0000000016285
4,2893.000000009517
5,2811.9999999891347
6,2882.999999991794
7,2893.000000002514
8,2892.9999999842466
9,2818.0000000040977
10,2882.9999999911547
11,2893.0000000180476
12,2893.000000009593
13,2811.999999991821
14,2893.0000000164528
15,2893.0000000022164
16,2883.0000000049654
17,2812.0000000162377
18,2892.999999984438
19,2893.000000010822
20,2817.999999998754
