Run,Cost
1,2873.00000002348
2,3048.999999997628
3,3048.999999982351
4,3049.000000005409
5,3030.9999999875067
6,3048.999999989494
7,3049.0000000035807
8,3048.9999999990764
9,3037.0000000029113
10,3074.000000002529
11,2872.9999999991765
12,3049.000000008041
13,3031.000000004058
14,3031.0000000041528
15,2872.999999996338
16,3049.000000005287
17,2873.000000021294
18,3031.000000019796
19,2872.999999982922
20,3048.999999970706
