Run,Cost
1,2094.0000000012747
2,2093.9999999948755
3,2094.000000010426
4,2093.9999999863376
5,2094.0000000040845
6,2094.0000000080236
7,2093.9999999890006
8,2094.0000000012415
9,2093.9999999815886
10,2093.9999999885704
11,2094.0000000153454
12,2094.0000000064624
13,2094.000000007331
14,2093.999999988581
15,2093.999999995074
16,2093.999999998699
17,2093.9999999970264
18,2094.000000006895
19,2093.9999999978227
20,2093.9999999961046
