Run,Cost
1,4952.000000029504
2,4830.999999974402
3,4831.000000003007
4,4830.999999991402
5,4831.000000004875
6,4831.000000008131
7,4930.000000034099
8,4929.999999999511
9,4929.99999999902
10,4831.000000003191
11,4830.999999999354
12,4831.000000033435
13,4830.999999973441
14,4831.0000000178725
15,4830.999999989487
16,4830.999999990196
17,4830.999999996259
18,4830.999999996799
19,4792.0000000257405
20,4831.000000009521
