Run,Cost
1,3185.0000000005975
2,3184.9999999770025
3,3184.9999999913107
4,3185.000000004243
5,3185.0000000007467
6,3184.999999991939
7,3184.999999973226
8,3184.999999980555
9,3185.000000002085
10,3184.999999996786
11,3184.9999999801853
12,3184.9999999837496
13,3184.999999983139
14,3185.00000001516
15,3184.9999999812326
16,3184.999999983579
17,3185.0000000025443
18,3184.999999989781
19,3185.0000000010727
20,3185.000000011319
