Run,Cost
1,3092.9999999983233
2,3092.999999965335
3,3092.999999999164
4,3139.0000000057153
5,3093.0000000585887
6,3092.999999987855
7,3139.000000007577
8,3093.0000000124155
9,3092.9999999944857
10,3139.0000000190257
11,3093.0000000067357
12,3092.9999999849842
13,3093.0000000108093
14,3093.0000000199398
15,3092.999999993358
16,3139.0000000155464
17,3139.0000000205932
18,3093.000000012968
19,3139.0000000038167
20,3138.999999977083
