Run,Cost
1,2085.000000006582
2,2084.9999999815336
3,2085.0000000024374
4,2079.000000001896
5,2085.000000013779
6,2079.000000002287
7,2084.999999998068
8,2084.9999999954607
9,2084.9999999910888
10,2078.9999999949723
11,2079.000000013036
12,2084.999999999063
13,2084.999999996716
14,2078.9999999996576
15,2078.999999999197
16,2079.00000000546
17,2085.0000000086343
18,2084.9999999998736
19,2085.000000002786
20,2084.999999997471
