Run,Cost
1,3276.000000001592
2,3276.0000000090586
3,3275.999999985974
4,3276.0000000024384
5,3275.999999981461
6,3275.999999989862
7,3276.0000000024766
8,3275.9999999966553
9,3275.9999999993997
10,3276.000000001343
11,3275.9999999857796
12,3275.999999993158
13,3276.0000000123937
14,3275.9999999914426
15,3276.000000015689
16,3275.9999999946876
17,3276.000000004039
18,3276.0000000191417
19,3275.999999988745
20,3276.000000000839
