Run,Cost
1,3027.9999999710435
2,3028.000000002091
3,2878.0000000225496
4,3027.9999999922657
5,3098.999999975387
6,3099.0000000062596
7,2871.0000000048612
8,2877.9999999907986
9,2877.999999988481
10,3014.0000000075265
11,2871.0000000043783
12,3109.999999995463
13,3027.999999971614
14,3027.999999978167
15,3056.9999999913694
16,3092.9999999869674
17,2871.0000000052505
18,2871.000000002276
19,3091.000000006286
20,2871.000000003146
