Run,Cost
1,2088.999999989455
2,2057.9999999901097
3,2088.9999999967135
4,2057.9999999787997
5,2089.000000011148
6,2088.9999999903735
7,2057.99999999813
8,2088.9999999982692
9,2088.9999999911206
10,2057.9999999985703
11,2057.99999998859
12,2088.999999990165
13,2057.999999995861
14,2058.00000001089
15,2088.9999999917886
16,2058.0000000066743
17,2089.000000004648
18,2088.9999999971737
19,2088.9999999987685
20,2058.0000000213277
