Run,Cost
1,3510.0000000100144
2,3509.9999999963493
3,3509.999999984684
4,3510.0000000064806
5,3509.9999999924235
6,3509.999999993972
7,3509.999999989504
8,3509.9999999985525
9,3510.0000000099685
10,3509.999999974752
11,3510.000000003367
12,3509.9999999938955
13,3510.00000000945
14,3509.9999999986426
15,3509.9999999972993
16,3509.9999999930396
17,3510.000000029538
18,3509.9999999976817
19,3509.999999989913
20,3509.999999971754
