Run,Cost
1,3415.0000000019863
2,3415.000000023674
3,3414.9999999935217
4,3414.9999999849038
5,3415.0000000190944
6,3414.9999999845627
7,3414.999999994259
8,3415.000000001332
9,3414.9999999960114
10,3414.999999978465
11,3415.000000009438
12,3414.9999999927604
13,3415.0000000105665
14,3415.0000000374885
15,3414.9999999862653
16,3415.000000021182
17,3414.9999999974098
18,3415.000000003402
19,3414.9999999960496
20,3415.000000028424
