Run,Cost
1,2137.0000000145133
2,2137.000000009309
3,2136.9999999966267
4,2136.999999994991
5,2136.9999999883175
6,2137.0000000081714
7,2136.9999999992697
8,2137.0000000016876
9,2136.9999999983233
10,2104.99999998123
11,2137.0000000061505
12,2105.0000000128193
13,2137.0000000126815
14,2136.999999987463
15,2137.000000000799
16,2136.9999999896477
17,2136.999999984806
18,2105.00000000531
19,2136.9999999936726
20,2136.999999997526
