Run,Cost
1,3277.0000000139025
2,3276.9999999933016
3,3277.000000007394
4,3276.9999999911947
5,3276.9999999854326
6,3276.9999999888264
7,3277.000000001171
8,3277.000000001799
9,3276.9999999986935
10,3277.0000000017712
11,3276.999999988644
12,3277.000000020352
13,3277.0000000051036
14,3276.999999957533
15,3276.9999999860197
16,3277.000000002127
17,3277.000000023695
18,3276.9999999953875
19,3276.9999999900256
20,3276.9999999896168
