Run,Cost
1,4371.000000020606
2,4378.999999997699
3,4379.000000011903
4,4370.999999967959
5,4370.999999995804
6,4378.999999972661
7,4371.000000034571
8,4378.99999997597
9,4259.000000001725
10,4259.0000000153395
11,4379.000000006824
12,4371.000000010117
13,4259.000000016527
14,4378.9999999362435
15,4370.999999967301
16,4370.999999984452
17,4259.000000015421
18,4259.000000031719
19,4379.000000062891
20,4379.000000019525
