Run,Cost
1,3954.9999999976612
2,4071.999999998136
3,4072.000000033208
4,4008.0000000107325
5,4100.999999984698
6,4071.999999997295
7,4038.9999999797988
8,4039.000000041514
9,4038.999999997243
10,4147.999999983485
11,4101.000000012114
12,4039.000000004489
13,4007.9999999971196
14,4072.0000000127266
15,4038.9999999921383
16,3957.0000000127084
17,4039.0000000289715
18,4039.0000000179525
19,4007.9999999858164
20,4008.000000010075
