Run,Cost
1,4848.00000000374
2,4905.000000002259
3,4847.999999982651
4,4847.999999997757
5,4847.9999999729735
6,4904.9999999879465
7,4905.000000006848
8,4847.999999980457
9,4904.999999995249
10,4847.999999999632
11,4847.999999978999
12,4905.00000001879
13,4847.999999999532
14,4904.999999992845
15,4904.999999990047
16,4848.000000011918
17,4848.000000036864
18,4904.999999985623
19,4904.999999994339
20,4904.999999999824
