Run,Cost
1,3282.0000000138375
2,3068.999999986962
3,3163.999999976419
4,3181.00000000213
5,3069.0000000242962
6,3058.9999999920974
7,3163.9999999873544
8,3180.9999999869606
9,3164.000000019067
10,3196.9999999993656
11,3281.999999984895
12,3069.000000008609
13,3181.000000006161
14,3281.9999999826764
15,3282.0000000134123
16,3281.9999999934107
17,3197.00000001216
18,3281.9999999638094
19,3197.0000000049495
20,3059.0000000023942
