Run,Cost
1,284228.24718796957
2,284228.2471881397
3,284228.24718775664
4,284228.24718804157
5,284228.24718790734
6,284228.2471881342
7,284228.24718795787
8,284228.2471879588
9,284228.2471877354
10,284228.2471875043
11,284228.2471877287
12,284228.24718753615
13,284228.2471880761
14,284228.2471877531
15,284228.2471879456
16,284228.2471882468
17,284228.2471878518
18,284228.2471877636
19,284228.2471876356
20,284228.247187757
