Run,Cost
1,290834.74494162854
2,290826.1520122322
3,290747.1332321763
4,290893.19698826363
5,290906.0543616112
6,290830.442464929
7,290887.86579370464
8,290758.39416714275
9,290853.9313844476
10,290962.9645017425
11,290822.2466150099
12,290950.17476940557
13,290855.119758579
14,290756.6355723598
15,290911.7445219338
16,290871.9667486622
17,290769.4731067491
18,290945.1382010433
19,290860.820321104
20,290969.6229749227
