Run,Cost
1,293343.26585087343
2,293473.51401258743
3,293377.7859389196
4,293538.1978260176
5,293434.48301591125
6,293407.44751224277
7,293432.6661313985
8,293471.00668211177
9,293371.42448215804
10,293328.7445547298
11,293597.3342467958
12,293474.8999492798
13,293592.806857083
14,293497.61213910166
15,293593.9260387896
16,293384.5772772543
17,293374.06311496306
18,293605.061219598
19,293292.3604345213
20,293498.03484327346
