Run,Cost
1,283181.4130527141
2,283140.08587802213
3,283111.85155908327
4,283106.09813087987
5,283167.35004191386
6,283116.5003546282
7,283174.00727086386
8,283087.84232044546
9,283099.0563502208
10,283231.3350917701
11,283185.33285318356
12,283199.570010918
13,283084.84989353875
14,283117.4315818547
15,283103.3705051929
16,283095.7981802598
17,283129.4961557488
18,283228.4999230939
19,283243.9983369323
20,283149.4815183067
