Run,Cost
1,294462.5755727738
2,294462.575572742
3,294462.5755729824
4,294462.5755728786
5,294462.5755729765
6,294462.57557279867
7,294462.575572809
8,294462.5755727696
9,294462.5755727472
10,294462.57557305804
11,294462.57557254325
12,294462.57557271613
13,294462.5755728321
14,294462.5755728253
15,294462.5755729535
16,294462.5755730118
17,294462.5755727742
18,294462.5755727566
19,294462.575572823
20,294462.57557275094
