Run,Cost
1,227993.32734627736
2,227993.3273463728
3,227993.32734629934
4,227993.32734637952
5,227993.3273463402
6,227993.3273463898
7,227993.3273462972
8,227993.327346302
9,227993.32734623086
10,227993.32734623493
11,227993.32734639593
12,227993.32734642018
13,227993.32734623348
14,227993.32734660382
15,227993.3273462447
16,227993.32734635437
17,227993.32734622405
18,227993.32734608348
19,227993.32734627373
20,227993.3273462168
