Run,Cost
1,226802.83147036616
2,226810.9557710359
3,226710.05083881735
4,226700.80043335012
5,226702.27881383753
6,226796.0099711302
7,226770.40641814136
8,226647.84840009344
9,226675.7718564888
10,226722.32359549368
11,226683.55553833424
12,226620.08874747602
13,226742.0857321821
14,226697.9003428987
15,226700.70524142953
16,226702.9204721457
17,226742.0784382555
18,226636.9427310855
19,226720.56534437012
20,226710.30012494588
