Run,Cost
1,228508.0941496628
2,228508.0941491698
3,228508.09414939058
4,228508.0941492945
5,228508.09414933476
6,228508.09414923526
7,228508.09414923147
8,228508.094149367
9,228508.0941490741
10,228508.09414912795
11,228508.09414957167
12,228508.09414940522
13,228508.09414940738
14,228508.09414921302
15,228508.0941493569
16,228508.09414935834
17,228508.09414893267
18,228508.09414912196
19,228508.09414915086
20,228508.09414904704
