Run,Cost
1,279595.1983042546
2,279429.35303917143
3,279652.2924318468
4,279409.2313754085
5,279407.3303783583
6,279585.96965485875
7,279350.981216895
8,279606.63766501896
9,279586.86240308493
10,279263.4395968313
11,279308.60239898873
12,279225.5669620474
13,279280.51467169204
14,279204.3314555732
15,279364.74602390884
16,279337.82734168496
17,279611.4631970689
18,279342.26840806473
19,279417.3156593473
20,279593.72148447775
