Run,Cost
1,282073.1093898487
2,282242.43373234186
3,282163.76289562095
4,282062.2677470839
5,282147.77809341287
6,282189.32659230015
7,282200.80345232406
8,282202.8072412415
9,282101.76208362705
10,282244.45715568145
11,281996.93570853333
12,282069.264166423
13,282184.4681676344
14,282116.2109289823
15,282125.5159027609
16,282076.31774269
17,282154.5300240227
18,282074.95777213795
19,282112.77820889355
20,282164.8845188115
