Run,Cost
1,1796.0000000060866
2,1796.0000000102746
3,1795.99999999959
4,1796.00000000136
5,1796.0000000201387
6,1796.000000006525
7,1795.9999999953955
8,1795.999999993096
9,1796.0000000109278
10,1796.0000000099876
11,1796.0000000075895
12,1795.999999999182
13,1795.9999999961801
14,1796.00000000277
15,1796.000000000494
16,1795.9999999874562
17,1796.0000000002885
18,1796.0000000053521
19,1795.9999999868712
20,1796.0000000033283
