Run,Cost
1,4569.000000002633
2,4569.000000029721
3,4569.000000012861
4,4568.999999971124
5,4568.999999985282
6,4569.00000001085
7,4568.999999993214
8,4569.000000037436
9,4568.999999993913
10,4569.000000001296
11,4568.999999991861
12,4568.999999997888
13,4569.000000027282
14,4568.999999990637
15,4568.999999978472
16,4569.000000011743
17,4569.000000000296
18,4569.000000019795
19,4568.999999992377
20,4568.999999975576
