Run,Cost
1,4495.000000000777
2,4596.999999998236
3,4596.999999987922
4,4544.000000003595
5,4543.9999999905285
6,4495.000000001212
7,4495.000000013767
8,4516.00000002235
9,4532.99999997884
10,4532.999999989742
11,4494.999999976978
12,4596.999999976717
13,4533.000000018743
14,4544.000000007902
15,4516.000000022986
16,4516.000000011331
17,4494.999999968997
18,4494.999999961268
19,4494.99999998029
20,4516.000000051268
