Run,Cost
1,3085.9999999997813
2,3085.999999970412
3,3085.999999994512
4,3086.0000000020746
5,3085.9999999836555
6,3086.0000000159603
7,3085.9999999957677
8,3086.0000000078417
9,3086.000000008545
10,3086.000000002036
11,3085.999999990977
12,3085.9999999985
13,3086.0000000082046
14,3085.999999993765
15,3085.9999999878214
16,3086.0000000222103
17,3085.9999999936067
18,3085.999999970741
19,3085.9999999875686
20,3086.000000001713
