Run,Cost
1,4311.000000013337
2,4311.000000001837
3,4311.000000000359
4,4310.9999999908105
5,4310.99999998663
6,4310.999999984703
7,4311.000000013579
8,4311.000000009754
9,4311.000000045509
10,4310.999999993994
11,4310.99999998431
12,4311.000000057246
13,4310.999999980707
14,4311.000000002609
15,4310.999999993094
16,4310.99999998472
17,4311.000000011648
18,4311.000000019821
19,4311.000000016976
20,4311.000000010207
