Run,Cost
1,1981.0000000024172
2,1980.9999999933955
3,1980.9999999873155
4,1980.9999999942495
5,1981.0000000049613
6,1981.000000006903
7,1981.0000000044288
8,1981.0000000034931
9,1981.0000000041675
10,1981.0000000002547
11,1981.0000000104264
12,1980.999999996816
13,1981.000000009111
14,1981.0000000002913
15,1980.9999999978209
16,1981.0000000044586
17,1980.9999999938716
18,1981.0000000153054
19,1980.9999999958256
20,1981.0000000192092
