Run,Cost
1,2207.0000000078003
2,2206.999999999576
3,2207.0000000010423
4,2206.9999999976176
5,2206.9999999998286
6,2206.9999999947886
7,2206.9999999995957
8,2207.0000000023038
9,2206.999999997665
10,2206.999999982387
11,2206.9999999964725
12,2207.000000006841
13,2207.000000007967
14,2207.0000000132013
15,2206.999999996897
16,2206.999999998316
17,2207.0000000005866
18,2206.999999996758
19,2207.000000002852
20,2207.000000000754
