Run,Cost
1,4370.999999975948
2,4379.000000011051
3,4379.000000012338
4,4258.99999999135
5,4371.000000022187
6,4379.000000005299
7,4379.000000023769
8,4378.999999994144
9,4321.00000001383
10,4378.999999983066
11,4258.999999997097
12,4305.999999990743
13,4305.999999991012
14,4258.999999965108
15,4320.9999999952515
16,4379.000000010503
17,4321.000000017738
18,4370.999999976091
19,4259.00000001331
20,4258.999999995429
