Run,Cost
1,1597.000000017551
2,1648.000000012488
3,1652.0000000050163
4,1647.9999999985434
5,1652.0000000041164
6,1613.999999999657
7,1597.0000000197635
8,1652.0000000001737
9,1703.0000000016255
10,1597.0000000059206
11,1702.999999997381
12,1651.9999999945992
13,1703.0000000151206
14,1614.0000000030116
15,1702.9999999958081
16,1702.9999999981953
17,1651.9999999911265
18,1572.000000000173
19,1703.0000000136365
20,1703.0000000015361
