Run,Cost
1,3117.000000009679
2,3117.0000000099176
3,3055.999999964391
4,3116.999999992043
5,3055.9999999856263
6,3117.0000000121563
7,3055.9999999807856
8,3055.9999999797637
9,3056.000000017962
10,3056.0000000050827
11,3056.0000000193318
12,3055.9999999911206
13,3116.999999998599
14,3055.999999995258
15,3055.999999997693
16,3055.9999999824886
17,3055.999999997079
18,3117.0000000086247
19,3117.000000005176
20,3117.000000006732
