Run,Cost
1,2089.0000000043406
2,2057.9999999865804
3,2088.999999999737
4,2088.999999988308
5,2088.9999999737256
6,2088.9999999975726
7,2058.000000004858
8,2058.0000000013156
9,2089.0000000061586
10,2088.9999999860884
11,2088.9999999936394
12,2057.9999999909232
13,2088.999999991941
14,2058.0000000023233
15,2088.999999983092
16,2057.9999999969236
17,2057.999999981449
18,2058.000000005923
19,2088.9999999868214
20,2057.999999987972
