Run,Cost
1,3277.000000005334
2,3276.999999977984
3,3277.0000000113573
4,3276.9999999776455
5,3276.9999999856686
6,3276.9999999957045
7,3276.999999991422
8,3277.000000001914
9,3276.9999999830784
10,3276.9999999939737
11,3277.0000000035507
12,3276.999999995482
13,3276.999999997183
14,3276.999999965076
15,3277.000000008924
16,3277.00000000282
17,3277.0000000007567
18,3277.00000001957
19,3277.0000000103346
20,3277.000000010876
