Run,Cost
1,3234.0000000003674
2,3233.9999999965185
3,3234.000000012918
4,3233.999999994458
5,3233.9999999936886
6,3234.000000004324
7,3233.9999999976235
8,3233.9999999656293
9,3233.999999994047
10,3234.0000000180353
11,3234.0000000174614
12,3234.0000000005484
13,3234.0000000011096
14,3234.0000000066284
15,3233.999999989202
16,3234.000000007323
17,3233.999999995977
18,3234.000000006664
19,3233.9999999910847
20,3234.000000002319
