Run,Cost
1,4168.000000009664
2,4167.999999958434
3,4168.0000000029595
4,4168.000000021357
5,4168.000000011701
6,4167.999999998268
7,4167.99999998982
8,4168.000000004254
9,4167.999999997087
10,4167.99999999962
11,4168.000000019831
12,4167.999999979103
13,4168.000000025303
14,4168.000000009299
15,4167.999999965429
16,4167.999999973451
17,4168.0000000076425
18,4167.999999990384
19,4168.000000008701
20,4168.000000016551
