Run,Cost
1,2099.9999999916586
2,2100.00000000514
3,2099.999999997755
4,2099.999999994191
5,2099.999999996404
6,2100.000000005844
7,2099.9999999924994
8,2099.999999992625
9,2099.999999994568
10,2099.9999999865045
11,2099.9999999963366
12,2100.000000016178
13,2099.999999999288
14,2100.0000000023224
15,2099.999999991004
16,2099.9999999904444
17,2099.9999999884126
18,2099.999999997911
19,2100.0000000004698
20,2100.000000003746
