Run,Cost
1,3184.999999976201
2,3185.0000000022815
3,3185.0000000192117
4,3184.999999981501
5,3185.000000003032
6,3185.0000000161167
7,3185.000000006206
8,3184.9999999872784
9,3184.999999993496
10,3184.99999995948
11,3185.000000023759
12,3184.999999968416
13,3184.999999993326
14,3184.99999999151
15,3184.999999976656
16,3184.9999999785514
17,3184.9999999979846
18,3185.0000000073587
19,3184.9999999992074
20,3185.0000000074083
