Run,Cost
1,4969.000000008196
2,4969.000000009921
3,4968.999999957788
4,4969.000000000766
5,4969.000000022152
6,4968.999999991406
7,4969.000000022032
8,4969.000000004522
9,4968.999999969305
10,4969.000000040341
11,4969.0000000036325
12,4969.000000000127
13,4968.999999979643
14,4969.000000005109
15,4968.9999999746215
16,4968.99999999392
17,4968.999999992388
18,4969.000000004058
19,4968.999999990591
20,4969.000000014655
