Run,Cost
1,4038.999999992793
2,4008.0000000025034
3,4100.999999993893
4,4038.9999999725005
5,4101.00000002289
6,4007.999999982268
7,4143.999999985366
8,4071.999999998739
9,4101.000000000785
10,3954.999999997687
11,3956.9999999886854
12,4008.0000000095665
13,4071.999999969992
14,4039.000000031431
15,4071.999999982791
16,4143.999999976889
17,4101.000000028813
18,4101.000000008646
19,4072.000000023609
20,4008.000000015459
