Run,Cost
1,4149.999999976992
2,4150.000000001547
3,4150.000000002786
4,4149.999999964572
5,4149.9999999948195
6,4149.999999993861
7,4149.999999985184
8,4149.999999996984
9,4150.0000000153395
10,4150.000000002026
11,4150.000000005092
12,4150.0000000045575
13,4150.000000025153
14,4149.999999976636
15,4149.99999997823
16,4149.999999972735
17,4150.00000000259
18,4149.999999961915
19,4149.9999999889405
20,4149.999999971929
