Run,Cost
1,4146.999999995201
2,4147.000000014024
3,4146.999999993255
4,4146.999999985737
5,4147.000000011771
6,4146.999999949415
7,4146.999999975207
8,4146.999999983601
9,4147.000000012693
10,4146.999999997153
11,4146.999999982921
12,4147.000000053122
13,4147.000000017116
14,4147.000000007955
15,4146.999999993296
16,4146.999999976567
17,4147.0000000071705
18,4147.000000022501
19,4146.999999998491
20,4147.000000014982
