Run,Cost
1,3586.999999990076
2,3586.9999999961306
3,3586.999999990777
4,3587.0000000127334
5,3587.000000024802
6,3586.999999979689
7,3587.000000000782
8,3587.0000000073587
9,3586.999999993216
10,3587.000000011782
11,3586.9999999914317
12,3586.9999999903175
13,3586.999999998391
14,3586.999999981499
15,3587.0000000235655
16,3587.0000000070486
17,3587.0000000073173
18,3586.999999963743
19,3587.000000061236
20,3586.9999999853603
