Run,Cost
1,2101.0000000006467
2,2101.0000000221344
3,2100.9999999900874
4,2100.99999999664
5,2100.9999999939832
6,2101.000000003487
7,2100.9999999962297
8,2101.0000000018613
9,2100.999999979426
10,2101.000000009688
11,2101.00000001531
12,2101.000000007943
13,2101.00000001407
14,2100.999999994347
15,2100.9999999867464
16,2100.9999999821066
17,2100.9999999901625
18,2100.9999999795878
19,2101.0000000086684
20,2100.999999987557
