Run,Cost
1,2456.999999987242
2,2457.0000000038035
3,2457.000000013813
4,2456.9999999955953
5,2456.999999988636
6,2457.0000000099058
7,2457.0000000077503
8,2456.9999999972965
9,2456.9999999980873
10,2457.000000004908
11,2457.000000010819
12,2456.9999999966885
13,2456.9999999948955
14,2457.0000000089044
15,2457.0000000098603
16,2456.9999999928705
17,2457.00000001106
18,2457.0000000045866
19,2457.000000004296
20,2457.000000006419
