Run,Cost
1,4227.000000006963
2,4227.0000000037135
3,4440.999999991617
4,4226.999999980789
5,4440.999999987762
6,4227.000000026227
7,4440.999999992124
8,4440.999999986131
9,4227.000000016344
10,4440.999999995053
11,4441.000000015428
12,4440.999999970982
13,4441.000000009445
14,4227.000000002631
15,4226.9999999381735
16,4441.000000012206
17,4440.999999989036
18,4226.9999999744805
19,4440.999999982322
20,4440.999999967067
