Run,Cost
1,2261.0000000008704
2,2260.9999999913894
3,2260.999999982273
4,2260.9999999990546
5,2261.0000000084356
6,2261.0000000166706
7,2261.000000006941
8,2261.00000000285
9,2260.999999990547
10,2261.0000000024233
11,2261.000000005342
12,2260.999999990459
13,2260.9999999925335
14,2261.0000000020714
15,2261.0000000056684
16,2261.0000000037053
17,2260.999999994174
18,2260.999999993689
19,2261.0000000159007
20,2260.999999994895
