Run,Cost
1,2119.000000003969
2,2119.0000000015175
3,2118.9999999911097
4,2119.0000000040354
5,2118.999999991859
6,2119.000000005422
7,2119.000000000351
8,2112.0000000112404
9,2118.9999999900715
10,2112.0000000177815
11,2111.9999999852944
12,2119.000000004505
13,2118.9999999974425
14,2118.9999999973334
15,2119.000000012223
16,2112.0000000081654
17,2111.9999999958345
18,2119.0000000082227
19,2111.99999999627
20,2119.000000001303
