Run,Cost
1,3415.0000000171954
2,3414.9999999923125
3,3414.9999999937727
4,3415.000000008276
5,3415.0000000011055
6,3414.9999999930697
7,3414.999999988997
8,3414.9999999974398
9,3414.9999999924703
10,3415.000000000037
11,3415.0000000101
12,3414.9999999961665
13,3414.9999999986458
14,3414.9999999764104
15,3415.0000000005402
16,3415.0000000052596
17,3414.999999987894
18,3414.99999998835
19,3414.9999999857996
20,3414.999999996071
