Run,Cost
1,3553.9999999998245
2,3608.999999979133
3,3609.000000006144
4,3609.0000000017963
5,3609.0000000290725
6,3608.999999988953
7,3554.0000000135724
8,3554.0000000203745
9,3609.000000008543
10,3610.0000000217424
11,3609.0000000019513
12,3608.999999967442
13,3609.000000020478
14,3608.999999985469
15,3608.999999995463
16,3554.000000010947
17,3609.0000000003574
18,3608.9999999949705
19,3609.000000017077
20,3609.0000000158225
