Run,Cost
1,2439.999999981349
2,2362.9999999935217
3,2362.99999999132
4,2440.0000000076293
5,2439.9999999953575
6,2362.9999999963843
7,2363.0000000014224
8,2440.000000005657
9,2440.0000000075966
10,2362.999999985988
11,2440.0000000128407
12,2362.9999999954975
13,2440.0000000041787
14,2440.0000000056734
15,2439.9999999946317
16,2440.0000000263003
17,2439.9999999936867
18,2440.0000000005666
19,2439.9999999901656
20,2440.0000000080236
