Run,Cost
1,4390.999999986539
2,4390.999999989234
3,4390.999999977102
4,4391.000000005366
5,4390.999999999287
6,4390.999999966716
7,4391.000000016327
8,4391.000000000301
9,4390.999999984143
10,4390.999999983929
11,4391.000000000446
12,4390.999999988647
13,4391.000000035697
14,4390.999999993493
15,4391.000000011789
16,4391.0000000024675
17,4391.000000002943
18,4390.999999995615
19,4391.000000015017
20,4390.99999998466
