Run,Cost
1,4350.000000009237
2,4349.999999979072
3,4349.999999994096
4,4350.000000021929
5,4350.000000037043
6,4350.0000000091995
7,4349.999999978602
8,4350.000000006779
9,4350.000000004127
10,4350.000000010088
11,4349.999999994453
12,4349.999999998324
13,4349.999999970649
14,4349.999999992915
15,4350.000000020741
16,4350.000000007731
17,4349.999999940623
18,4350.000000043405
19,4349.999999992708
20,4349.999999974191
