Run,Cost
1,2835.0000000303503
2,3160.0000000052996
3,2824.0000000103255
4,2834.9999999872675
5,2834.999999999605
6,2823.999999980728
7,3172.0000000107784
8,2835.0000000016007
9,2835.000000005526
10,2824.0000000020154
11,3160.000000008478
12,2835.000000027412
13,3160.0000000314694
14,2835.000000019591
15,2823.999999988313
16,3172.000000032113
17,2823.9999999975357
18,3171.9999999854535
19,3160.0000000011755
20,3160.000000004299
