Run,Cost
1,2165.999999976254
2,2165.9999999970782
3,2166.0000000180535
4,2165.9999999994398
5,2165.9999999882634
6,2165.9999999954457
7,2165.9999999791444
8,2165.999999990135
9,2166.00000000493
10,2166.000000004551
11,2165.9999999758597
12,2165.999999980284
13,2166.0000000148557
14,2166.000000002788
15,2166.0000000124746
16,2166.000000006281
17,2165.9999999839515
18,2165.9999999936194
19,2166.0000000150912
20,2166.0000000057944
