Run,Cost
1,2084.9999999999204
2,2085.0000000027353
3,2085.0000000036603
4,2078.9999999868187
5,2084.99999999364
6,2078.999999991805
7,2079.0000000170135
8,2078.999999999248
9,2078.9999999998977
10,2085.000000006952
11,2078.999999986932
12,2079.0000000020655
13,2078.9999999962615
14,2078.9999999900724
15,2078.9999999979213
16,2079.0000000089303
17,2084.9999999992074
18,2085.0000000120326
19,2085.000000009213
20,2078.9999999978395
