Run,Cost
1,3906.9999999924717
2,3820.0000000021123
3,3906.9999999997244
4,3820.000000014486
5,3820.000000020673
6,3819.999999991254
7,3906.999999949213
8,3819.9999999661513
9,3819.9999999937427
10,3820.0000000096975
11,3820.0000000006207
12,3819.999999966682
13,3819.9999999879187
14,3819.999999996475
15,3906.999999978904
16,3907.0000000217365
17,3906.9999999741676
18,3820.0000000053165
19,3819.9999999993806
20,3906.999999984633
