Run,Cost
1,4716.999999994874
2,4717.000000022774
3,4717.000000002701
4,4717.000000017086
5,4716.999999982136
6,4716.999999999853
7,4716.999999993943
8,4716.9999999764
9,4717.000000025293
10,4717.000000038763
11,4716.999999997365
12,4717.000000002685
13,4717.000000011347
14,4716.999999956948
15,4716.999999983841
16,4717.000000008096
17,4716.999999997244
18,4716.999999991141
19,4717.000000019866
20,4716.999999994685
