Run,Cost
1,3186.9999999941515
2,3196.999999998525
3,3281.999999983359
4,3163.9999999875713
5,3180.999999994422
6,3058.999999999785
7,3281.9999999845727
8,3281.999999985526
9,3197.0000000015684
10,3058.9999999764855
11,3181.0000000226005
12,3196.9999999808606
13,3068.999999990771
14,3281.99999998262
15,3059.0000000111318
16,3282.000000007011
17,3164.000000008397
18,3196.9999999807123
19,3197.000000009753
20,3196.9999999948236
