Run,Cost
1,2166.9999999986467
2,2167.000000004797
3,2166.9999999960237
4,2167.0000000060113
5,2167.0000000039677
6,2166.9999999947336
7,2167.0000000128625
8,2166.9999999926495
9,2166.9999999963147
10,2167.0000000033565
11,2167.0000000097443
12,2166.9999999895167
13,2167.0000000139953
14,2166.9999999882884
15,2166.999999995221
16,2166.9999999974752
17,2167.000000009843
18,2166.999999997133
19,2166.9999999990555
20,2166.9999999993884
