Run,Cost
1,3092.9999999995107
2,3138.999999992246
3,3139.000000010767
4,3139.0000000095815
5,3139.0000000117902
6,3092.9999999780857
7,3139.000000000105
8,3093.0000000023197
9,3139.0000000210403
10,3138.999999993838
11,3139.000000008777
12,3139.0000000271166
13,3138.999999981734
14,3138.9999999880292
15,3093.0000000035207
16,3139.000000008286
17,3092.999999996871
18,3092.999999999417
19,3138.9999999861852
20,3092.9999999751967
