Run,Cost
1,2873.0000000103973
2,3030.9999999871784
3,2873.000000000085
4,2872.9999999993606
5,2873.000000001349
6,2873.000000002755
7,3048.9999999994366
8,3049.0000000026025
9,2873.000000000082
10,2873.000000010059
11,3031.0000000047285
12,3049.000000014683
13,3048.999999997594
14,3048.9999999868182
15,3049.000000002987
16,3048.9999999808842
17,3030.9999999891515
18,3048.999999983888
19,2873.000000005926
20,2872.9999999987713
