Run,Cost
1,3277.0000000016776
2,3277.000000009777
3,3277.0000000340565
4,3277.0000000127734
5,3277.0000000036607
6,3276.9999999864867
7,3277.0000000086807
8,3276.9999999995107
9,3276.99999998578
10,3277.000000037443
11,3277.000000007036
12,3276.9999999844194
13,3277.0000000114183
14,3277.0000000061546
15,3276.99999999284
16,3277.0000000107607
17,3276.999999995904
18,3276.999999997964
19,3277.000000004198
20,3276.999999993776
