Run,Cost
1,2878.0000000130253
2,3099.0000000042655
3,3099.000000008165
4,2870.999999995952
5,3092.99999998156
6,2877.9999999953575
7,3092.999999999762
8,3038.0000000070413
9,3014.0000000256855
10,2878.000000008473
11,2870.999999997765
12,3091.0000000175164
13,2877.999999996702
14,3057.0000000131163
15,2877.9999999866263
16,3090.999999993139
17,3093.000000020741
18,2870.999999995863
19,3028.0000000008786
20,3028.000000011087
