Run,Cost
1,2105.0000000129794
2,2105.000000010956
3,2137.000000013708
4,2136.9999999933952
5,2136.999999996758
6,2137.000000003507
7,2137.0000000031414
8,2136.9999999992406
9,2136.99999998741
10,2137.0000000153727
11,2137.0000000016994
12,2136.9999999955135
13,2104.999999993167
14,2136.999999989327
15,2104.99999999439
16,2137.000000010341
17,2136.9999999995052
18,2136.999999993376
19,2105.0000000029922
20,2137.000000009735
