Run,Cost
1,2269.000000004573
2,2268.9999999974593
3,2269.0000000093946
4,2268.9999999924466
5,2268.999999993776
6,2269.000000005678
7,2269.0000000041136
8,2268.999999992687
9,2268.9999999973115
10,2269.0000000084583
11,2269.000000012002
12,2269.000000003363
13,2268.999999998121
14,2268.999999998143
15,2269.000000006624
16,2268.999999990402
17,2268.999999997356
18,2268.9999999945126
19,2268.9999999962893
20,2269.0000000100526
