Run,Cost
1,4565.999999967584
2,4566.000000027284
3,4566.00000001488
4,4566.00000002249
5,4565.999999968434
6,4566.0000000227465
7,4565.999999996493
8,4566.000000019476
9,4566.000000006687
10,4566.000000022129
11,4565.9999999817155
12,4565.999999992104
13,4565.999999957467
14,4565.999999985129
15,4566.00000000632
16,4566.000000004045
17,4566.000000000536
18,4565.999999971767
19,4566.000000031768
20,4565.999999970938
