Run,Cost
1,4245.9999999723095
2,4245.9999999855645
3,4246.000000003779
4,4246.000000026401
5,4245.9999999773245
6,4246.000000006687
7,4246.0000000074015
8,4246.000000008695
9,4245.999999986178
10,4245.9999999684715
11,4245.999999979588
12,4245.999999968218
13,4245.9999999954025
14,4246.000000002008
15,4245.999999973106
16,4246.000000019115
17,4246.000000031292
18,4245.999999958758
19,4246.000000016015
20,4246.000000028535
