Run,Cost
1,1985.0000000034772
2,1985.0000000016669
3,1985.0000000037026
4,1984.9999999934364
5,1984.999999985561
6,1984.999999999605
7,1985.0000000065581
8,1985.0000000029386
9,1984.9999999885372
10,1985.0000000040502
11,1985.0000000047298
12,1985.0000000011084
13,1985.00000002083
14,1985.0000000092407
15,1985.0000000062482
16,1985.0000000057782
17,1985.0000000078455
18,1985.0000000164964
19,1985.0000000071218
20,1984.9999999967063
