Run,Cost
1,294480.4719427519
2,294480.0487662041
3,294480.47194264573
4,294480.4719424996
5,294480.47194284695
6,294480.0487663701
7,294480.0487664881
8,294480.4719425946
9,294480.47194235265
10,294480.04876632616
11,294480.471942578
12,294480.0487661411
13,294480.04876614094
14,294480.47194267577
15,294480.0487659997
16,294480.47194253217
17,294480.0487662357
18,294480.4719424698
19,294480.04876628006
20,294480.0487662359
