Run,Cost
1,227993.3273460695
2,227993.32734641354
3,227993.3273463453
4,227993.32734671113
5,227993.3273463122
6,227993.32734646887
7,227993.3273465038
8,227993.32734657128
9,227993.3273462943
10,227993.32734641866
11,227993.32734647297
12,227993.32734613577
13,227993.3273464472
14,227993.32734605786
15,227993.3273464636
16,227993.32734602975
17,227993.32734647044
18,227993.32734644678
19,227993.3273465166
20,227993.32734632964
