Run,Cost
1,284241.6103223106
2,284241.6103224524
3,284241.6103225669
4,284241.610322425
5,284241.6103225734
6,284241.61032224505
7,284241.6103225446
8,284241.610322496
9,284241.6103224754
10,284241.61032235535
11,284241.61032249837
12,284241.61032222037
13,284241.6103224473
14,284241.6103222295
15,284241.6103223668
16,284241.6103221064
17,284241.6103224081
18,284241.6103221855
19,284241.61032208626
20,284241.61032234767
