Run,Cost
1,228508.0941493196
2,228508.0941491584
3,228508.09414929
4,228508.09414938948
5,228508.0941493027
6,228508.0941491915
7,228508.09414918613
8,228508.09414896814
9,228508.0941490876
10,228508.0941492388
11,228508.09414930214
12,228508.09414898112
13,228508.09414939495
14,228508.09414954897
15,228508.09414930025
16,228508.09414937402
17,228508.09414904536
18,228508.094149263
19,228508.09414913063
20,228508.09414949577
