Run,Cost
1,283096.12995478057
2,283096.1299548821
3,283096.12995518855
4,283096.1299547838
5,283096.1299551085
6,283096.1299552346
7,283096.1299548532
8,283096.12995484326
9,283096.1299551656
10,283096.12995492877
11,283096.12995508563
12,283096.1299550755
13,283096.12995526136
14,283096.12995490746
15,283096.12995488255
16,283096.12995497504
17,283096.12995478703
18,283096.129954943
19,283096.1299548003
20,283096.1299552686
