Run,Cost
1,294462.5755729465
2,294462.57557320927
3,294462.5755729116
4,294462.57557274133
5,294462.575572693
6,294462.5755727393
7,294462.5755728479
8,294462.5755729077
9,294462.57557298226
10,294462.575572651
11,294462.57557304576
12,294462.5755729482
13,294462.5755730313
14,294462.57557321794
15,294462.57557285676
16,294462.57557281206
17,294462.5755726293
18,294462.5755729449
19,294462.5755727832
20,294462.5755729938
