Run,Cost
1,292171.75887427287
2,292171.75887418044
3,292171.75887383625
4,292171.7588741698
5,292171.75887437735
6,292171.7588739826
7,292171.75887411647
8,292171.7588743411
9,292171.7588744709
10,292171.75887393556
11,292171.75887449295
12,292171.75887407264
13,292171.7588741915
14,292171.758874147
15,292171.758874543
16,292171.75887406286
17,292171.7588739768
18,292171.7588741579
19,292171.75887379097
20,292171.75887410797
