Run,Cost
1,229280.37108827647
2,229280.37108827545
3,229280.3710884736
4,229280.37108838244
5,229280.3710880816
6,229280.37108837257
7,229280.37108822956
8,229280.3710882364
9,229280.37108806384
10,229280.3710882849
11,229280.37108799888
12,229280.37108833835
13,229280.37108841402
14,229280.37108835866
15,229280.3710879729
16,229280.37108818523
17,229280.3710882955
18,229280.37108815814
19,229280.37108851035
20,229280.37108805633
