Run,Cost
1,280629.4734844918
2,280629.4734844335
3,280629.4734845381
4,280629.47348456713
5,280629.47348442336
6,280629.473484497
7,280629.47348442685
8,280629.47348464123
9,280629.4734845104
10,280629.4734846988
11,280629.4734849277
12,280629.47348440014
13,280629.47348453285
14,280629.47348409006
15,280629.4734844483
16,280629.47348426754
17,280629.4734843825
18,280629.4734845325
19,280629.47348444257
20,280629.47348461056
