Run,Cost
1,283042.3063203066
2,283042.3063203566
3,283038.7770119671
4,283042.3063201422
5,283042.3063200202
6,283042.30632026994
7,283038.77701209224
8,283042.3063205182
9,283042.30632004334
10,283042.3063201862
11,283042.30632022856
12,283042.3063205361
13,283042.3063199753
14,283038.77701191354
15,283038.7770120032
16,283042.3063204666
17,283038.7770119109
18,283038.77701192664
19,283042.3063204249
20,283042.3063203439
