Category,Mean_Instance_Improvement
CREMI,0.0019420579235270331
image_seg,0.052260767233157264
knott-3d-150,0.12187241320392843
knott-3d-300,0.09347384247717758
knott-3d-450,-0.010976673351248488
