Run,Cost
1,387361.28646250436
2,387361.2864884631
3,387361.2864637955
4,387361.2864637309
5,387361.28648784454
6,387361.28648685606
7,387361.2864629284
8,387361.28648833284
9,387361.28648928
10,387361.2864641293
11,387361.2864885325
12,387361.2864871808
13,387361.2864633219
14,387361.2864891976
15,387361.28646484716
16,387361.2864877542
17,387361.28648825374
18,387361.2864642579
19,387361.2864642409
20,387361.2864632144
