Run,Cost
1,113242.8438617562
2,113242.84386152742
3,113242.84386199646
4,113242.84386254007
5,113242.8438628467
6,113242.84386203527
7,113242.84386190193
8,113242.84386214869
9,113242.84386211833
10,113242.84386195053
11,113242.84386157362
12,113242.84386249806
13,113242.8438624452
14,113242.84386191018
15,113242.84386228317
16,113242.84386219124
17,113242.84386216094
18,113242.84386213844
19,113242.84386184106
20,113242.84386207747
