Run,Cost
1,619924.2334358764
2,619924.2334361281
3,619924.2334359128
4,619924.2334359513
5,619924.2334358485
6,619924.2334359819
7,619924.2334359104
8,619924.2334359229
9,619924.2334358852
10,619924.2334360919
11,619924.2334358665
12,619924.2334362685
13,619924.2334361456
14,619924.2334359747
15,619924.2334359783
16,619924.2334359244
17,619924.2334357424
18,619924.2334361199
19,619924.2334359612
20,619924.2334358054
