Run,Cost
1,54.00000000166466
2,52.00000000646399
3,45.00000001224774
4,48.00000001558647
5,56.00000001003872
6,50.00000000562084
7,55.00000000511178
8,51.00000001977419
9,45.000000005343665
10,49.00000000959157
11,51.000000015040534
12,51.00000000716537
13,56.00000001145544
14,58.0000000092645
15,55.000000004337295
16,48.00000000020476
17,50.00000001074259
18,51.00000000587942
19,53.00000000620311
20,55.00000001345043
