Run,Cost
1,47.000000006819484
2,47.000000007111126
3,51.00000001073691
4,45.00000001160239
5,46.000000011331345
6,53.000000014905176
7,45.00000000697106
8,48.00000001200002
9,44.000000004369085
10,46.000000005882505
11,51.00000001563167
12,45.00000000419877
13,41.00000000950047
14,47.000000008338716
15,45.00000001562709
16,47.00000000778875
17,46.00000000580192
18,44.000000014629244
19,47.0000000113883
20,48.00000000711281
