Run,Cost
1,53.00000000282896
2,52.000000008560015
3,57.000000004372055
4,50.000000000385555
5,59.999999994592066
6,59.99999999883319
7,59.00000000358707
8,57.000000005800096
9,45.99999999990084
10,58.00000000744842
11,54.000000003979096
12,58.00000000626833
13,54.00000000563291
14,45.0000000042799
15,59.0000000203825
16,53.00000000337133
17,51.000000000791744
18,43.00000000755815
19,45.000000011363134
20,49.00000001425804
