Run,Cost
1,89.00000000568254
2,75.00000001585106
3,78.99999999866691
4,84.99999999453576
5,65.00000001776694
6,81.99999999871656
7,77.00000000458995
8,82.00000001074365
9,80.99999999734332
10,67.00000000906924
11,89.00000001169596
12,74.99999999527898
13,79.00000000839391
14,88.99999999605382
15,73.00000000242947
16,79.00000000874829
17,80.99999999997722
18,89.00000000595604
19,88.99999999660736
20,77.99999999394844
