Run,Cost
1,76.00000000097886
2,77.00000000576495
3,67.00000000051847
4,72.00000000067863
5,61.00000000003589
6,76.99999999405144
7,73.00000000286758
8,69.00000000305005
9,65.99999999607545
10,64.00000000996337
11,70.00000000979189
12,77.99999999836726
13,48.000000012000925
14,76.99999999658705
15,76.00000000102611
16,71.00000000058027
17,70.99999999094261
18,78.00000001060617
19,78.00000000899686
20,75.00000001224707
