Run,Cost
1,55.00000000273469
2,60.00000000034659
3,58.000000008172144
4,55.00000001039003
5,56.000000004736165
6,57.000000002155986
7,52.00000001361767
8,57.00000000862522
9,54.000000002447266
10,58.99999999779338
11,57.000000002322444
12,59.000000001849486
13,57.00000000874331
14,58.99999999913567
15,58.00000000829596
16,57.000000001411166
17,59.99999999974833
18,58.000000005343516
19,53.00000000367964
20,55.00000000289661
