Run,Cost
1,76.00000000885811
2,75.0000000057043
3,76.00000000237003
4,76.00000000382211
5,68.00000000065012
6,74.99999999519753
7,76.00000000133295
8,76.0000000032997
9,76.00000000712376
10,76.00000000983077
11,75.00000000857824
12,75.00000000601695
13,76.00000000383214
14,76.00000000495305
15,74.00000000099382
16,76.00000001435728
17,74.000000008682
18,73.99999999632288
19,75.00000000152556
20,74.9999999929716
