Run,Cost
1,60.000000007579374
2,74.99999999332702
3,76.00000000483007
4,69.99999999694418
5,76.0000000024567
6,65.00000000694168
7,61.999999995210686
8,60.999999998459714
9,63.00000000075235
10,72.00000000297514
11,76.00000000182887
12,75.0000000128711
13,64.0000000010823
14,75.99999999852805
15,76.00000001125017
16,75.00000000556494
17,66.00000000605134
18,71.0000000096054
19,67.00000000533834
20,69.00000001052958
