Run,Cost
1,53.00000001014628
2,46.00000001426216
3,55.00000000941343
4,52.00000001055264
5,55.00000000553416
6,53.00000001307336
7,55.00000000702313
8,49.0000000079942
9,55.99999999721949
10,55.00000000921957
11,49.00000000909329
12,54.00000000166481
13,53.00000000490853
14,50.00000000548179
15,56.000000005061416
16,57.00000001051051
17,50.00000000534477
18,55.00000000961454
19,53.00000000576144
20,49.00000001473735
