Run,Cost
1,72.00000000344974
2,71.9999999985896
3,69.00000000126919
4,72.00000000572594
5,67.99999999916469
6,72.00000001006133
7,71.99999999830396
8,66.00000000503225
9,72.00000000560915
10,60.00000000817254
11,64.00000000836422
12,67.00000000787334
13,72.00000000482392
14,72.00000000790514
15,67.99999999497882
16,68.00000000362033
17,70.00000000787344
18,70.99999999647963
19,66.99999999868618
20,72.0000000019996
