Run,Cost
1,69.999999999547
2,77.99999999057393
3,78.00000000253762
4,78.00000000786598
5,76.9999999996842
6,74.00000000397212
7,76.00000000344515
8,73.00000000332385
9,78.000000011667
10,77.00000000492643
11,78.00000000120299
12,77.99999999916977
13,78.00000000261997
14,78.0000000114671
15,73.00000000411482
16,78.00000001314325
17,78.00000000991339
18,77.00000000801793
19,77.99999999988668
20,77.00000001044809
