Run,Cost
1,70.00000001266493
2,55.000000011748966
3,61.00000001701021
4,61.00000000733564
5,65.99999999997502
6,62.00000000829459
7,70.0000000020569
8,64.00000000835222
9,69.00000001743172
10,62.00000001399403
11,65.0000000006585
12,66.00000000565812
13,63.00000000269358
14,70.00000000005005
15,58.00000000967943
16,67.00000000053294
17,65.0000000106158
18,65.99999999989925
19,60.00000001138711
20,68.00000000914142
