Run,Cost
1,50.00000000782452
2,50.0000000097574
3,51.000000010609696
4,48.00000001408364
5,48.00000001766105
6,47.00000001279974
7,43.00000001170634
8,46.000000012982646
9,51.000000012621626
10,48.00000001517039
11,54.0000000053434
12,49.000000006396355
13,48.0000000057572
14,53.000000015199106
15,56.000000007134986
16,50.00000001059484
17,50.00000001094647
18,52.0000000115999
19,47.00000001434658
20,42.0000000119755
