Run,Cost
1,88.9999999995694
2,89.00000000248211
3,88.99999999697276
4,89.00000000019557
5,88.99999999488372
6,89.00000001147467
7,89.00000000550376
8,88.99999999500658
9,89.00000000133048
10,89.0000000089806
11,89.00000000892476
12,84.99999999181587
13,83.99999999872256
14,88.99999999698205
15,89.00000000704809
16,89.00000000787666
17,80.00000000983061
18,89.00000000604393
19,81.99999998922216
20,77.00000001127256
