Run,Cost
1,55.9999999983469
2,56.00000000896815
3,58.00000000466385
4,55.00000001096059
5,53.00000001228884
6,56.00000001517134
7,57.000000010220525
8,54.00000000456168
9,56.000000009253704
10,53.00000001413637
11,56.00000000391474
12,51.000000018037404
13,47.00000001027707
14,56.000000013459726
15,55.00000000456902
16,53.0000000046337
17,55.000000012730325
18,52.00000000966986
19,48.00000001356703
20,58.00000000087252
