Run,Cost
1,104.00000001192578
2,97.00000001902029
3,96.00000002435146
4,110.00000002335747
5,89.0000000238524
6,105.00000002021704
7,111.00000002049914
8,105.00000001058874
9,100.00000002395608
10,102.0000000072403
11,95.00000002314677
12,106.00000000887954
13,100.0000000245329
14,102.00000002352547
15,103.00000001318219
16,97.0000000288469
17,101.0000000184429
18,91.00000001433295
19,96.00000002452674
20,104.00000002386983
