Run,Cost
1,63.00000000588563
2,64.00000000532782
3,61.00000000567934
4,62.000000007252424
5,60.00000001235527
6,57.00000000955476
7,59.99999999947702
8,59.00000001436312
9,64.99999999908313
10,59.00000001206452
11,61.000000004901146
12,60.000000011248225
13,60.000000011929686
14,59.99999999808659
15,62.00000001274185
16,64.00000000915928
17,58.00000000823978
18,61.000000008887476
19,60.00000000673867
20,63.00000000644497
