Run,Cost
1,57.00000000830024
2,54.00000000926313
3,58.000000006638146
4,61.00000000166593
5,59.0000000030507
6,60.00000001047125
7,59.00000001220431
8,55.999999999001915
9,59.00000000607761
10,62.000000004993275
11,56.00000000246747
12,58.00000000606195
13,60.00000000244146
14,59.00000000761311
15,55.00000000547941
16,56.00000001529092
17,59.00000000182621
18,58.000000009696855
19,59.00000001548831
20,54.00000000864898
