Run,Cost
1,95.00000000280741
2,98.00000000679202
3,97.9999999996585
4,96.00000000262668
5,98.00000000344131
6,97.00000000900438
7,96.00000000558057
8,95.00000001567837
9,97.99999999823537
10,97.0000000083267
11,96.99999999013225
12,95.99999999268154
13,92.9999999963739
14,98.00000001377259
15,97.99999999598
16,96.00000000026907
17,97.00000000308975
18,96.99999999617498
19,95.0000000026383
20,97.00000000912763
