Run,Cost
1,86.00000000632866
2,92.99999999626556
3,91.00000001743598
4,96.99999999596236
5,95.99999999408438
6,94.00000000695442
7,94.00000001770145
8,94.00000000239787
9,92.00000000444858
10,97.0000000036781
11,86.99999998675915
12,97.00000000291429
13,90.9999999904754
14,98.00000000143714
15,97.00000000648647
16,89.99999999250176
17,87.99999999901972
18,90.00000001148287
19,95.00000000714842
20,92.00000000474915
