Run,Cost
1,43.0000000066258
2,42.00000000601232
3,43.00000000115561
4,44.00000000240328
5,44.00000000132415
6,45.00000000102326
7,42.00000000247283
8,40.00000000296503
9,45.00000000526146
10,42.00000000965186
11,43.99999999414196
12,45.000000003310774
13,46.000000011617885
14,42.00000000481247
15,42.00000000079227
16,45.99999999714508
17,45.00000000466874
18,40.00000000698078
19,45.99999999804382
20,40.00000000146015
