Run,Cost
1,10840.760442036917
2,10840.760442022469
3,10840.760442067945
4,10840.760441983475
5,10840.760442005765
6,10840.760442014138
7,10840.760442014416
8,10840.760442051434
9,10840.760441976277
10,10840.76044203067
11,10840.760442034487
12,10840.760442082483
13,10840.760442036262
14,10840.760442058816
15,10840.760442036704
16,10840.760441995302
17,10840.760442075729
18,10840.760442029483
19,10840.760442017736
20,10840.760442003586
