Run,Cost
1,5983.872102148532
2,5983.872102107664
3,5983.872102072689
4,5983.872102157565
5,5983.872102128049
6,5983.872102154835
7,5983.872102185374
8,5983.872102137739
9,5983.872102120031
10,5983.8721021558285
11,5983.872102142324
12,5983.872102130484
13,5983.872102123168
14,5983.872102173194
15,5983.872102164678
16,5983.872102138388
17,5983.872102165309
18,5983.872102122987
19,5983.872102159785
20,5983.872102109311
