Run,Cost
1,16828.971637495346
2,16828.971637487113
3,16828.971637517985
4,16828.971637521205
5,16828.971637461796
6,16828.971637493618
7,16828.97163751963
8,16828.97163751636
9,16828.97163746527
10,16828.97163753961
11,16828.971637511986
12,16828.971637474555
13,16828.97163752874
14,16828.971637446404
15,16828.97163748055
16,16828.97163752734
17,16828.971637534396
18,16828.971637477447
19,16828.9716374963
20,16828.971637536735
