Run,Cost
1,4125.3854861460695
2,4125.385486106419
3,4125.385486088616
4,4125.3854860961665
5,4125.385486172808
6,4125.385486062851
7,4125.385486108271
8,4125.385486080251
9,4125.385486064946
10,4125.385486095657
11,4125.385486093878
12,4125.385486088421
13,4125.385486141232
14,4125.385486140175
15,4125.385486147479
16,4125.385486102769
17,4125.385486155161
18,4125.385486128369
19,4125.385486110773
20,4125.385486121802
