Run,Cost
1,16828.971637437946
2,16828.9716374563
3,16828.971637476076
4,16828.971637487415
5,16828.97163749437
6,16828.971637478495
7,16828.971637475996
8,16828.971637534498
9,16828.971637453327
10,16828.97163748658
11,16828.97163753399
12,16828.97163743557
13,16828.971637461796
14,16828.971637476072
15,16828.971637423456
16,16828.971637460018
17,16828.97163748507
18,16828.97163747016
19,16828.97163752871
20,16828.971637532657
