Run,Cost
1,10840.760441985285
2,10840.76044203966
3,10840.760441975488
4,10840.760442067116
5,10840.760442009514
6,10840.76044200595
7,10840.760442023578
8,10840.76044201428
9,10840.76044201785
10,10840.760441999544
11,10840.76044203559
12,10840.760442057972
13,10840.760442013056
14,10840.760442100833
15,10840.760442038867
16,10840.760442032619
17,10840.760442029283
18,10840.760441958075
19,10840.760441976538
20,10840.760442048799
