Run,Cost
1,4624.574669255887
2,4624.5746692134635
3,4624.574669277495
4,4624.574669246725
5,4624.574669204146
6,4624.574669274339
7,4624.5746692674575
8,4624.574669244738
9,4624.574669231749
10,4624.574669223498
11,4624.574669198501
12,4624.57466924521
13,4624.574669228343
14,4624.574669268745
15,4624.57466926581
16,4624.574669252524
17,4624.574669243674
18,4624.574669242795
19,4624.574669244428
20,4624.574669267251
