Run,Cost
1,3041.0000000097502
2,3041.0000000128307
3,3041.0000000161917
4,3041.000000012535
5,3041.000000018408
6,3040.9999999978813
7,3040.999999999443
8,3041.000000024696
9,3041.0000000071755
10,3041.000000004671
11,3040.999999977914
12,3041.000000002459
13,3040.9999999785246
14,3040.9999999750557
15,3041.0000000036616
16,3041.0000000111395
17,3041.000000001149
18,3040.999999974778
19,3040.9999999929755
20,3040.999999971246
