Run,Cost
1,14612.999999999141
2,14613.000000002183
3,14613.000000016189
4,14613.000000008109
5,14612.999999988699
6,14613.000000007316
7,14612.999999971855
8,14612.999999986925
9,14613.00000000035
10,14613.000000002537
11,14612.999999969023
12,14612.99999998944
13,14612.999999988315
14,14612.999999999727
15,14613.000000028263
16,14613.000000007158
17,14613.000000007149
18,14612.999999962036
19,14613.000000011953
20,14612.999999991958
