Run,Cost
1,20400.999999978274
2,20401.000000037056
3,20401.000000072752
4,20401.000000025124
5,20401.000000038017
6,20401.000000023458
7,20401.00000000635
8,20401.000000056483
9,20400.999999970987
10,20401.000000044605
11,20400.99999995382
12,20400.999999991243
13,20401.00000004409
14,20401.000000002998
15,20400.99999993914
16,20400.999999996897
17,20401.00000000219
18,20400.999999997468
19,20400.999999993368
20,20400.999999991494
