Run,Cost
1,11774.999999951766
2,11775.000000068663
3,11775.000000007878
4,11774.999999987684
5,11774.999999977112
6,11774.99999999823
7,11774.999999941327
8,11775.000000007944
9,11774.999999959357
10,11774.99999999376
11,11775.000000037708
12,11774.999999956744
13,11774.99999999519
14,11775.00000003646
15,11774.999999894833
16,11774.999999958622
17,11774.999999990045
18,11775.00000000884
19,11775.00000001077
20,11775.000000007029
