Run,Cost
1,72820.00000002937
2,72819.9999999247
3,72819.9999999856
4,72820.00000004606
5,72820.0000000025
6,72819.99999997223
7,72820.00000003495
8,72819.99999995608
9,72820.00000003158
10,72819.9999999685
11,72820.00000007542
12,72820.00000000671
13,72820.00000003228
14,72820.00000001151
15,72819.99999999434
16,72819.99999998258
17,72820.00000007437
18,72819.99999997362
19,72819.99999995485
20,72819.99999997561
