Run,Cost
1,11775.000000001535
2,11774.999999975287
3,11775.000000005322
4,11774.999999963145
5,11775.000000023483
6,11775.000000001675
7,11775.000000022457
8,11775.000000030508
9,11775.000000001988
10,11774.999999978467
11,11775.000000019798
12,11774.99999995897
13,11774.999999985635
14,11775.000000012664
15,11774.999999980542
16,11774.999999993122
17,11775.000000048156
18,11774.999999953992
19,11775.000000015645
20,11774.999999995696
