Run,Cost
1,72628.99999998188
2,72629.00000004271
3,72629.00000003021
4,72629.00000007298
5,72629.00000008036
6,72628.99999997523
7,72628.99999998594
8,72628.99999998217
9,72629.00000002903
10,72629.00000004051
11,72628.99999993871
12,72629.00000001304
13,72628.99999994838
14,72628.99999999082
15,72629.00000001729
16,72628.99999990423
17,72629.00000003196
18,72628.99999995563
19,72629.0000000404
20,72629.00000002098
