Run,Cost
1,73067.99999998102
2,73068.00000001823
3,73067.99999993558
4,73067.99999996413
5,73067.99999995292
6,73068.00000000121
7,73067.999999949
8,73068.00000000595
9,73067.9999999622
10,73068.00000005761
11,73068.0000000545
12,73067.99999996561
13,73067.9999999766
14,73067.9999998966
15,73067.99999991084
16,73068.00000003552
17,73067.99999995394
18,73068.00000002276
19,73067.99999994908
20,73068.00000004057
