Run,Cost
1,1296.0000000021719
2,1296.000000018071
3,1295.9999999905542
4,1295.9999999838403
5,1296.0000000097073
6,1295.999999994092
7,1295.9999999914994
8,1296.0000000102586
9,1296.0000000111352
10,1296.0000000088446
11,1296.0000000044326
12,1295.99999999952
13,1296.0000000016385
14,1296.0000000006069
15,1295.999999993308
16,1296.0000000102757
17,1295.999999997171
18,1296.0000000033547
19,1295.9999999992947
20,1296.0000000050786
