Run,Cost
1,78.00000000443562
2,70.00000000022277
3,78.00000000135294
4,77.9999999959414
5,77.99999999885488
6,78.0000000100357
7,69.99999999511328
8,78.00000001901437
9,77.99999999957981
10,75.9999999865431
11,75.99999999443342
12,78.0000000023899
13,77.99999999943783
14,77.99999999957416
15,77.99999999730787
16,77.99999999935663
17,78.00000000016037
18,78.00000000292351
19,77.9999999984415
20,78.00000000382836
