Run,Cost
1,59.00000000680455
2,56.000000005962114
3,58.00000000963187
4,52.00000000443367
5,61.000000000162345
6,58.00000000044448
7,60.0000000027078
8,58.00000000695919
9,55.00000000307648
10,53.00000000627923
11,59.99999999912602
12,52.000000003019984
13,55.00000000932722
14,57.99999999938833
15,53.999999999735024
16,60.00000001068733
17,50.000000005069765
18,54.000000002657025
19,58.00000001122114
20,54.00000000644911
