Run,Cost
1,77.00000000638481
2,75.99999999483111
3,78.00000000312492
4,77.00000000077013
5,77.9999999977325
6,72.99999999855835
7,71.0000000029419
8,77.99999999609723
9,78.00000000726837
10,76.00000001007801
11,78.0000000056244
12,77.99999999925944
13,78.00000000420555
14,61.000000010371586
15,76.00000000973836
16,78.00000000396459
17,76.99999999454772
18,75.99999998817343
19,76.99999999343702
20,75.99999999466155
