Run,Cost
1,89.00000000899583
2,88.99999999587129
3,83.9999999980123
4,88.99999999502317
5,88.99999999496856
6,88.99999999515498
7,89.00000000613726
8,89.0000000030656
9,89.00000000296548
10,88.99999999617258
11,82.00000000801651
12,88.99999998396954
13,89.00000000349931
14,79.00000000241869
15,78.99999999937948
16,89.00000000902065
17,88.99999999103137
18,89.00000000485697
19,89.00000000025796
20,89.00000001163197
