Run,Cost
1,47.00000000926627
2,50.999999995404096
3,56.999999999794284
4,52.999999992747824
5,54.00000000083256
6,55.00000000194986
7,52.000000000127855
8,51.999999997813035
9,48.00000000086995
10,57.000000014365675
11,60.00000000253506
12,53.00000000625772
13,57.00000000638654
14,56.00000001357764
15,55.00000000028248
16,54.00000001147716
17,57.00000000258681
18,56.00000000338019
19,49.999999994245364
20,56.99999999955041
