Run,Cost
1,58.00000000133031
2,61.0000000055921
3,56.99999999596433
4,58.00000000239466
5,61.00000000348638
6,61.00000000558677
7,59.00000000849455
8,55.00000000690668
9,57.000000003543484
10,57.00000000967233
11,55.99999999803466
12,54.99999999577975
13,56.00000000378637
14,56.00000000400001
15,59.00000000089802
16,57.000000002946486
17,55.00000000395048
18,58.000000010589
19,58.000000004088754
20,58.99999999437036
