Run,Cost
1,89.00000000026607
2,84.99999999916464
3,78.99999999937543
4,89.0000000126583
5,84.00000000305482
6,82.0000000015415
7,89.00000000610181
8,77.00000000103525
9,84.0000000053745
10,81.99999999717791
11,89.00000000575936
12,80.999999996287
13,81.99999999947897
14,84.0000000001322
15,89.00000000774776
16,89.00000000176061
17,75.9999999997374
18,85.00000000728636
19,82.00000000947624
20,89.0000000113044
