Run,Cost
1,72.00000000399584
2,72.00000000149646
3,72.00000001128663
4,71.99999999492
5,72.00000000427558
6,72.00000000611332
7,72.00000000252322
8,72.00000000379504
9,72.00000000724289
10,72.0000000074645
11,71.99999999872463
12,72.00000000166371
13,65.00000000190838
14,67.99999999929878
15,64.00000001066742
16,72.00000000037623
17,72.00000000578004
18,68.00000000099033
19,71.99999999940792
20,65.0000000090822
