Run,Cost
1,72.00000000836206
2,72.00000000331589
3,72.00000000621921
4,72.0000000005255
5,71.99999999172388
6,62.000000007127554
7,68.00000000390743
8,66.99999999479972
9,71.00000000669498
10,71.00000000529606
11,72.00000000254444
12,71.99999999972822
13,67.00000001259295
14,71.00000000712312
15,67.00000000281959
16,72.0000000090585
17,72.00000002144604
18,66.00000000232727
19,65.00000001015276
20,71.99999998427113
