Run,Cost
1,44.000000003043986
2,45.00000000306329
3,41.00000000504635
4,41.9999999974529
5,45.000000007262344
6,47.999999997823046
7,38.00000000913671
8,43.0000000026384
9,39.99999999653652
10,43.00000000609146
11,44.00000000807942
12,45.99999999701258
13,44.00000000718388
14,46.000000000790465
15,41.00000000740554
16,47.00000000170602
17,43.00000001131145
18,42.000000002854065
19,38.00000000303157
20,43.00000000894494
