Run,Cost
1,65.99999999862972
2,60.999999998160035
3,62.00000000422259
4,58.000000007546994
5,64.00000000582679
6,70.00000001263982
7,65.00000000534114
8,68.99999999945251
9,61.0000000022888
10,64.00000000790585
11,65.99999999902711
12,69.99999999570437
13,66.00000000121669
14,66.99999999688464
15,69.00000000619798
16,69.00000000428459
17,64.00000000443373
18,66.00000000046921
19,64.99999999938215
20,60.000000008371764
