Run,Cost
1,43.00000001351015
2,45.000000013514686
3,47.00000000797328
4,53.00000000925067
5,57.0000000054968
6,46.000000011848385
7,57.00000001477148
8,47.000000021875834
9,44.000000007382354
10,50.00000000783987
11,47.00000000900832
12,52.00000001029822
13,47.00000000646127
14,44.00000000973442
15,53.00000000316608
16,51.000000005171536
17,44.000000014377534
18,46.00000001171285
19,52.00000000960193
20,50.00000000613866
