Run,Cost
1,56.99999999894182
2,58.00000000047708
3,60.000000003227996
4,59.00000001286423
5,43.00000000812366
6,57.99999999653626
7,60.00000000646934
8,60.00000000798295
9,58.00000000584697
10,60.00000001246759
11,58.00000000213193
12,59.00000000531787
13,59.999999998497536
14,60.00000000742347
15,49.00000000379266
16,59.99999999805465
17,59.000000002107704
18,58.00000000671358
19,58.000000006884775
20,59.00000000620652
