Run,Cost
1,56.00000000284606
2,57.00000001755517
3,57.00000000227172
4,53.000000006157755
5,55.00000001059962
6,53.99999999523024
7,51.00000000789021
8,59.00000000448856
9,58.00000000464646
10,54.00000001491563
11,55.00000001300499
12,53.00000000319969
13,44.00000001626211
14,59.99999999959387
15,53.00000000407252
16,58.000000006791595
17,52.00000000896797
18,47.000000014477884
19,55.00000001007332
20,52.000000004551055
