Run,Cost
1,70.00000000322429
2,69.0000000023737
3,69.99999999797268
4,70.00000000809422
5,67.00000000378438
6,69.99999999286767
7,70.00000000043869
8,63.999999994596784
9,69.99999999509413
10,61.00000001141192
11,70.00000000795711
12,60.99999999312629
13,70.00000000721884
14,69.99999999610458
15,62.0000000027831
16,60.99999999421166
17,70.00000000452548
18,68.00000000130458
19,63.999999998208985
20,67.00000000228108
