Run,Cost
1,39.00000001514086
2,46.00000001321062
3,40.00000001296576
4,47.000000011696
5,40.00000001553593
6,44.000000006227765
7,44.000000015866256
8,42.00000000810869
9,42.0000000064281
10,41.00000001170554
11,44.00000001218931
12,45.00000001029406
13,46.000000007344916
14,44.00000000710238
15,43.00000000761541
16,40.000000011988334
17,44.000000012403696
18,42.00000001639201
19,45.000000013043845
20,42.00000001249616
