Run,Cost
1,63.00000000704037
2,61.00000000244881
3,57.0000000066102
4,68.00000000106536
5,65.00000000764513
6,64.00000001533547
7,66.00000000468361
8,66.00000000432895
9,66.0000000080505
10,69.00000000658135
11,66.00000001274987
12,57.00000001071889
13,68.00000000655595
14,66.0000000078025
15,68.00000000149679
16,61.00000000483642
17,69.00000001053554
18,59.99999999996583
19,65.00000000391321
20,58.99999999842907
