Run,Cost
1,96.99999999048727
2,97.00000000394812
3,96.00000000343523
4,97.0000000065135
5,96.9999999989309
6,96.99999999890437
7,95.99999999199117
8,96.99999999287236
9,97.00000000431207
10,96.99999999448077
11,96.99999999706985
12,97.00000001815008
13,96.99999999756407
14,94.99999999219249
15,97.00000000822737
16,95.00000000288497
17,94.00000001253004
18,98.00000000311738
19,96.99999999280764
20,94.99999999133847
