Run,Cost
1,63.999999989771304
2,62.00000001297847
3,57.00000000016451
4,55.00000001398735
5,62.999999999354756
6,62.0000000020719
7,61.00000000319667
8,59.000000002703814
9,59.0000000165072
10,63.00000000000973
11,60.00000001141126
12,60.99999999732637
13,61.00000000441612
14,61.00000000248413
15,60.0000000067269
16,59.00000001197721
17,60.0000000028212
18,57.00000000674491
19,59.000000005851376
20,60.00000000371855
