Run,Cost
1,63.0000000035199
2,63.00000000494674
3,62.99999999975292
4,65.00000001225322
5,63.00000000135557
6,64.00000000640345
7,63.000000000662446
8,61.999999998601545
9,66.00000000502081
10,66.00000000297854
11,55.99999999520488
12,64.00000000704198
13,62.00000002497084
14,66.00000001399768
15,66.00000000727245
16,64.00000000948194
17,63.00000000003207
18,62.00000000600351
19,67.00000000262973
20,66.00000000515004
