Run,Cost
1,90.00000002172354
2,108.0000000164391
3,102.0000000310842
4,124.00000002346553
5,124.00000001889283
6,107.0000000237713
7,125.0000000277426
8,122.00000001313416
9,112.00000001698655
10,115.00000002129458
11,106.0000000337674
12,117.00000003269543
13,109.00000003631567
14,113.0000000146288
15,115.00000001561878
16,118.00000002066902
17,107.00000001723377
18,120.0000000260862
19,123.00000000586851
20,103.00000002666533
