Run,Cost
1,95.00000000989034
2,96.00000000734558
3,97.99999999147785
4,94.99999999675912
5,97.00000000588325
6,94.00000001751506
7,98.00000000258741
8,93.99999999833425
9,95.99999999303415
10,98.00000001214055
11,97.00000000099864
12,96.0000000033761
13,96.0000000140175
14,90.9999999950896
15,96.00000000095639
16,97.0000000077407
17,95.00000000544759
18,90.99999999883728
19,94.9999999901066
20,93.9999999987997
