Run,Cost
1,100.99999999780997
2,100.99999998866186
3,101.00000001792053
4,98.00000000698296
5,98.00000000163575
6,97.00000001947049
7,100.9999999938895
8,101.00000000419942
9,101.00000000624583
10,98.00000000920011
11,97.9999999947789
12,100.9999999945682
13,98.00000000615073
14,99.99999999406562
15,99.99999999639299
16,100.99999999813991
17,101.0000000066228
18,101.00000000534862
19,100.00000000627483
20,98.00000000010972
