Run,Cost
1,4081.82058528073
2,4082.760936140747
3,4082.760936200195
4,4082.7609361313134
5,4081.820585217147
6,4082.760936145623
7,4081.820585247437
8,4081.8205852248425
9,4082.760936143088
10,4082.760936130934
11,4081.820585253749
12,4081.8205852483447
13,4081.8205852640695
14,4082.7609361189425
15,4081.8205852399683
16,4082.7609361681552
17,4081.820585244784
18,4082.760936133274
19,4082.760936155907
20,4082.760936167537
