Run,Cost
1,10811.846614331884
2,10811.846614406562
3,10811.84661436273
4,10811.846614311038
5,10811.846614351369
6,10811.846614375101
7,10811.84661436503
8,10811.846614384613
9,10811.84661436528
10,10811.846614366808
11,10811.846614372756
12,10811.846614372238
13,10811.846614384387
14,10811.84661433619
15,10811.846614361843
16,10811.846614356044
17,10811.846614374163
18,10811.846614372585
19,10811.846614384694
20,10811.846614308468
