Run,Cost
1,15785.195476928406
2,15793.322059342438
3,15785.195477047517
4,15791.27513828209
5,15785.195477014146
6,15791.275138278292
7,15785.195476989877
8,15793.322059286045
9,15791.275138314313
10,15787.242397962227
11,15791.275138310348
12,15791.275138279882
13,15791.275138249202
14,15793.3220592251
15,15785.195476977722
16,15791.275138201047
17,15785.195477004241
18,15787.24239805047
19,15785.195477027659
20,15785.195477031295
