Run,Cost
1,5775.194094014475
2,5775.194094067992
3,5775.194094046805
4,5775.194094076472
5,5775.194094046805
6,5775.194094078004
7,5775.1940940611485
8,5775.194094090401
9,5775.194094037051
10,5775.194094023946
11,5775.194094035876
12,5775.194094106314
13,5775.194094083638
14,5775.194094087898
15,5775.194094082148
16,5775.194094044595
17,5775.194094020952
18,5775.194094076906
19,5775.1940940468
20,5775.194094065426
