Run,Cost
1,5732.433289299897
2,5733.1373566407565
3,5733.137356611117
4,5732.433289310528
5,5733.137356647625
6,5732.433289312485
7,5732.433289311372
8,5733.1373566843895
9,5733.137356615363
10,5733.137356684714
11,5732.433289301338
12,5733.137356661375
13,5732.433289273427
14,5732.433289268643
15,5732.433289319008
16,5732.4332892713755
17,5733.137356623356
18,5732.433289302855
19,5733.137356696818
20,5733.137356660396
