Run,Cost
1,4090.864641552472
2,4090.8646415188527
3,4090.864641537543
4,4090.8646415268113
5,4090.864641551241
6,4090.86464154462
7,4090.8646415067424
8,4090.8646415432563
9,4090.864641491691
10,4090.864641549234
11,4090.8646415097437
12,4090.8646415085345
13,4090.8646415369426
14,4090.864641526391
15,4090.864641505896
16,4090.864641538608
17,4090.864641530977
18,4090.86464153377
19,4090.8646415527583
20,4090.8646415143367
