Run,Cost
1,12693.973026031703
2,12693.973026041254
3,12693.97302606361
4,12693.973026073685
5,12693.973026073241
6,12693.973026075142
7,12693.973026059484
8,12693.97302603361
9,12693.973026041132
10,12693.973026005242
11,12693.973026040414
12,12693.973026057318
13,12693.973026036789
14,12693.973025981648
15,12693.973026060332
16,12693.973026047142
17,12693.973026063724
18,12693.97302598767
19,12693.973025989104
20,12693.973026038044
