Run,Cost
1,16828.97163749717
2,16828.971637484054
3,16828.971637484734
4,16828.97163741934
5,16828.971637505183
6,16828.971637532366
7,16828.97163754769
8,16828.97163749672
9,16828.97163751526
10,16828.971637523842
11,16828.971637520797
12,16828.97163754292
13,16828.971637515122
14,16828.97163743308
15,16828.971637517352
16,16828.971637422626
17,16828.971637506373
18,16828.97163744151
19,16828.971637445964
20,16828.97163748103
