Run,Cost
1,5989.196842525312
2,5989.196842570971
3,5989.1968425635605
4,5989.196842568001
5,5989.196842529876
6,5989.196842560384
7,5989.19684259954
8,5989.196842550021
9,5989.196842603068
10,5989.1968425248515
11,5989.196842620275
12,5989.196842574638
13,5989.196842583585
14,5989.196842538446
15,5989.196842511953
16,5989.196842549068
17,5989.1968425472605
18,5989.196842543733
19,5989.196842518042
20,5989.196842597251
