Run,Cost
1,12690.038982675085
2,12690.038982556674
3,12690.038982666698
4,12690.038982609203
5,12690.038982621769
6,12690.038982638665
7,12690.038982626054
8,12690.038982654032
9,12690.038982632283
10,12690.038982627162
11,12690.038982571974
12,12690.038982654805
13,12690.038982565884
14,12690.03898265048
15,12690.038982619233
16,12690.038982649992
17,12690.038982633427
18,12690.038982598788
19,12690.038982674074
20,12690.038982670498
