Run,Cost
1,4629.7849328756565
2,4629.784932840374
3,4629.784932856381
4,4629.784932834558
5,4629.784932861276
6,4629.784932863426
7,4629.784932867851
8,4629.78493283859
9,4629.784932859564
10,4629.784932868983
11,4629.784932840441
12,4629.784932886221
13,4629.784932835365
14,4629.784932838379
15,4629.784932898048
16,4629.784932840605
17,4629.784932869538
18,4629.784932856066
19,4629.784932839837
20,4629.784932885481
