Run,Cost
1,4081584.5350106964
2,4081584.5350098135
3,4081584.5350083355
4,4081584.535010322
5,4081584.5350106936
6,4081584.53501015
7,4081584.5350095164
8,4081584.535009387
9,4081584.53500944
10,4081584.535009808
11,4081584.535009545
12,4081584.535009096
13,4081584.53500899
14,4081584.535010602
15,4081584.535009591
16,4081584.5350096896
17,4081584.535010159
18,4081584.535010612
19,4081584.5350104305
20,4081584.5350094815
