Run,Cost
1,113242.84386196527
2,113242.84386149273
3,113242.84386193036
4,113242.84386174426
5,113242.84386229805
6,113242.84386201894
7,113242.84386200208
8,113242.84386189918
9,113242.84386220538
10,113242.84386164972
11,113242.84386161051
12,113242.84386242279
13,113242.84386215551
14,113242.84386171938
15,113242.84386205273
16,113242.84386223502
17,113242.8438620201
18,113242.84386198487
19,113242.84386254371
20,113242.84386209767
