Run,Cost
1,3147.515075225525
2,3147.515075232089
3,3147.515075255438
4,3147.5150752152394
5,3147.5150752364425
6,3147.5150752554537
7,3147.5150752613467
8,3147.515075243158
9,3147.515075212899
10,3147.5150752363124
11,3147.5150752564714
12,3147.515075233292
13,3147.5150752181335
14,3147.515075257514
15,3147.515075211221
16,3147.515075253736
17,3147.515075215279
18,3147.5150752761347
19,3147.515075259467
20,3147.515075267009
