Run,Cost
1,3116.5255767667245
2,3118.846772691945
3,3116.5255767808544
4,3118.8467726786125
5,3118.846772698405
6,3116.525576723567
7,3118.8467726578683
8,3118.846772673704
9,3118.846772693286
10,3118.846772630338
11,3118.8467726915146
12,3118.8467726892923
13,3118.846772677473
14,3116.5255768118996
15,3118.8467726737963
16,3116.52557680903
17,3116.525576781424
18,3118.8467726735003
19,3116.525576729715
20,3116.52557675612
