Run,Cost
1,6910.816631246489
2,6909.9454202674615
3,6909.070848854874
4,6909.945420225846
5,6909.945420213603
6,6909.942059893606
7,6910.454436971903
8,6910.45443696991
9,6909.945420307951
10,6910.454437012653
11,6909.945420189728
12,6910.454436989315
13,6909.583225919819
14,6910.454436961716
15,6909.579865622246
16,6910.454436956565
17,6909.583225902623
18,6909.945420309136
19,6908.708654581236
20,6910.4544369469
