Run,Cost
1,6931.987984485248
2,6931.987984455602
3,6931.987984491907
4,6931.987984507847
5,6932.489086765243
6,6932.489086807834
7,6931.987984415067
8,6932.489086756778
9,6932.489086814643
10,6932.489086777533
11,6931.262825604726
12,6931.262825597092
13,6931.763927919556
14,6931.987984531124
15,6932.489086715814
16,6931.987984519
17,6931.987984515408
18,6932.489086675102
19,6931.262825654038
20,6931.763927809618
