Run,Cost
1,2501.9860820590875
2,2499.8025148945703
3,2499.8025148570423
4,2500.1894492895276
5,2499.8025149084115
6,2501.9860820326658
7,2500.6287102024044
8,2501.9860820426948
9,2500.189449258414
10,2501.9860820577987
11,2499.8025148686597
12,2501.986082105284
13,2500.189449265345
14,2500.6287102080364
15,2501.9860820593763
16,2499.802514869825
17,2500.628710238314
18,2499.802514908885
19,2499.8025148783468
20,2500.628710235835
