Run,Cost
1,2532.2081875249364
2,2532.208187611482
3,2532.208187579602
4,2532.2081876046095
5,2532.208187591881
6,2532.208187588911
7,2532.2081875797826
8,2532.208187595218
9,2532.2081875749304
10,2532.2081875941294
11,2532.208187599038
12,2532.2081875731424
13,2532.2081875835997
14,2532.2081875948415
15,2532.2081875307535
16,2532.2081875799886
17,2532.2081875552362
18,2532.2081875449935
19,2532.208187595958
20,2532.2081875893577
