Run,Cost
1,4937.633963463733
2,4930.061306962097
3,4937.6339634360165
4,4937.579907211463
5,4920.161470730161
6,4937.633963433411
7,4928.520956800591
8,4924.603056613395
9,4932.887722404983
10,4922.391886745464
11,4937.633963450316
12,4930.751372756332
13,4924.657112825728
14,4930.007250758184
15,4925.31506585502
16,4928.466900589787
17,4939.864379411162
18,4930.007250712537
19,4937.633963504372
20,4937.633963398426
