Run,Cost
1,5012.984788250472
2,5012.984788249403
3,5012.984788194185
4,5012.9847882037175
5,5012.984788268222
6,5012.984788196416
7,5012.984788278041
8,5012.984788298522
9,5012.984788213263
10,5012.984788308834
11,5012.9847882751255
12,5012.984788224915
13,5012.984788237415
14,5012.984788210748
15,5012.984788229568
16,5012.984788268171
17,5012.984788280113
18,5012.984788228607
19,5012.984788289191
20,5012.984788263961
