Run,Cost
1,6751.530920702253
2,6763.254896565416
3,6759.683588155335
4,6750.3176303446735
5,6757.819925393521
6,6763.254896529542
7,6756.627044681825
8,6768.884321317995
9,6761.5966627839525
10,6766.496266678266
11,6759.225625798084
12,6764.804143039904
13,6765.4715191464065
14,6760.430821411919
15,6768.884321250631
16,6768.834612572725
17,6760.494342465858
18,6752.839265463638
19,6752.839265421544
20,6761.0079356381875
