Run,Cost
1,6823.809053681522
2,6823.8090537271355
3,6822.955236709039
4,6823.8090536964655
5,6823.809053741019
6,6822.955236676587
7,6823.809053756396
8,6823.809053702366
9,6823.809053702978
10,6822.955236734854
11,6823.809053708049
12,6823.8090537272365
13,6822.9552366219505
14,6823.809053689233
15,6823.809053739477
16,6823.8090537706075
17,6822.955236679642
18,6823.809053716549
19,6823.809053734711
20,6822.955236678176
