Run,Cost
1,2370.495695422603
2,2364.7764983586135
3,2370.4956953976302
4,2370.495695415817
5,2358.368774314257
6,2362.904639942061
7,2375.0315610637126
8,2358.3687742850466
9,2365.5559055949534
10,2365.555905572537
11,2375.031561080861
12,2358.3687742782386
13,2375.0315610634348
14,2370.4956954114305
15,2365.5559055482186
16,2361.020039935031
17,2361.02003993711
18,2375.0315610349303
19,2370.495695421492
20,2361.020039922114
