Run,Cost
1,2398.5889961722464
2,2398.5889961952535
3,2398.588996155939
4,2398.5889961700564
5,2398.5889962464234
6,2398.5889961976486
7,2398.5889961760367
8,2398.588996185016
9,2398.588996196239
10,2398.5889961618323
11,2398.588996219865
12,2398.5889961851176
13,2398.5889962030196
14,2398.58899621022
15,2398.5889962106467
16,2398.5889961824814
17,2398.5889962329466
18,2398.588996200104
19,2398.588996203562
20,2398.5889962128385
