Run,Cost
1,6283.704037339744
2,6283.704037331964
3,6283.704037358151
4,6283.704037327984
5,6283.704037341414
6,6283.704037323257
7,6283.704037333864
8,6283.704037333421
9,6283.704037397251
10,6283.704037362999
11,6283.704037413701
12,6283.704037319773
13,6283.704037403083
14,6283.704037311815
15,6283.704037296205
16,6283.7040373402215
17,6283.704037388903
18,6283.704037319778
19,6283.704037389224
20,6283.7040373927175
