Run,Cost
1,4856.094040739855
2,4906.888232766133
3,4905.9218535081
4,4899.833305298942
5,4912.578929795653
6,4907.201186809078
7,4909.590343217129
8,4909.590343207142
9,4906.661165928359
10,4910.533896836237
11,4906.88823280691
12,4909.183553238895
13,4905.359010398378
14,4866.3673770073365
15,4911.207148702804
16,4863.989129200515
17,4907.201186825773
18,4909.590343252985
19,4909.112988853661
20,4902.679880799656
