Run,Cost
1,9368.940830275344
2,9354.119098589646
3,9357.169842033938
4,9348.682789893044
5,9358.905942619205
6,9360.591126012565
7,9363.050981477036
8,9355.896117331364
9,9363.727962047686
10,9355.162088415645
11,9367.630852758206
12,9363.076454606678
13,9369.437218914289
14,9368.343244071368
15,9358.112664682603
16,9363.622064763227
17,9364.00227238958
18,9362.943536642006
19,9361.574990359391
20,9360.122765942733
