Run,Cost
1,4972.445235305029
2,4972.445235320965
3,4972.445235320505
4,4972.445235303921
5,4972.445235285756
6,4972.445235252882
7,4972.445235315709
8,4972.445235201599
9,4972.445235266042
10,4972.445235232786
11,4972.445235275466
12,4972.4452353131865
13,4972.445235259691
14,4972.445235289932
15,4972.44523534084
16,4972.445235275293
17,4972.445235296329
18,4972.4452353086845
19,4972.445235294589
20,4972.44523529638
