Run,Cost
1,9472.392580790041
2,9472.39258076352
3,9471.153794996704
4,9472.064353107651
5,9471.153795017652
6,9471.15379503238
7,9472.392580764339
8,9473.303138928086
9,9472.392580802332
10,9472.064353157612
11,9471.15379503918
12,9472.392580801887
13,9472.064353104652
14,9471.153794966423
15,9472.392580811967
16,9473.303138908872
17,9473.303138931942
18,9472.392580833843
19,9472.392580770515
20,9473.303138873522
