Run,Cost
1,6179.166265027097
2,6177.275380666442
3,6195.032661146853
4,6183.158953637995
5,6183.366289829234
6,6177.389661061668
7,6183.268859970261
8,6173.100023204166
9,6180.5260117026355
10,6185.471970568526
11,6195.047397820856
12,6183.676709950189
13,6190.743023308636
14,6184.9874381057825
15,6171.350332913469
16,6182.263280948082
17,6171.271538880146
18,6181.329172522071
19,6175.446896369551
20,6190.743023427411
