Run,Cost
1,4397.184706693664
2,4398.127807603267
3,4396.660677152395
4,4392.354513650325
5,4393.297614560426
6,4397.18470671219
7,4396.660677136479
8,4398.127807613271
9,4396.660677117609
10,4398.12780760358
11,4397.184706674939
12,4397.706388959548
13,4391.000851996751
14,4396.660677132122
15,4395.71757624866
16,4398.127807611008
17,4395.762306767617
18,4393.888035140181
19,4398.127807662442
20,4390.410431365921
