Run,Cost
1,4510.430472691925
2,4510.430472655826
3,4507.056574589708
4,4505.80166509338
5,4505.801665076377
6,4507.056574621393
7,4509.175563144694
8,4507.056574625406
9,4509.175563122519
10,4510.430472669143
11,4510.430472652777
12,4509.175563214334
13,4507.056574661783
14,4510.4304726383125
15,4510.430472639144
16,4510.430472643182
17,4510.430472605604
18,4509.175563158673
19,4507.056574577174
20,4509.175563189823
