Run,Cost
1,3243.7332633822307
2,3243.79456343943
3,3243.7945634488965
4,3243.733263362184
5,3243.733263356522
6,3243.733263397558
7,3243.7945634053544
8,3243.7945634407793
9,3243.733263359873
10,3243.7945634429952
11,3243.7332633669535
12,3243.7332633485476
13,3243.733263353695
14,3243.73326335182
15,3243.794563453775
16,3243.7332632793905
17,3243.794563425787
18,3243.794563467585
19,3243.7945634726416
20,3243.7332633588085
