Run,Cost
1,3271.8048150410455
2,3271.804815069749
3,3271.8048150406157
4,3272.5226184884527
5,3271.804815025897
6,3273.060090011343
7,3272.5226185657666
8,3273.060090014476
9,3271.804815070935
10,3271.8048150238487
11,3271.804815030294
12,3272.342286538339
13,3272.342286565854
14,3271.8048150243044
15,3271.80481510255
16,3273.060089993806
17,3273.060089966883
18,3272.3422865388106
19,3273.060089927472
20,3271.8048150592076
