Run,Cost
1,5225.46419829277
2,5225.464198337573
3,5225.464198325836
4,5225.464198325339
5,5225.464198292473
6,5225.464198263728
7,5225.464198256774
8,5225.46419834495
9,5225.464198309727
10,5225.464198295225
11,5225.464198285194
12,5225.464198301259
13,5225.46419831327
14,5225.464198275863
15,5225.464198343215
16,5225.464198334962
17,5225.464198302849
18,5225.464198315667
19,5225.464198341165
20,5225.464198242444
