Run,Cost
1,6076.025148027521
2,6075.736789799807
3,6066.953393199035
4,6069.785641293067
5,6069.212896933065
6,6069.883430222069
7,6077.902688148218
8,6068.096384301912
9,6062.207942525307
10,6063.911073462788
11,6064.860783683618
12,6074.281480934143
13,6069.8834302240175
14,6062.274882383796
15,6069.84173700611
16,6078.660629912416
17,6073.242281792956
18,6076.304040685454
19,6071.773007496326
20,6070.942592185212
