Run,Cost
1,6140.488116862244
2,6140.488116821058
3,6140.488116823118
4,6140.488116828692
5,6140.488116841159
6,6140.488116873925
7,6140.4881168605425
8,6140.488116848324
9,6140.488116819902
10,6140.488116811905
11,6140.488116836016
12,6140.488116807754
13,6140.488116797757
14,6140.488116925738
15,6140.488116827822
16,6140.488116809789
17,6140.488116814733
18,6140.488116837048
19,6140.488116898026
20,6140.4881168291595
