Run,Cost
1,2377.572750465918
2,2377.572750461293
3,2377.572750474568
4,2378.6721019211564
5,2378.6721018806084
6,2377.572750455648
7,2378.6721018995054
8,2377.572750424757
9,2378.672101904849
10,2378.6721019133997
11,2378.672101934099
12,2378.672101955349
13,2378.6721018962057
14,2378.672101896662
15,2377.572750427402
16,2378.67210189408
17,2377.5727504397387
18,2377.572750448576
19,2378.6721019077404
20,2378.6721019141764
