Run,Cost
1,2399.6723936937383
2,2399.6723936868048
3,2400.198460620867
4,2399.672393700162
5,2400.198460616151
6,2399.6723937014563
7,2399.672393698395
8,2399.6723936988606
9,2400.1984606041246
10,2400.1984606233036
11,2399.672393653977
12,2399.672393659046
13,2400.1984606203737
14,2399.672393684523
15,2400.198460623877
16,2400.1984605998105
17,2400.198460631253
18,2399.6723936751455
19,2400.1984606118203
20,2400.198460628765
