Run,Cost
1,7340.927566024333
2,7344.602631415718
3,7344.602631395322
4,7340.927566000116
5,7344.60263147813
6,7344.60263146037
7,7344.6026314320625
8,7340.927566058531
9,7340.92756610669
10,7344.602631424411
11,7344.602631413785
12,7344.60263141314
13,7340.927566037641
14,7340.927566097931
15,7344.60263143574
16,7340.92756605869
17,7340.927565946455
18,7344.602631425552
19,7344.602631416184
20,7340.927566103974
