Run,Cost
1,7273.44974970255
2,7276.960769749489
3,7267.8000863362295
4,7265.1507415149845
5,7270.3529365187205
6,7237.987202223489
7,7268.341287496847
8,7224.987236338549
9,7262.044966547182
10,7277.224955438511
11,7276.845585449705
12,7273.3777775719755
13,7275.567990496287
14,7275.997403913534
15,7275.24342155731
16,7272.197419353852
17,7258.611713369193
18,7272.235036146817
19,7282.15353334267
20,7261.142360280568
