Run,Cost
1,6133.9721601415085
2,6139.524153876027
3,6138.280553551828
4,6128.914416567474
5,6129.466185106481
6,6130.971285905267
7,6133.106338062314
8,6132.7032246151375
9,6141.482830322312
10,6137.703449705983
11,6130.735120563809
12,6133.972160169333
13,6133.9721600836765
14,6141.288694797247
15,6133.972160127583
16,6143.505917982208
17,6140.258901691494
18,6141.549468000856
19,6139.524153919368
20,6146.483619391411
