Run,Cost
1,2047.698029448227
2,2047.6980294052876
3,2047.6980294116938
4,2047.698029424572
5,2047.6980294466052
6,2047.6980294195218
7,2047.698029428138
8,2047.6980294614998
9,2047.6980294430195
10,2047.6980294282253
11,2047.6980294013545
12,2047.6980294450295
13,2047.6980294225093
14,2047.6980294463697
15,2047.6980294343343
16,2047.6980294214263
17,2047.6980294440407
18,2047.6980294173675
19,2047.6980294425757
20,2047.6980294237342
