Run,Cost
1,2017.2226543468735
2,2017.2226543555134
3,2017.222654366881
4,2017.2226543625407
5,2017.2226543705344
6,2020.9205970206963
7,2017.812603400038
8,2021.5105460927207
9,2020.9205970504077
10,2017.222654372906
11,2017.2226543315114
12,2017.8126033947422
13,2017.8126033892688
14,2017.2226543587947
15,2017.222654360223
16,2021.5105460842885
17,2017.2226543194065
18,2020.920597057582
19,2017.2226543633415
20,2020.9205969989598
