Run,Cost
1,1888.7756091288031
2,1888.7756091488448
3,1888.775609167329
4,1888.7756091857086
5,1888.7756091616427
6,1888.7756091291128
7,1888.7756091110489
8,1888.7756091621852
9,1888.7756091393867
10,1888.7756091265699
11,1888.7756091229544
12,1888.7756091177262
13,1888.7756091604592
14,1888.775609157127
15,1888.7756091474644
16,1888.7756091178499
17,1888.7756091198678
18,1888.775609150933
19,1888.7756091352448
20,1888.7756091464926
