Run,Cost
1,1857.8320466520222
2,1857.8320466479515
3,1857.8320467136186
4,1857.8320466870407
5,1852.8062920525952
6,1857.8320466740784
7,1857.8320466762823
8,1852.8062921081391
9,1857.83204670427
10,1857.832046685606
11,1851.6967330410223
12,1851.6967330136179
13,1852.8062920900952
14,1853.3396888132
15,1853.3396888239215
16,1857.8320467191843
17,1853.3396888996356
18,1851.696733068221
19,1857.832046677197
20,1853.3396888440063
