Run,Cost
1,4829.90202128923
2,4829.90202126178
3,4829.90202128587
4,4829.902021321985
5,4829.902021309227
6,4829.9020212314845
7,4829.902021289178
8,4829.90202133102
9,4829.902021291977
10,4829.902021313758
11,4829.902021268433
12,4829.902021283382
13,4829.902021298994
14,4829.90202125989
15,4829.902021254302
16,4829.902021281337
17,4829.9020212613395
18,4829.902021327136
19,4829.90202126644
20,4829.902021286113
