Run,Cost
1,4819.448212345607
2,4819.448212432618
3,4819.448212393002
4,4819.448212412476
5,4819.448212428532
6,4819.4482123509515
7,4819.448212420081
8,4819.448212402912
9,4819.448212433079
10,4819.448212379378
11,4819.448212431672
12,4819.4482124264705
13,4819.448212416368
14,4819.448212427345
15,4819.448212411703
16,4819.448212385544
17,4819.448212400906
18,4819.4482123712605
19,4819.448212412727
20,4819.448212378926
