Run,Cost
1,3676.37666225866
2,3676.376662270074
3,3676.4598331997595
4,3676.459833216969
5,3676.459833161109
6,3676.3766623447705
7,3676.376662258686
8,3676.459833220198
9,3676.4598332905275
10,3676.4598331831
11,3676.3766623652505
12,3676.45983319234
13,3676.376662375527
14,3676.376662277853
15,3676.459833208169
16,3676.376662304144
17,3676.3766623075926
18,3676.3766622971157
19,3676.4598331946518
20,3676.3766622987987
