Run,Cost
1,3610.1722973025057
2,3610.172297293416
3,3623.029494699579
4,3613.4323587640943
5,3621.0769422520175
6,3610.1722972860075
7,3623.916986340589
8,3623.916986358813
9,3623.0294947106377
10,3623.029494703977
11,3613.432358837451
12,3613.4323588284033
13,3610.172297324154
14,3610.17229725628
15,3613.432358785546
16,3621.0769421804866
17,3613.4323588212405
18,3623.0294947055495
19,3623.916986365198
20,3621.0769422021053
