Run,Cost
1,6432.5627162586015
2,6427.202344395592
3,6435.188054391007
4,6426.9518364357955
5,6430.645938841143
6,6423.600156897951
7,6433.7019894188425
8,6431.760394388238
9,6434.876394782699
10,6425.0307472542
11,6436.797483892259
12,6433.5069560621605
13,6430.645938820544
14,6437.283196875513
15,6436.655402448259
16,6428.490372482205
17,6435.362581903716
18,6426.149514553611
19,6433.445804444878
20,6425.03074735578
