Run,Cost
1,6508.251578283798
2,6508.251578341058
3,6508.251578329471
4,6508.251578226477
5,6508.251578340995
6,6507.6946938766705
7,6508.251578294327
8,6507.6946937942585
9,6508.251578252665
10,6507.694693819697
11,6507.694693822705
12,6507.694693820784
13,6508.251578280363
14,6507.694693855269
15,6507.694693812269
16,6507.694693783377
17,6508.251578304383
18,6508.2515783352
19,6508.251578279345
20,6507.6946938036035
