Run,Cost
1,6262.5880928596025
2,6263.138115059964
3,6262.745727841278
4,6262.576731696843
5,6262.588092822221
6,6262.485639768802
7,6262.75708911757
8,6262.757089097932
9,6262.757089082333
10,6263.286235987601
11,6262.5880928080305
12,6263.28623608128
13,6263.014786858402
14,6262.588092851434
15,6262.757088997495
16,6262.757089142233
17,6262.866665766503
18,6263.286236039494
19,6262.588092866409
20,6263.455232264201
