Run,Cost
1,6184.868625277273
2,6177.585476301796
3,6177.6065418646085
4,6174.988847704897
5,6181.505281967528
6,6177.606541927646
7,6178.554564142968
8,6183.533820525135
9,6179.161375480156
10,6179.630049735838
11,6184.62093381094
12,6179.88875656088
13,6177.017998567406
14,6185.590021658179
15,6176.791372777959
16,6183.808562200426
17,6176.770307130614
18,6183.560870727816
19,6184.641999369911
20,6180.442421417433
