Run,Cost
1,7387.164568373123
2,7406.085822932773
3,7406.224851117822
4,7401.223206169077
5,7391.389053565061
6,7388.75801976922
7,7380.049463442475
8,7391.389053496818
9,7401.748202846951
10,7402.627335747231
11,7380.060480447356
12,7390.857278010652
13,7383.012699942713
14,7388.89704783882
15,7391.563798828475
16,7401.223206185154
17,7405.503717748707
18,7378.434312566938
19,7388.758019729731
20,7402.766363856594
