Run,Cost
1,3995.339216167324
2,3996.688453487094
3,3994.2206704355103
4,3995.339216136602
5,3994.2206704820774
6,3995.3392161175448
7,3994.2206704219657
8,3996.6884535175573
9,3995.33921615878
10,3995.5699078142925
11,3995.5699078157445
12,3995.5699078049556
13,3996.6884534607425
14,3995.569907853079
15,3995.339216142968
16,3995.3392161437964
17,3994.220670490169
18,3996.6884534822566
19,3994.2206705135877
20,3995.5699078200296
