Run,Cost
1,3977.8775939731217
2,3973.6093768536844
3,3970.697590143817
4,3973.106741195915
5,3966.4293730084155
6,3973.609376863058
7,3964.8003699100136
8,3977.3749583264494
9,3973.106741200965
10,3973.106741209391
11,3977.3749583250124
12,3964.8003699231404
13,3973.60937683598
14,3977.3749583465606
15,3970.4205721341273
16,3977.877593968986
17,3972.483009417991
18,3973.609376875378
19,3972.483009378263
20,3970.1949545022453
