Run,Cost
1,4452.177412843201
2,4446.438392103457
3,4447.19057484484
4,4449.188556830122
5,4450.485276388909
6,4448.13052853556
7,4450.4852763528625
8,4452.17741287984
9,4448.130528534483
10,4450.485276372679
11,4450.485276363546
12,4449.188556788918
13,4445.141672456109
14,4449.188556760883
15,4446.438392023879
16,4448.130528486409
17,4450.485276358211
18,4449.188556798289
19,4445.141672448389
20,4443.143690545732
