Run,Cost
1,4509.428255603137
2,4509.428255522996
3,4507.897698000183
4,4507.897698040633
5,4507.897698073336
6,4509.428255568878
7,4507.897698057168
8,4507.897698027175
9,4507.897698006652
10,4509.428255554828
11,4507.897698041293
12,4507.897698057589
13,4509.428255606961
14,4509.42825552869
15,4507.897698082973
16,4507.897698114128
17,4509.428255590505
18,4509.428255528383
19,4507.897698073572
20,4509.428255603618
