Run,Cost
1,3388.56876352356
2,3384.666300651089
3,3389.2117703011654
4,3389.211770290958
5,3385.3093074605476
6,3384.6663006551144
7,3389.2117702867604
8,3389.211770286928
9,3385.3093074632015
10,3383.4492909148603
11,3382.8062841978017
12,3385.309307466127
13,3385.30930744793
14,3384.6663006701124
15,3388.5687634939977
16,3388.568763554217
17,3384.6663006636923
18,3384.6663006900076
19,3388.568763530068
20,3382.806284179544
