Run,Cost
1,3417.3894820442015
2,3417.389482000438
3,3417.389482007921
4,3417.389482051372
5,3417.3894819908373
6,3417.3894819953402
7,3417.389482036868
8,3417.3894819831926
9,3417.3894820207283
10,3417.389482025385
11,3417.389481984377
12,3417.3894820314263
13,3417.3894819611537
14,3417.389482001506
15,3417.389482020582
16,3417.389481977312
17,3417.3894819921866
18,3417.389482024326
19,3417.389482014261
20,3417.3894820292776
