Run,Cost
1,4233.800284247392
2,4233.8002842563765
3,4233.800284233491
4,4224.060068596929
5,4225.416559400886
6,4233.800284197557
7,4223.875471730433
8,4233.8002842325295
9,4225.245254155342
10,4233.800284215104
11,4223.704166443571
12,4232.44379345286
13,4233.800284205261
14,4233.8002842562955
15,4233.800284255011
16,4233.800284253667
17,4233.80028420908
18,4232.4437934530515
19,4223.875471701851
20,4233.800284263392
