Run,Cost
1,4275.876953551379
2,4276.235623762674
3,4276.2356237763115
4,4275.876953503831
5,4276.235623741461
6,4275.876953514665
7,4275.876953513948
8,4276.235623778055
9,4275.876953524855
10,4275.876953529029
11,4275.876953585297
12,4276.235623718528
13,4275.8769535289375
14,4275.876953525301
15,4275.876953557355
16,4275.876953517702
17,4276.235623727348
18,4276.235623722437
19,4275.876953558299
20,4275.8769535317015
