Run,Cost
1,3954.826907923946
2,3951.4856757546822
3,3951.772538416813
4,3953.5435578553497
5,3953.7443211988348
6,3953.744321126094
7,3952.696313735561
8,3961.061984128898
9,3954.8269079532024
10,3958.7457240700382
11,3948.804379567769
12,3961.812589387741
13,3952.6963135860515
14,3951.161102250647
15,3953.2695196967056
16,3953.543557895932
17,3959.7786340193898
18,3957.651767404268
19,3947.7921702020176
20,3953.7443212174285
