Run,Cost
1,4033.922794415079
2,4033.9227944868826
3,4033.974410470685
4,4033.922794446331
5,4033.922794461519
6,4033.9227944079703
7,4033.9744103934954
8,4033.974410384877
9,4033.9744104521205
10,4033.9744104018027
11,4033.9227945072516
12,4033.92279446796
13,4033.9227944247878
14,4033.9227944518643
15,4033.9744104236856
16,4033.974410436289
17,4033.9227944404856
18,4033.97441043611
19,4033.974410386614
20,4033.974410403275
