Run,Cost
1,1894.8862466921425
2,1894.8862466908574
3,1894.8862466837043
4,1894.886246680871
5,1894.8862467005492
6,1894.8862466743428
7,1894.8862466751775
8,1894.8862466788926
9,1894.8862466749797
10,1894.8862466504754
11,1894.8862466571172
12,1894.8862467054123
13,1894.8862466690098
14,1894.8862466850692
15,1894.8862466846076
16,1894.8862466881315
17,1894.8862466855135
18,1894.88624665807
19,1894.8862466815065
20,1894.8862467287302
