Run,Cost
1,9914.366782053281
2,9914.935774622716
3,9916.780369588841
4,9912.01299807983
5,9910.838357987022
6,9919.005949358823
7,9909.353159484699
8,9916.54917733553
9,9918.986679728097
10,9919.00594931669
11,9914.970103192518
12,9913.423334111416
13,9913.908608427202
14,9911.065339633702
15,9913.635256843148
16,9911.997939075187
17,9919.506282560025
18,9909.59941050476
19,9909.368218456722
20,9916.780369568896
