Run,Cost
1,1897.1932787200437
2,1897.1932786906366
3,1897.193278723362
4,1897.1932787010808
5,1897.1932787029425
6,1897.1932787279277
7,1897.193278719336
8,1897.193278702327
9,1897.1932787023882
10,1897.193278742914
11,1897.1932787094822
12,1897.1932787201658
13,1897.1932787291623
14,1897.1932787034775
15,1897.1932787131993
16,1897.1932786932077
17,1897.1932787318483
18,1897.1932786967382
19,1897.193278738685
20,1897.1932787205533
