Run,Cost
1,9979.852776945843
2,9979.852776993946
3,9979.852777043245
4,9980.030973521003
5,9980.0309735473
6,9980.030973538785
7,9979.852776966582
8,9979.85277701267
9,9980.030973594408
10,9980.030973517189
11,9980.03097352052
12,9979.852776946425
13,9980.030973568015
14,9980.030973516114
15,9980.030973542354
16,9980.030973579593
17,9980.03097350423
18,9980.030973484358
19,9980.030973631558
20,9979.852776964868
