Run,Cost
1,5064.780107977431
2,5064.780108028563
3,5064.78010805574
4,5064.780108040872
5,5064.780107992919
6,5064.780108008435
7,5064.780108040821
8,5064.780107997785
9,5064.780108034757
10,5064.780107977005
11,5064.780108019321
12,5064.780108003769
13,5064.780108025911
14,5064.780107976025
15,5064.780108005982
16,5064.780108011597
17,5064.780108037262
18,5064.780108029047
19,5064.780107971548
20,5064.780108020092
