Run,Cost
1,5030.01370938563
2,5003.791298300917
3,5024.3879392468325
4,5017.46329020668
5,5030.788355519198
6,5003.2011954345535
7,4999.290056330125
8,4988.234151493304
9,5007.891720646769
10,4999.29005635725
11,5006.4837003419725
12,4991.5596565367405
13,5020.8735977162105
14,5021.468399873395
15,5032.320133176667
16,5014.519352024627
17,5004.558493799521
18,5014.693831329307
19,5030.188188683535
20,5031.3831577658
