Run,Cost
1,7409.21909149498
2,7409.219091487068
3,7405.07056832874
4,7405.070568267284
5,7405.070568354879
6,7409.21909146999
7,7409.570348088617
8,7409.570348117265
9,7405.070568289182
10,7405.0705682930575
11,7405.070568231582
12,7409.570348066874
13,7405.070568222026
14,7405.0705683207225
15,7405.070568229813
16,7404.7193116075
17,7409.219091391571
18,7409.2190914296825
19,7404.719311679131
20,7409.570348052045
