Run,Cost
1,7299.125214579592
2,7295.796709282257
3,7301.995483703733
4,7291.817469397962
5,7300.673671100459
6,7286.758336740026
7,7292.276123753119
8,7302.727925871163
9,7291.085027174637
10,7292.197890693978
11,7295.800601996673
12,7294.474896689115
13,7288.673412421396
14,7293.008566015757
15,7286.160503182571
16,7291.817469460818
17,7299.125214623472
18,7287.482315779741
19,7294.474896648043
20,7293.008566023929
