Run,Cost
1,10816.138665437722
2,10813.619654530261
3,10817.436747555608
4,10818.649856752076
5,10816.137419784609
6,10819.669173345343
7,10805.121414027319
8,10819.669173376473
9,10812.490449145513
10,10822.145138208143
11,10809.23563870582
12,10811.700375676322
13,10826.401614781082
14,10811.70037567743
15,10813.480887446192
16,10810.740127848589
17,10822.14513812895
18,10820.849922708969
19,10816.138665482302
20,10812.490449100955
