Run,Cost
1,10973.980065514099
2,10973.980065585565
3,10973.98006558491
4,10973.98006548159
5,10973.980065631806
6,10974.957995016139
7,10973.980065603111
8,10974.957994866198
9,10973.980065579304
10,10973.980065469095
11,10973.980065554228
12,10973.980065611171
13,10973.980065601752
14,10974.957994934388
15,10973.98006554064
16,10973.980065478556
17,10974.957994867664
18,10973.98006551071
19,10973.980065539206
20,10973.980065562795
