Run,Cost
1,4246.014830520823
2,4246.014830532686
3,4246.014830519453
4,4246.0148305051225
5,4246.014830557248
6,4245.733060992201
7,4246.014830535629
8,4246.0148305156745
9,4245.733060986179
10,4246.0148306032515
11,4246.014830531369
12,4245.733061057757
13,4246.014830503877
14,4245.733060992589
15,4245.733061028
16,4245.733060988404
17,4246.014830557998
18,4246.014830574316
19,4245.733060975465
20,4246.014830595862
