Run,Cost
1,4170.761310320253
2,4176.415904935978
3,4170.761310236068
4,4176.415904922929
5,4170.761310213278
6,4170.76131028304
7,4176.415904912081
8,4170.761310253061
9,4170.761310198138
10,4176.415904910981
11,4170.7613102422265
12,4176.41590487968
13,4176.41590493414
14,4176.415904950547
15,4176.415904914395
16,4170.76131023656
17,4176.415904891117
18,4176.415904964287
19,4170.76131025358
20,4170.761310308073
