Run,Cost
1,1521.3483267087759
2,1521.6507417494065
3,1521.3483267513204
4,1521.7967728104363
5,1521.650741731252
6,1521.7967728091096
7,1521.2022957056943
8,1521.7967727899065
9,1521.7967727957014
10,1521.3483267251877
11,1521.3483267247875
12,1521.7967727603327
13,1521.7967727845637
14,1521.3483267221145
15,1521.2022956717376
16,1521.2022956984385
17,1521.6507417392334
18,1521.3483267168663
19,1521.3483267124725
20,1521.3483267128859
