Run,Cost
1,1501.0986947370282
2,1501.0986947035792
3,1501.0986946981652
4,1501.0986947334545
5,1501.0986947032634
6,1501.0986946808803
7,1501.0986947132621
8,1501.0986947081403
9,1501.0986946794535
10,1499.5704158735575
11,1501.0986946958874
12,1501.098694704511
13,1501.0986946887108
14,1501.09869472451
15,1501.0986946853168
16,1501.0986947001254
17,1501.0986947262736
18,1501.0986946835867
19,1501.0986947044453
20,1501.0986946953474
