Run,Cost
1,5027.909243329779
2,5027.480272074628
3,5027.909243405904
4,5027.480272084477
5,5027.909243408859
6,5027.48027206516
7,5027.909243407191
8,5027.909243396091
9,5027.480272074489
10,5027.480272094759
11,5027.48027208578
12,5027.480272045436
13,5027.480272074097
14,5027.909243379414
15,5027.909243326501
16,5027.909243408238
17,5027.480272074281
18,5027.480272093339
19,5027.480272062736
20,5027.480272005941
