Run,Cost
1,4981.00370462343
2,4979.244742399092
3,4986.943944028615
4,4982.003521127971
5,4978.046327176367
6,4979.244742389934
7,4978.046327213423
8,4975.710331127842
9,4982.003521121813
10,4973.104157373369
11,4974.302572496139
12,4979.805289515101
13,4991.830327298831
14,4984.747459366914
15,5000.328586642852
16,4974.302572531506
17,4978.046327225969
18,4979.805289507911
19,4978.046327253337
20,4975.710331083388
