Run,Cost
1,681.489881936406
2,679.5655759177288
3,679.5655759303938
4,681.4898819312939
5,679.5655759267783
6,681.4898819409879
7,681.4898819177315
8,679.5655759234924
9,681.4898819447301
10,679.5655759188538
11,679.5655759175555
12,679.5655759385361
13,679.565575922338
14,681.4898819376663
15,681.489881933396
16,679.5655759149827
17,681.4898819502563
18,679.5655759243075
19,681.4898819611618
20,679.5655759182099
