Run,Cost
1,686.4312149358668
2,686.4312149266726
3,686.4312149203562
4,686.431214917465
5,686.4312149292564
6,686.43121491528
7,686.4312149379507
8,686.4312149200238
9,686.4312149230587
10,686.4312149339457
11,686.4312149338499
12,686.43121491204
13,686.4312149433824
14,686.4312148984916
15,686.4312149264427
16,686.4312149171132
17,686.431214924377
18,686.4312149378364
19,686.431214906472
20,686.4312149403584
