Run,Cost
1,4641.608727132301
2,4641.608727119188
3,4641.60872708104
4,4641.608727103505
5,4641.6087270761345
6,4639.018195664064
7,4641.608727086408
8,4641.608727147005
9,4641.608727164511
10,4639.018195637666
11,4641.608727123047
12,4639.018195641513
13,4641.608727105693
14,4641.608727076288
15,4641.608727062908
16,4641.608727078827
17,4641.608727117306
18,4641.608727100463
19,4641.608727141816
20,4641.608727078916
