Run,Cost
1,7248.001734581095
2,7248.0017346163095
3,7242.601392964554
4,7242.6013930419995
5,7242.60139296952
6,7248.001734595411
7,7242.601393032105
8,7248.0017345458455
9,7242.6013929453875
10,7242.601392965647
11,7248.001734607316
12,7242.601392985575
13,7242.601392963294
14,7242.601393007168
15,7248.001734581464
16,7242.601392893543
17,7242.601393003884
18,7242.60139297558
19,7248.001734529997
20,7248.001734522684
