Run,Cost
1,1884.1288896543142
2,1886.12790835469
3,1888.3346238632016
4,1890.3336425910707
5,1886.1279083611241
6,1886.1279083102659
7,1884.1288896504575
8,1886.127908369963
9,1884.1288896794313
10,1886.12790833217
11,1890.3336425937157
12,1890.333642594431
13,1884.1288896720066
14,1888.3346238602292
15,1886.1279083468041
16,1884.1288896728438
17,1888.3346238557576
18,1888.334623864843
19,1886.127908369337
20,1886.1279083433853
