Run,Cost
1,1838.0892084375744
2,1840.0256074163055
3,1838.0892084253535
4,1838.089208410427
5,1840.025607402731
6,1838.0892084609554
7,1840.0256074006088
8,1840.0256073667754
9,1840.025607386713
10,1838.0892084544034
11,1838.0892084364784
12,1838.0892084435561
13,1838.089208441734
14,1838.0892084089426
15,1840.0256073980538
16,1838.0892084546947
17,1838.0892084259629
18,1840.0256074065842
19,1838.0892084276365
20,1840.0256074047466
