Run,Cost
1,2888.111951968997
2,2888.111951974399
3,2888.11195195247
4,2888.1119519942727
5,2888.111951986042
6,2888.111951972407
7,2888.111951927355
8,2888.111951992268
9,2888.1119519705194
10,2888.1119519549593
11,2888.1119519399435
12,2888.111951988519
13,2888.1119519856147
14,2888.1119520127827
15,2888.1119519694894
16,2888.111951959301
17,2888.1119519565946
18,2888.1119519847866
19,2888.1119519382537
20,2888.111951968191
