Run,Cost
1,2852.931315252035
2,2852.931315247239
3,2856.7798001740257
4,2856.779800176361
5,2851.2672425784235
6,2854.8690669894495
7,2853.6925038202044
8,2854.869066987942
9,2856.7798001385527
10,2854.8690669868074
11,2854.86906698744
12,2854.869066984637
13,2854.8690669581856
14,2856.779800178305
15,2854.8690669808616
16,2854.8690670212295
17,2854.8690669925863
18,2856.779800156592
19,2854.869066974736
20,2856.7798001633637
