Run,Cost
1,4992.159506663834
2,4990.872210743043
3,4990.872210768774
4,4993.22185400767
5,4991.934558198047
6,4991.934558165118
7,4992.159506727983
8,4991.93455811812
9,4993.221854024818
10,4990.872210788697
11,4991.934558100044
12,4993.221854029331
13,4990.872210781053
14,4991.388884538085
15,4993.221854027398
16,4992.159506671146
17,4990.326537167516
18,4992.159506678805
19,4990.872210769856
20,4993.221854057855
