Run,Cost
1,5045.477191172822
2,5044.6412610114985
3,5044.641261035699
4,5044.641261058588
5,5044.641261046078
6,5045.477191145322
7,5044.641260978296
8,5045.477191132147
9,5044.641261037846
10,5044.6412610631405
11,5045.477191140338
12,5044.641261009487
13,5044.6412610133575
14,5044.6412610613625
15,5045.47719115254
16,5045.477191148893
17,5044.6412610366
18,5045.47719118091
19,5044.641261009074
20,5044.641261034251
