Run,Cost
1,2907.5870199530473
2,2907.587019923584
3,2907.587019956434
4,2907.587019935442
5,2907.5870198913153
6,2907.5870199259675
7,2907.587019935669
8,2907.587019963232
9,2907.5870199392352
10,2907.5870199727215
11,2907.587019941196
12,2907.5870199399906
13,2907.5870199101805
14,2907.587019921011
15,2907.587019944882
16,2907.5870199576552
17,2907.587019931777
18,2907.5870199669607
19,2907.587019935834
20,2907.5870199340975
