Run,Cost
1,2741.269806786234
2,2741.2698068002246
3,2738.802813678522
4,2741.269806758721
5,2741.2698067915076
6,2741.2698067658966
7,2741.2698067811243
8,2741.269806756787
9,2741.269806810195
10,2738.8028136718654
11,2741.269806776172
12,2741.2698067942597
13,2738.8028136609096
14,2741.269806818073
15,2741.269806818782
16,2741.2698067679676
17,2741.269806769358
18,2741.269806782006
19,2741.269806808896
20,2741.2698067524398
