Run,Cost
1,2757.746851287337
2,2757.801336063735
3,2757.746851257761
4,2757.746851271906
5,2757.746851221643
6,2757.746851301026
7,2757.7468512758587
8,2757.746851276006
9,2757.801336124212
10,2757.80133608884
11,2757.8013360647187
12,2757.746851278564
13,2757.8013360962377
14,2757.801336104472
15,2757.801336109273
16,2757.80133607848
17,2757.7468512457863
18,2757.801336066229
19,2757.8013360351815
20,2757.746851250569
