Run,Cost
1,7262.693717714822
2,7262.693717682838
3,7262.9457185897045
4,7262.945718672522
5,7262.693717692265
6,7262.945718676288
7,7262.693717683742
8,7262.945718694846
9,7262.693717716741
10,7262.693717641542
11,7262.945718670213
12,7262.693717665449
13,7262.945718663512
14,7262.6937176123865
15,7262.693717697795
16,7262.945718743039
17,7262.693717687787
18,7262.945718703612
19,7262.945718632239
20,7262.693717680993
