Run,Cost
1,7184.319814144006
2,7188.099894847324
3,7207.299072044783
4,7188.385842778829
5,7201.234659786727
6,7188.640623451339
7,7184.8539917328835
8,7199.5989819887745
9,7194.995363330151
10,7194.168343237562
11,7190.993456236471
12,7195.912672149227
13,7197.427725442576
14,7203.033520196174
15,7185.660203159356
16,7191.391405143929
17,7206.444389324926
18,7190.095667103967
19,7202.780589101366
20,7189.095512216917
