Run,Cost
1,2276.2511699777233
2,2276.2511700115597
3,2276.251170030793
4,2276.2511700371506
5,2276.251170018547
6,2276.251170038335
7,2276.25117008948
8,2276.2511700271475
9,2276.2511700276755
10,2276.2511700247833
11,2276.25117002494
12,2276.25117001229
13,2276.251170024474
14,2276.251169997133
15,2276.2511700244977
16,2276.2511700228497
17,2276.2511700053315
18,2276.25117003504
19,2276.2511700277105
20,2276.251170000902
