Run,Cost
1,2252.6701092800645
2,2246.2466902437754
3,2246.246690254338
4,2252.1337608035146
5,2246.246690236281
6,2252.133760769856
7,2252.819227579543
8,2248.3832658114293
9,2246.2466902528263
10,2254.0765908525987
11,2252.6701092601706
12,2250.5671424344387
13,2252.6701092789417
14,2252.1337607964865
15,2252.133760791834
16,2248.3832658089473
17,2252.1337607882765
18,2246.246690285384
19,2250.5671424423454
20,2250.5671424207558
