Run,Cost
1,6529.985140807528
2,6525.911358394293
3,6514.897333495459
4,6514.085615326254
5,6529.1138514078275
6,6527.106745730185
7,6531.992246490229
8,6529.113851351159
9,6512.9770139856355
10,6514.897333492636
11,6528.876539639737
12,6512.890227887122
13,6514.085615279288
14,6530.883645216015
15,6528.005250134472
16,6512.780266080369
17,6529.20063749525
18,6514.897333532627
19,6529.1138513273645
20,6530.8836452098785
