Run,Cost
1,6571.655499594513
2,6571.655499665291
3,6571.655499695142
4,6571.65549965021
5,6571.6554996512905
6,6571.6554995905
7,6571.655499590063
8,6571.655499647589
9,6571.655499615534
10,6571.655499664389
11,6571.6554996764135
12,6571.655499695713
13,6571.655499604482
14,6571.655499585222
15,6571.655499659106
16,6571.655499600474
17,6571.655499662366
18,6571.655499654629
19,6571.655499624296
20,6571.655499622381
