Run,Cost
1,7746.647925096099
2,7746.864232580244
3,7748.007694574919
4,7751.903698264761
5,7744.083593712853
6,7751.124375879259
7,7751.192814265302
8,7745.623718902195
9,7744.678684720262
10,7749.695529452003
11,7745.969008571151
12,7746.554868310135
13,7745.496905913523
14,7753.009790802423
15,7750.84191688581
16,7748.926608991551
17,7746.038454349698
18,7745.080834382711
19,7746.038454380947
20,7748.038160180892
