Run,Cost
1,7922.416774157849
2,7922.416774139615
3,7922.416774091143
4,7922.416774144096
5,7922.416774155278
6,7922.416774137991
7,7922.416774172099
8,7922.416774104346
9,7922.4167740976745
10,7922.416774133971
11,7922.41677417251
12,7922.416774128788
13,7922.416774125996
14,7922.416774111486
15,7922.416774083002
16,7922.41677416963
17,7922.416774162092
18,7922.416774132819
19,7922.416774152955
20,7922.416774116366
