Run,Cost
1,3195.3090382913697
2,3195.309038303346
3,3195.30903832342
4,3195.3090383544113
5,3195.3090383100985
6,3195.309038311118
7,3195.3090383223516
8,3195.3090383055705
9,3195.309038272911
10,3195.3090382799273
11,3195.3090382875066
12,3195.309038355111
13,3195.3090383194512
14,3195.3090383302588
15,3195.309038329641
16,3195.3090383293597
17,3195.3090382684027
18,3195.309038321462
19,3195.3090383161166
20,3195.309038353224
