Run,Cost
1,3168.7248024229652
2,3167.490788325159
3,3167.4907882972607
4,3170.253547104712
5,3168.0875029957065
6,3166.8534889865496
7,3170.2535471256983
8,3167.490788314512
9,3167.490788319179
10,3166.8534889790317
11,3170.253547138902
12,3167.490788293852
13,3168.0875030409024
14,3166.853488951462
15,3168.087503002308
16,3166.853488964906
17,3167.4907883160627
18,3168.087503027774
19,3168.72480235802
20,3167.490788342513
