Run,Cost
1,5975.498060761643
2,5980.676755319303
3,5975.49806072537
4,5979.170766472129
5,5983.143862347512
6,5980.676755354764
7,5976.382298074626
8,5980.676755237051
9,5983.14386240271
10,5979.170766400079
11,5983.143862322553
12,5981.560992625562
13,5981.56099265158
14,5973.030953588115
15,5984.028099731327
16,5981.5609926090965
17,5981.560992596598
18,5983.143862340164
19,5976.3822980767145
20,5981.560992657613
