Run,Cost
1,6012.332582296301
2,6011.775048842162
3,6011.775048862076
4,6012.332582282732
5,6012.332582260135
6,6011.7750488472175
7,6011.775048872902
8,6012.332582273449
9,6012.332582265126
10,6011.775048918438
11,6012.332582331188
12,6012.332582222115
13,6012.332582219607
14,6011.775048864333
15,6011.775048821051
16,6012.332582325375
17,6012.3325822208335
18,6012.3325822647375
19,6011.7750488885895
20,6011.775048809583
