Run,Cost
1,1619.0831667827551
2,1617.528426130357
3,1619.0831668149417
4,1619.0831668123187
5,1617.5284261279119
6,1619.083166808299
7,1619.083166820495
8,1619.0831668202254
9,1619.0831667859509
10,1619.0831668058752
11,1619.083166792523
12,1619.083166808681
13,1617.528426122345
14,1617.5284261496447
15,1617.5284261335366
16,1619.0831667995508
17,1619.0831667936438
18,1619.0831667962855
19,1619.0831668117798
20,1619.0831667995978
