Run,Cost
1,1627.8303391008521
2,1627.8303391279044
3,1627.8303391071752
4,1627.8303390925541
5,1627.8303390988076
6,1627.830339132618
7,1627.8303391126271
8,1627.8303391267943
9,1627.8303391048064
10,1627.8303391219415
11,1627.8303390936362
12,1627.8303391188886
13,1627.8303391316838
14,1627.8303391339523
15,1627.8303391239417
16,1627.830339112062
17,1627.830339110647
18,1627.8303391280085
19,1627.8303391242553
20,1627.8303391629458
