Run,Cost
1,1804.4470751825772
2,1804.4470751574822
3,1804.4470751799495
4,1804.4470751669032
5,1804.4470751872266
6,1804.4470751506042
7,1804.4470751620076
8,1804.4470751518897
9,1804.4470751618494
10,1804.44707517209
11,1804.4470751788094
12,1804.4470751421147
13,1804.447075169122
14,1804.4470751544745
15,1804.4470751627857
16,1804.4470751859242
17,1804.44707518123
18,1804.4470751600604
19,1804.4470751626498
20,1804.4470751742801
