Run,Cost
1,1790.4596150259936
2,1790.459615026398
3,1790.4596150530592
4,1790.4596150296525
5,1790.4596150000123
6,1790.4596150504203
7,1790.459615052787
8,1790.4596150430875
9,1790.4596150232574
10,1790.459615017787
11,1790.4596150681534
12,1790.4596150623695
13,1790.4596150204104
14,1790.4596150439147
15,1790.4596150701593
16,1790.4596150686473
17,1790.4596150267348
18,1790.4596150408165
19,1790.459615007984
20,1790.4596150204816
