Run,Cost
1,5169.570303976618
2,5187.722767325429
3,5187.611628364241
4,5169.529821487886
5,5187.6116283904175
6,5185.36667302957
7,5169.529821515699
8,5167.51860324771
9,5172.001907021806
10,5187.611628363319
11,5172.4917025894365
12,5187.722767325722
13,5174.124264156624
14,5183.128324728241
15,5187.652110831089
16,5185.366673079364
17,5183.239463462688
18,5174.013125246842
19,5174.124264138297
20,5187.611628436853
