Run,Cost
1,5226.545114043265
2,5227.120161218273
3,5227.120161164685
4,5226.545114007897
5,5227.120161130224
6,5226.54511403748
7,5227.1201611580145
8,5226.545114036136
9,5226.545114028171
10,5227.120161130991
11,5227.120161160582
12,5227.120161124899
13,5226.545114043889
14,5226.545113987427
15,5227.120161196033
16,5227.120161134245
17,5226.5451140932055
18,5227.120161138039
19,5227.1201611567485
20,5227.120161137063
