Run,Cost
1,2010.6441211861413
2,2010.6441211790677
3,2010.6441211620622
4,2010.6441211795627
5,2010.6441211697945
6,2010.6441211726535
7,2010.64412118058
8,2010.6441211619167
9,2010.6441211839197
10,2010.644121198167
11,2010.6441211621252
12,2010.6441211997844
13,2010.6441211788133
14,2010.6441212081565
15,2010.6441211835295
16,2010.6441211734464
17,2010.6441212003908
18,2010.6441211782253
19,2010.6441211525798
20,2010.6441211641077
