Run,Cost
1,2008.8000571242173
2,2008.8000571124412
3,2008.8000571073799
4,2008.8000570917495
5,2008.8000570887518
6,2008.8000570750114
7,2008.8000570958798
8,2008.800057096073
9,2008.8000570933953
10,2008.8000570697259
11,2008.800057103228
12,2008.800057106827
13,2008.800057062489
14,2008.800057108845
15,2008.800057054079
16,2008.800057097968
17,2008.8000570603576
18,2008.8000570853208
19,2008.8000570850465
20,2008.8000570868505
