Run,Cost
1,6707.240061643806
2,6712.689188962205
3,6710.513700706791
4,6713.867471335592
5,6712.597985021222
6,6712.689189002291
7,6706.425263554849
8,6706.334059767304
9,6708.509547887115
10,6709.335418430961
11,6706.3340596225125
12,6708.418344005557
13,6710.51370079067
14,6707.240061609412
15,6711.783186977512
16,6709.335418392773
17,6710.51370070697
18,6711.783186985805
19,6707.240061746388
20,6708.418343966013
