Run,Cost
1,6763.405269294455
2,6762.718405369334
3,6763.405269394263
4,6763.405269381644
5,6763.405269373095
6,6763.40526934206
7,6763.405269377387
8,6763.405269366176
9,6763.405269356511
10,6763.405269352869
11,6762.71840532932
12,6763.405269373366
13,6762.718405349554
14,6763.405269292114
15,6763.40526942838
16,6762.718405371162
17,6762.71840538027
18,6763.405269417322
19,6762.718405288024
20,6762.7184053458805
