Run,Cost
1,12608.22817751965
2,12615.556163068919
3,12609.548683888363
4,12607.644403614331
5,12618.871187186669
6,12619.952151748144
7,12612.625860204218
8,12605.364746402867
9,12626.031943722452
10,12619.303846087461
11,12613.555121574802
12,12628.23439153333
13,12602.76431337486
14,12618.635095057518
15,12618.81535539299
16,12615.335205099349
17,12612.159920746435
18,12616.668739294339
19,12607.644403615259
20,12624.596542354468
