Run,Cost
1,12682.048973355479
2,12682.048973412562
3,12682.048973320147
4,12682.048973302806
5,12682.048973386163
6,12682.048973235389
7,12682.04897334909
8,12682.048973281906
9,12682.048973389179
10,12682.048973298308
11,12682.048973259103
12,12682.048973292991
13,12682.048973340068
14,12682.048973313798
15,12682.048973377307
16,12682.048973353312
17,12682.048973344348
18,12682.048973331484
19,12682.04897329625
20,12682.04897329257
