Run,Cost
1,5088.357653489239
2,5095.445328632886
3,5095.389242001179
4,5093.382128199325
5,5100.637542340091
6,5103.219238799188
7,5095.445328541286
8,5095.613067534633
9,5088.293702406198
10,5088.376824890396
11,5088.189914451255
12,5099.114569389999
13,5088.480612922227
14,5095.632239011269
15,5095.303197554685
16,5098.149984506829
17,5095.38924199548
18,5088.189914445956
19,5095.632239036153
20,5088.170742946753
