Run,Cost
1,5130.90386336282
2,5130.903863369105
3,5130.903863327715
4,5130.903863390538
5,5130.903863351886
6,5130.9038634017015
7,5130.903863324636
8,5130.903863378928
9,5130.903863320353
10,5130.9038633593245
11,5130.903863397655
12,5130.903863291395
13,5130.903863380193
14,5130.903863359359
15,5130.903863327139
16,5130.903863340596
17,5130.903863352742
18,5130.903863335898
19,5130.903863387294
20,5130.903863355451
