Run,Cost
1,3107.716828204801
2,3111.508310487537
3,3108.0584537363243
4,3111.5083105122803
5,3108.058453720975
6,3112.581411258495
7,3115.3343875245223
8,3108.0584537780587
9,3108.0584537312366
10,3112.58141122132
11,3112.5468165165003
12,3111.508310492838
13,3111.542905215084
14,3108.058453710723
15,3111.8499360554383
16,3108.0584537679556
17,3111.5083104741425
18,3111.5083105098556
19,3108.755334254747
20,3116.372893541853
