Run,Cost
1,3144.0844212098355
2,3144.2228721533415
3,3147.807247552711
4,3144.2228721443103
5,3144.2228721494103
6,3144.222872196062
7,3147.8072475778536
8,3144.2228721617776
9,3144.084421236503
10,3147.807247500536
11,3144.0844211744998
12,3147.807247563898
13,3147.807247515049
14,3144.222872173987
15,3147.8072475464965
16,3147.94569850302
17,3147.8072475500917
18,3147.8072475671756
19,3144.2228721617
20,3147.9456984974677
