Run,Cost
1,3385.5508763974085
2,3385.032649329077
3,3385.550876380663
4,3385.032649340065
5,3385.550876398031
6,3385.0326493293164
7,3385.550876406827
8,3385.5508763963576
9,3385.0326493518533
10,3385.5508764083784
11,3385.032649310898
12,3385.5508763997796
13,3385.0326493569582
14,3385.5508764176543
15,3385.5508763971056
16,3385.0326493027924
17,3385.5508764295873
18,3385.032649381127
19,3385.0326493722855
20,3385.550876433826
