Run,Cost
1,1485.5277290997003
2,1483.3572660570674
3,1485.5277291222906
4,1483.3572660957518
5,1483.357266065809
6,1485.5277291126931
7,1483.35726605301
8,1485.527729121097
9,1485.52772912708
10,1485.527729104847
11,1485.5277291082155
12,1485.5277290670422
13,1483.3572660931684
14,1485.5277290957508
15,1485.5277290868928
16,1483.3572660599757
17,1483.3572660655968
18,1485.5277291136929
19,1485.5277290755057
20,1483.3572660685406
