Run,Cost
1,1496.4137757029025
2,1496.4137757249923
3,1496.413775686281
4,1496.4137757113951
5,1496.413775741227
6,1496.4137757070507
7,1496.413775721155
8,1496.413775725968
9,1496.4137757151939
10,1496.4137757007795
11,1496.4137756943755
12,1496.4137757310475
13,1496.413775740798
14,1496.4137757064525
15,1496.4137756861837
16,1496.4137757328085
17,1496.4137757565068
18,1496.413775707197
19,1496.4137756994273
20,1496.413775696811
