Run,Cost
1,1888.3908904425618
2,1888.3908904177667
3,1888.390890433574
4,1888.390890440811
5,1888.3908904269467
6,1888.39089041913
7,1888.3908904350158
8,1885.7438966657212
9,1888.3908904309174
10,1888.390890457195
11,1888.3908904145487
12,1888.3908904479592
13,1888.3908904314337
14,1888.3908904492948
15,1885.7438966487357
16,1888.3908904343734
17,1888.3908904808702
18,1888.3908903986953
19,1888.3908904197338
20,1888.3908904281666
