Run,Cost
1,1893.332992657682
2,1893.3329926827644
3,1893.3329926570066
4,1893.3329926648166
5,1893.3329926898462
6,1893.3329926634435
7,1893.3329926810795
8,1893.332992651437
9,1893.3329926806416
10,1893.3329926673675
11,1893.3329926659121
12,1893.33299265757
13,1893.3329926642696
14,1893.3329926741549
15,1893.332992647534
16,1893.332992689618
17,1893.332992675001
18,1893.3329926732938
19,1893.3329926785182
20,1893.3329926603271
