Run,Cost
1,2294.043575643998
2,2294.0435756428637
3,2294.04357565534
4,2294.0435756615907
5,2294.0435756248335
6,2294.0435756883044
7,2294.0435756781567
8,2294.0435756737065
9,2295.759750282656
10,2295.759750338202
11,2294.0435757104183
12,2294.0435756613606
13,2294.0435756706756
14,2294.043575659017
15,2294.0435756699217
16,2294.0435756449647
17,2294.043575651075
18,2294.043575671053
19,2294.0435756726906
20,2294.04357567838
