Run,Cost
1,2301.4701454941737
2,2301.470145486729
3,2301.470145500079
4,2301.4701454991973
5,2301.4701455232316
6,2301.4701455121526
7,2301.4701455476766
8,2301.4701455129198
9,2301.470145524056
10,2301.4701455212007
11,2301.4701455164495
12,2301.470145520999
13,2301.470145492205
14,2301.4701455228865
15,2301.4701454943624
16,2301.47014553565
17,2301.470145493593
18,2301.4701454621213
19,2301.4701455178697
20,2301.4701455186264
