Run,Cost
1,8475.628995821238
2,8473.95226647463
3,8480.545478675056
4,8473.590132799533
5,8467.850526721946
6,8476.07725978322
7,8467.807318053072
8,8469.48404741978
9,8469.484047465265
10,8476.077259714997
11,8466.173797494606
12,8464.886003349779
13,8467.80731803582
14,8474.400530265684
15,8458.29279105242
16,8467.807318108134
17,8466.173797395915
18,8474.400530377588
19,8478.506615585797
20,8475.628995801686
