Run,Cost
1,6589.925659387753
2,6595.495281830937
3,6589.83094702587
4,6597.441560294027
5,6595.389974042745
6,6596.515447935435
7,6596.515447999869
8,6597.441560325043
9,6601.409835200695
10,6593.694681641839
11,6597.346847907558
12,6595.389974041454
13,6595.38997402557
14,6596.515447967118
15,6593.048033764289
16,6593.973487484125
17,6595.389974056086
18,6596.51544788462
19,6597.238147077249
20,6601.409835259142
