Run,Cost
1,6622.361962798101
2,6622.361962750625
3,6622.361962795962
4,6622.361962788969
5,6622.361962745348
6,6622.3619627561575
7,6622.361962773963
8,6622.361962742083
9,6622.361962694742
10,6622.361962758056
11,6622.361962739075
12,6622.361962766084
13,6622.361962744408
14,6622.36196281416
15,6622.361962742556
16,6622.361962705994
17,6622.361962744833
18,6622.361962696253
19,6622.361962792473
20,6622.361962769016
