Run,Cost
1,8587.74014814088
2,8589.470519254113
3,8589.470519241984
4,8587.740148201434
5,8587.740148149544
6,8589.470519145545
7,8587.74014814747
8,8587.740148206654
9,8587.740148136538
10,8587.740148121
11,8589.470519208375
12,8589.470519150853
13,8587.740148159564
14,8587.740148187866
15,8589.470519194188
16,8587.740148127628
17,8589.47051912602
18,8587.74014812241
19,8589.470519229666
20,8587.740148217077
