Run,Cost
1,5039.056192760758
2,5037.994263626682
3,5037.994263559805
4,5042.157952891128
5,5041.645651572354
6,5038.592963960561
7,5041.046951209776
8,5038.592963973048
9,5038.592963971082
10,5041.046951179742
11,5037.99426351621
12,5041.645651625736
13,5037.994263598215
14,5039.056192743913
15,5038.59296392864
16,5038.592963965027
17,5041.046951222362
18,5041.645651604371
19,5042.15795287074
20,5037.994263566162
