Run,Cost
1,5067.195051909361
2,5067.19505192609
3,5067.19505192482
4,5067.195051894908
5,5067.195051964967
6,5067.195051933844
7,5067.195051918635
8,5067.195051946911
9,5067.195051973513
10,5067.195051898049
11,5067.195051942729
12,5067.1950519212905
13,5067.195051906815
14,5067.195051887479
15,5067.195051956423
16,5067.195051930353
17,5067.195051896634
18,5067.195051898971
19,5067.195051883717
20,5067.195051968607
