Run,Cost
1,335.4262023117588
2,335.42620230623663
3,335.4262023082208
4,335.4262023151181
5,335.4262023257144
6,335.4262023245651
7,335.426202321632
8,335.4262023132019
9,335.4262023132266
10,335.42620232702365
11,335.4262023114601
12,335.4262023221248
13,335.426202322563
14,335.42620230830295
15,335.42620231826953
16,335.42620230976956
17,335.4262023168279
18,335.42620233862766
19,335.426202316308
20,335.42620231281313
