Run,Cost
1,335.4262023053846
2,335.4262023155217
3,335.42620231906955
4,335.4262023266809
5,335.4262023171455
6,335.42620230914815
7,335.42620230599437
8,335.4262023175312
9,335.4262022984077
10,335.4262023196286
11,335.42620230783416
12,335.4262023158167
13,335.42620230396585
14,335.42620231593
15,335.4262023239715
16,335.4262023233147
17,335.4262023133327
18,335.42620230925695
19,335.42620231321405
20,335.42620231570965
