Run,Cost
1,7831.0049870379735
2,7831.004987009879
3,7833.222773650071
4,7831.4679495247
5,7831.467949533156
6,7833.44153882294
7,7831.467949569505
8,7832.759811040637
9,7831.467949585003
10,7832.759811069317
11,7833.441538751523
12,7832.759811066689
13,7831.0049870205075
14,7832.759810983694
15,7833.222773646113
16,7831.467949602121
17,7831.4679495967675
18,7833.22277363829
19,7832.759810964026
20,7833.441538888092
