Run,Cost
1,7678.9220971795685
2,7684.112024363761
3,7677.821729848102
4,7678.935108141814
5,7677.7927284186235
6,7681.9298466169985
7,7684.112024397698
8,7678.799642495044
9,7684.112024405313
10,7682.687572658064
11,7671.601459820189
12,7683.096296429143
13,7676.982237166485
14,7678.799642495443
15,7680.414588815122
16,7680.890912211464
17,7682.687572610147
18,7674.600617683316
19,7678.922097173758
20,7677.671567857703
