Run,Cost
1,6613.052450228282
2,6613.052450172563
3,6613.052450182988
4,6613.052450184027
5,6613.0524501969785
6,6613.052450180607
7,6613.052450248928
8,6613.052450204094
9,6613.052450259973
10,6613.052450242535
11,6613.052450203661
12,6613.052450161654
13,6613.052450132739
14,6613.0524501849795
15,6613.052450169906
16,6613.052450201738
17,6613.052450196779
18,6613.052450201265
19,6613.052450198948
20,6613.052450208468
