Run,Cost
1,6535.5128695982885
2,6540.336262476861
3,6543.290977395375
4,6537.438038989044
5,6538.753439597852
6,6537.4380389797025
7,6547.123307523253
8,6539.380363603965
9,6540.4957857266245
10,6533.147230954953
11,6531.066776329499
12,6544.986572203261
13,6545.227734166828
14,6543.91233358492
15,6542.191380644066
16,6535.177368418543
17,6542.632521087972
18,6545.427712671299
19,6535.742444104464
20,6549.045869485996
