Run,Cost
1,3354.0195838586383
2,3355.3919371672423
3,3355.3919371347174
4,3355.391937126715
5,3355.391937190344
6,3355.3919371520424
7,3355.3919371610214
8,3355.3919371371685
9,3355.391937080612
10,3354.019583953751
11,3354.019583904632
12,3355.391937159052
13,3355.3919371543952
14,3354.019583919476
15,3354.0195839217217
16,3355.391937135458
17,3354.0195838937593
18,3354.019583879597
19,3355.3919371629154
20,3355.3919371595052
