Run,Cost
1,3337.5594952121705
2,3337.412004777051
3,3333.7691462607286
4,3337.6894554830797
5,3337.8729332438966
6,3334.254828826428
7,3337.073812661673
8,3337.6894554506403
9,3337.872933223891
10,3334.384789082665
11,3337.4120047814267
12,3333.7691462239673
13,3334.254828879865
14,3337.9558149550967
15,3338.5133301239366
16,3337.6894554686633
17,3337.4701324013163
18,3334.384789105022
19,3333.4309541760617
20,3334.532279593262
