Run,Cost
1,1876.3791837007739
2,1876.3791837219699
3,1876.3791837526667
4,1876.3791837327042
5,1876.3791837133072
6,1876.3791837044898
7,1876.3791837304611
8,1876.3791837319961
9,1876.3791837381707
10,1876.37918370064
11,1876.3791837359106
12,1876.3791836847986
13,1876.3791837045108
14,1876.379183699094
15,1876.379183732897
16,1876.3791837272408
17,1876.3791836978978
18,1876.379183720461
19,1876.3791837516596
20,1876.3791837415276
