Run,Cost
1,1864.4649693845229
2,1864.4649693673095
3,1864.4649693736621
4,1864.4649693124818
5,1864.464969355413
6,1864.4649693515125
7,1864.4649693399135
8,1864.4649693371962
9,1864.4649693041645
10,1864.4649693306653
11,1864.4649693545805
12,1864.464969354069
13,1864.464969356874
14,1864.4649694005655
15,1864.4649693330139
16,1864.464969310571
17,1864.464969392639
18,1864.464969324786
19,1864.4649693772014
20,1864.4649693820256
