Run,Cost
1,9405.203128898029
2,9405.203128912206
3,9405.203128964822
4,9405.203129008973
5,9405.203128916213
6,9405.203128914864
7,9405.203128964047
8,9405.20312895819
9,9405.20312894905
10,9405.203128929104
11,9405.20312895599
12,9405.203128944451
13,9405.203128898007
14,9405.20312896139
15,9405.203128933224
16,9405.203128952544
17,9405.203128932037
18,9405.20312894153
19,9405.203128960617
20,9405.203128898203
