Run,Cost
1,9348.383490718039
2,9349.748208420204
3,9354.725461791339
4,9350.384065827906
5,9354.08960428733
6,9349.527670546491
7,9349.23988629098
8,9348.89181296836
9,9354.089604289285
10,9349.748208424671
11,9349.748208445977
12,9336.773847763878
13,9348.347966319072
14,9348.891812983331
15,9348.347966391493
16,9348.983823902063
17,9354.089604299583
18,9349.20436178085
19,9353.233208692915
20,9329.619962052011
