Run,Cost
1,8904.150450973499
2,8902.094822373141
3,8904.923371649877
4,8902.867743033898
5,8904.923371609997
6,8902.094822341276
7,8902.094822330602
8,8902.094822347122
9,8901.733532378445
10,8902.867743044688
11,8904.150451040994
12,8904.150450951915
13,8902.094822324681
14,8902.506453024549
15,8902.506453083262
16,8902.094822330455
17,8901.733532329737
18,8904.562081699032
19,8902.867742989807
20,8901.73353235263
