Run,Cost
1,8761.592051205993
2,8730.273611093204
3,8735.183782815735
4,8743.394819186677
5,8736.727410892665
6,8743.478777884598
7,8747.249900835035
8,8748.30416873961
9,8756.754605501405
10,8753.462736910838
11,8731.832618675822
12,8751.490874022158
13,8753.369113624898
14,8746.139514575725
15,8744.075250628863
16,8757.61008686303
17,8764.193746753714
18,8743.67205973171
19,8755.923754454276
20,8730.4142890639
