Run,Cost
1,5986.026193403868
2,5985.265058510239
3,5986.0261934203945
4,5985.265058509707
5,5985.265058441788
6,5986.026193392308
7,5985.265058416333
8,5986.026193362006
9,5986.026193434411
10,5985.265058519093
11,5986.026193399682
12,5986.026193398921
13,5985.2650584616895
14,5986.026193420775
15,5986.02619342637
16,5985.265058359599
17,5985.265058397588
18,5986.026193456434
19,5985.265058449466
20,5985.265058417108
