Run,Cost
1,5925.676452168141
2,5934.186459928557
3,5925.857324976469
4,5937.352998764876
5,5937.904285998333
6,5943.045826961601
7,5934.126019905742
8,5970.837775715029
9,5937.352998742348
10,5923.834650775568
11,5942.274282124189
12,5943.045826986436
13,5925.857324946373
14,5934.716691917597
15,5934.897564731217
16,5945.790464573848
17,5941.6628644674265
18,5934.186459990806
19,5937.795955155983
20,5934.005587203817
