Run,Cost
1,4195.018890688805
2,4195.018890700719
3,4195.0188907063975
4,4195.0188906380845
5,4195.018890683319
6,4195.018890708106
7,4195.018890669247
8,4195.01889069163
9,4195.018890675052
10,4195.018890688957
11,4195.018890674816
12,4195.018890698364
13,4195.018890684193
14,4195.018890691624
15,4195.018890636675
16,4195.018890672254
17,4195.018890626276
18,4195.018890666309
19,4195.018890670765
20,4195.018890649972
