Run,Cost
1,4172.601759432594
2,4173.576029654386
3,4172.601759452522
4,4173.576029631246
5,4172.601759399682
6,4173.5760296490325
7,4172.601759438152
8,4172.601759458423
9,4172.601759461111
10,4173.576029682925
11,4173.576029625727
12,4173.5760296430135
13,4172.601759423489
14,4172.601759443102
15,4172.601759394121
16,4173.5760296556155
17,4172.60175941238
18,4172.601759477285
19,4172.601759440726
20,4173.576029665563
