Run,Cost
1,3335.597366271111
2,3335.5973662796314
3,3335.5973662751817
4,3335.597366294558
5,3335.5973662971633
6,3335.5973662909223
7,3335.5973662760416
8,3335.597366282998
9,3335.5973662916945
10,3335.5973662556157
11,3335.5973662744686
12,3335.5973663163545
13,3335.5973662314304
14,3335.597366286749
15,3335.59736628363
16,3335.597366325775
17,3335.597366264435
18,3335.597366273338
19,3335.5973662544393
20,3335.5973662908023
