Run,Cost
1,3317.381095723779
2,3317.0735280744057
3,3312.5224948783075
4,3311.891950915577
5,3329.008416183224
6,3327.6327571986935
7,3326.414311017894
8,3317.381095754951
9,3322.3367161456968
10,3316.1656970153854
11,3326.6946455753077
12,3291.6634743622158
13,3311.8388822966526
14,3326.6946455799393
15,3322.6170507118845
16,3327.6327572087084
17,3330.0393690482388
18,3322.336716117199
19,3291.943808935994
20,3321.118269912581
