Run,Cost
1,13142.480734621133
2,13142.480734533265
3,13142.48073462162
4,13137.741025975005
5,13142.48073461487
6,13142.480734681027
7,13164.416260081007
8,13142.480734535504
9,13142.480734656881
10,13142.48073459169
11,13141.165211910802
12,13158.8294872859
13,13142.480734615794
14,13164.73439653496
15,13154.60984280335
16,13142.480734606866
17,13161.102871599667
18,13141.165211905478
19,13142.48073462112
20,13142.480734598608
