Run,Cost
1,13156.518760842153
2,13156.518760856605
3,13156.518760904059
4,13156.518760918218
5,13156.51876092362
6,13156.518760900304
7,13156.518760835597
8,13156.518760896744
9,13156.518760893608
10,13156.518760877974
11,13156.518760908028
12,13156.518760970886
13,13156.518760951758
14,13156.518760855279
15,13156.518760919553
16,13156.518760932553
17,13156.518760827725
18,13156.518760923778
19,13156.518760913403
20,13156.518760943869
