Run,Cost
1,4614.695762295097
2,4614.695762274002
3,4614.695762289467
4,4614.695762226253
5,4614.695762300295
6,4612.977266339779
7,4612.977266360573
8,4614.6957622797645
9,4612.9772663268395
10,4614.69576224151
11,4614.695762265255
12,4614.695762306941
13,4614.695762287128
14,4612.977266337962
15,4614.695762233839
16,4612.977266321015
17,4612.977266296331
18,4612.9772663165795
19,4614.695762226152
20,4614.695762243415
