Run,Cost
1,4575.704880578575
2,4564.908655933429
3,4552.334246518176
4,4576.9781590856865
5,4568.633846162981
6,4575.704880546251
7,4568.63384616047
8,4564.403749769772
9,4564.4037497747295
10,4564.908655879829
11,4555.2910643681325
12,4563.635377302771
13,4555.291064368036
14,4564.90865587275
15,4564.4037497417485
16,4575.704880475184
17,4567.360567629128
18,4565.677028276915
19,4564.908655850159
20,4564.908655889012
