Run,Cost
1,824.7597200576045
2,824.759720083411
3,824.7597200793285
4,824.7597200647377
5,824.7597200689524
6,824.7597200534979
7,824.759720082436
8,824.7597200514817
9,824.7597200436676
10,824.7597200795649
11,824.759720067844
12,824.7597200568734
13,824.7597200773487
14,824.7597200522672
15,824.759720054024
16,824.7597200549329
17,824.7597200570311
18,824.7597200630581
19,824.7597200352607
20,824.7597200747841
