Run,Cost
1,807.5923399497862
2,807.5923399413657
3,798.0790192617088
4,798.0790192589523
5,798.0790192503079
6,807.5923399470153
7,807.5923399510423
8,807.5923399558642
9,807.5923399343034
10,807.5923399537538
11,798.0790192803452
12,807.5923399481836
13,807.5923399551621
14,799.4992736637016
15,807.5923399491431
16,799.4992736344735
17,807.5923399605687
18,799.4992736291332
19,807.5923399521084
20,799.4992736294557
