Run,Cost
1,4586.111148076845
2,4586.111148116617
3,4586.111148058257
4,4586.111148077691
5,4586.111148097197
6,4586.111148062988
7,4586.111148125761
8,4586.1111481157905
9,4586.111148081615
10,4586.111148036331
11,4586.111148054674
12,4586.111148062291
13,4586.111148102075
14,4586.111148095459
15,4586.1111480860445
16,4586.111148077728
17,4586.111148079579
18,4586.1111480692425
19,4586.111148085108
20,4586.1111480571135
