Run,Cost
1,4554.593258102583
2,4559.291647092398
3,4574.141254634424
4,4559.291647128235
5,4560.622796430384
6,4554.422277659791
7,4574.141254667528
8,4580.418196324294
9,4559.291647122984
10,4580.418196284696
11,4580.418196286428
12,4580.4181963246865
13,4559.291647087854
14,4580.418196300067
15,4559.2916471692815
16,4559.29164711699
17,4559.291647104893
18,4559.291647072102
19,4580.418196252825
20,4559.291647130992
