Run,Cost
1,876.8798803746481
2,876.8798803653092
3,876.879880349806
4,876.8798803471934
5,876.8798803719067
6,876.8798803646506
7,876.8798803475343
8,876.8798803640968
9,876.8798803367665
10,876.8798803567383
11,876.8798803842886
12,876.8798803510789
13,876.8798803754804
14,876.8798803818639
15,876.8798803623125
16,876.8798803561891
17,876.8798803438236
18,876.8798803727916
19,876.8798803812716
20,876.8798803606222
