Run,Cost
1,874.088335270133
2,874.0883352659015
3,874.0883352848875
4,874.0883352639378
5,874.0883352766434
6,874.0883352510373
7,874.0883352650383
8,874.0883352928247
9,874.088335277084
10,874.0883352618619
11,874.0883352623707
12,874.0883352609576
13,874.088335283521
14,874.0883352698088
15,874.0883352892513
16,874.0883353047203
17,874.0883352638872
18,874.088335265454
19,874.0883352700415
20,874.088335286515
