Run,Cost
1,4588.143537681017
2,4581.339689667404
3,4580.705632247967
4,4580.705632246676
5,4580.705632244902
6,4567.131359367193
7,4569.262810954286
8,4588.143537668965
9,4588.32539101753
10,4588.143537716333
11,4588.143537658452
12,4569.262810912835
13,4566.510079912548
14,4588.143537694506
15,4567.664979005106
16,4568.286258398236
17,4580.7056322707485
18,4588.325391031983
19,4581.339689784155
20,4580.705632202957
