Run,Cost
1,4629.298010054297
2,4629.2980100342365
3,4629.298010007091
4,4629.298010052962
5,4629.298010036573
6,4629.298010018538
7,4629.298010015356
8,4629.298010034311
9,4629.298010068183
10,4629.298010051941
11,4629.298009971575
12,4629.298010072385
13,4629.29801008956
14,4629.298010025707
15,4629.2980100036275
16,4629.298010044215
17,4629.298010091259
18,4629.298010046607
19,4629.298010044236
20,4629.298009989263
