Run,Cost
1,9743.064749052704
2,9743.064749034269
3,9743.064749041208
4,9743.064749075651
5,9743.064748970799
6,9743.064749003033
7,9743.064748998602
8,9743.06474905139
9,9743.0647489924
10,9743.064749070032
11,9743.06474908073
12,9743.06474903133
13,9743.064749073308
14,9743.064749102281
15,9743.064749037601
16,9743.064749022937
17,9743.064748961246
18,9743.064748980703
19,9743.064749105213
20,9743.06474902176
