Run,Cost
1,9660.374735042336
2,9658.798846114776
3,9655.361343592294
4,9669.192058084554
5,9658.053762298123
6,9673.004108445008
7,9650.66267591982
8,9657.679214588337
9,9656.03041546525
10,9659.170292124476
11,9657.146945262733
12,9660.374735049469
13,9655.361343640592
14,9664.544994508267
15,9658.798846108306
16,9669.192058054692
17,9670.311689625283
18,9656.063285206354
19,9658.053762299902
20,9648.83421761941
