Run,Cost
1,6677.299870825982
2,6677.299870827896
3,6677.429767033528
4,6677.299870782086
5,6677.299870738656
6,6677.429766865286
7,6677.42976696725
8,6677.299870906991
9,6677.429766915325
10,6677.299870804506
11,6677.299870801956
12,6677.299870817751
13,6677.429766873079
14,6677.299870828966
15,6677.429766913062
16,6677.429766923101
17,6677.429766906495
18,6677.429766963769
19,6677.299870796921
20,6677.429766895976
