Run,Cost
1,6568.312157578863
2,6563.879820187363
3,6557.437588440204
4,6565.386266292684
5,6581.065533366062
6,6564.050848706566
7,6577.874157069914
8,6560.595086550477
9,6563.877598584265
10,6561.603318368452
11,6566.482595904221
12,6570.039418209109
13,6569.12454361625
14,6569.776460603073
15,6567.301704127424
16,6570.670129276578
17,6568.441042972533
18,6560.8173293178315
19,6559.687880693141
20,6577.472513139465
