Run,Cost
1,4899.722740076065
2,4912.441609933526
3,4895.588912299499
4,4912.441610001717
5,4909.490193299991
6,4888.46635463693
7,4903.047996821288
8,4909.490193287423
9,4894.908551032124
10,4895.588912281186
11,4888.466354660817
12,4897.859967773164
13,4897.859967732398
14,4912.441609958193
15,4888.466354559485
16,4900.168698556809
17,4893.280543701689
18,4903.047996839546
19,4902.674156766314
20,4899.722740159883
