Run,Cost
1,4932.949726840272
2,4932.949726804554
3,4932.949726832525
4,4932.949726876466
5,4932.949726786443
6,4932.949726909438
7,4932.949726870924
8,4932.949726865696
9,4932.94972688292
10,4932.949726840584
11,4932.949726825569
12,4932.949726888197
13,4932.949726863411
14,4932.949726873824
15,4932.949726882575
16,4932.94972686979
17,4932.949726837299
18,4932.9497268508485
19,4932.949726862569
20,4932.949726885568
