Run,Cost
1,8345.91775691125
2,8347.410763974412
3,8345.356671408332
4,8345.219517574202
5,8349.310130124712
6,8348.234432477953
7,8349.587361713608
8,8346.335066407097
9,8346.335066418218
10,8349.58736179231
11,8345.775428150364
12,8346.851125759407
13,8348.511664135249
14,8346.057834694004
15,8345.91775692855
16,8349.17005229158
17,8347.410764055423
18,8350.941738344796
19,8351.501376658283
20,8347.410764092037
