Run,Cost
1,8423.7203914291
2,8423.720391314495
3,8423.720391414356
4,8423.720391311279
5,8423.720391320327
6,8423.720391378522
7,8423.72039134859
8,8423.720391374587
9,8423.720391408979
10,8423.72039137749
11,8423.720391398212
12,8423.720391368133
13,8423.720391412748
14,8423.720391385908
15,8423.720391376432
16,8423.720391349509
17,8423.720391325878
18,8423.720391357723
19,8423.720391353736
20,8423.720391344246
