Run,Cost
1,7176.958811312066
2,7176.958811232754
3,7176.763489988058
4,7177.325474519553
5,7177.1301533346395
6,7177.130153241567
7,7177.130153245895
8,7176.958811279661
9,7177.325474530541
10,7176.763489978095
11,7176.958811255479
12,7176.958811260482
13,7176.763490058128
14,7177.130153282215
15,7176.763489966297
16,7176.763489915475
17,7176.763490026453
18,7177.325474547602
19,7176.7634899349105
20,7176.76348999877
