Run,Cost
1,7197.998056298029
2,7197.998056322344
3,7197.631392951705
4,7197.631392975207
5,7197.631392956771
6,7197.998056319891
7,7197.998056286348
8,7197.631392954919
9,7197.998056308064
10,7197.998056244496
11,7197.631392949862
12,7197.631392958011
13,7197.631392968527
14,7197.998056279367
15,7197.9980562665605
16,7197.631392966609
17,7197.998056303604
18,7197.631392976818
19,7197.6313929933785
20,7197.631392976998
