Run,Cost
1,5339.266450182102
2,5420.656118596224
3,5420.003366464365
4,5420.00336643152
5,5420.944002256507
6,5420.944002222406
7,5419.705953349219
8,5420.003366457605
9,5420.944002253019
10,5420.944002270386
11,5420.944002207255
12,5420.003366497274
13,5420.944002247108
14,5420.944002215001
15,5419.715482830731
16,5420.944002181751
17,5420.003366433068
18,5420.003366433085
19,5420.944002229562
20,5420.944002283761
