Run,Cost
1,5429.0137190985215
2,5429.013719002321
3,5429.0137190534915
4,5429.013719047773
5,5429.013719064013
6,5429.013719085453
7,5429.013719059651
8,5429.013719090682
9,5429.013719016878
10,5429.013719031736
11,5429.0137190607675
12,5429.013719079226
13,5429.0137190520845
14,5429.0137190716405
15,5429.013719062679
16,5429.013719059673
17,5429.013719054006
18,5429.01371908973
19,5429.013719117762
20,5429.013719021197
