Run,Cost
1,8622.413212052283
2,8627.074409731182
3,8627.074409702513
4,8627.074409659976
5,8622.41321198882
6,8627.074409780698
7,8622.046130678798
8,8622.413211949048
9,8627.074409745663
10,8627.074409683282
11,8617.999239739735
12,8614.255836455259
13,8622.046130727616
14,8627.441490989453
15,8627.441490979016
16,8622.413212013555
17,8622.046130691948
18,8622.413211961437
19,8622.046130720408
20,8622.046130693032
