Run,Cost
1,8698.845269101981
2,8698.845269160838
3,8698.845269064881
4,8698.845269141348
5,8698.845269044003
6,8698.84526912703
7,8698.845269077885
8,8698.845269102547
9,8698.845269082738
10,8698.845269065707
11,8698.845269064186
12,8698.84526899717
13,8698.845269051284
14,8698.845269065921
15,8698.845269016345
16,8698.845269061034
17,8698.845269058242
18,8698.845269079517
19,8698.84526902339
20,8698.845269063873
