Run,Cost
1,7535.105274351669
2,7530.852723721775
3,7518.978351617565
4,7519.776405817213
5,7527.460436035284
6,7533.470017136871
7,7530.5802954025585
8,7525.245318064561
9,7524.076552112665
10,7519.172086487187
11,7501.1169516006585
12,7532.564517014144
13,7520.010562081239
14,7510.062016055129
15,7516.371818702219
16,7521.220286297484
17,7522.851343604622
18,7509.810367376615
19,7532.726545385456
20,7522.03946857286
