Run,Cost
1,7676.505639506297
2,7676.505639411926
3,7676.50563943678
4,7676.505639489997
5,7676.505639442021
6,7676.505639411572
7,7676.505639412361
8,7676.505639424816
9,7674.18555656028
10,7674.185556556093
11,7674.185556663848
12,7674.185556618411
13,7676.505639395597
14,7676.505639438166
15,7674.185556659558
16,7674.185556584609
17,7674.185556655501
18,7674.185556564185
19,7676.505639448088
20,7676.505639454236
