Run,Cost
1,5483.9081204119875
2,5484.220762341576
3,5486.01435346112
4,5487.152373661969
5,5486.839731753058
6,5486.326995317309
7,5483.908120481835
8,5483.908120512517
9,5486.326995369235
10,5484.220762359049
11,5483.082742160888
12,5486.014353462009
13,5487.152373666405
14,5486.839731800656
15,5486.8397317729805
16,5486.839731723155
17,5483.908120469249
18,5486.839731732699
19,5483.90812050969
20,5483.082742145857
