Run,Cost
1,3951.947631341736
2,3951.9476313557443
3,3951.947631314903
4,3951.9476312979123
5,3951.947631341672
6,3951.947631341736
7,3951.947631335386
8,3951.947631348037
9,3951.947631344995
10,3951.947631323871
11,3951.947631341535
12,3951.9476313775663
13,3951.9476313469636
14,3951.947631390656
15,3951.9476312831794
16,3951.947631314617
17,3951.9476314134145
18,3951.9476313179034
19,3951.947631366397
20,3951.9476313489276
