Run,Cost
1,3914.15506147312
2,3914.735925984832
3,3914.7359260099133
4,3914.1550614129683
5,3914.735925991323
6,3914.15506141983
7,3910.7250165669043
8,3914.1550614305693
9,3914.1550613982604
10,3914.155061471553
11,3914.7359260085277
12,3910.14415200594
13,3914.735925984039
14,3914.1550614011644
15,3914.7359260729163
16,3914.7359260053036
17,3914.7359260109733
18,3914.1550614564967
19,3914.735926008786
20,3910.1441519564687
