Run,Cost
1,4808.3439656954815
2,4808.34396571084
3,4808.343965639725
4,4808.343965644157
5,4808.343965603921
6,4808.343965676869
7,4808.343965716645
8,4808.343965684307
9,4808.343965686237
10,4808.343965692329
11,4808.343965714534
12,4808.3439656916435
13,4808.34396564347
14,4808.343965623373
15,4808.343965694389
16,4808.343965666418
17,4808.343965701422
18,4808.343965703778
19,4808.3439656675455
20,4808.343965648731
