Run,Cost
1,4756.746310864117
2,4750.126872393723
3,4760.919106116849
4,4753.678425322603
5,4760.503542952333
6,4755.852778270864
7,4755.852778310727
8,4757.507015146856
9,4757.363172036206
10,4751.817454887796
11,4747.373075752267
12,4746.838942789023
13,4741.395194254981
14,4753.4369787865135
15,4750.126872346829
16,4753.436978765548
17,4757.741562274252
18,4751.932913753445
19,4760.738089932882
20,4725.286655458696
