Run,Cost
1,6224.842668723446
2,6224.842668779485
3,6224.842668781836
4,6224.842668722447
5,6224.842668799603
6,6224.842668749411
7,6224.842668659949
8,6224.8426687159845
9,6224.842668808201
10,6224.842668699278
11,6224.842668724338
12,6224.842668739722
13,6224.842668779503
14,6224.842668735431
15,6224.842668705423
16,6224.842668782863
17,6224.8426687577
18,6224.842668719847
19,6224.8426687412975
20,6224.842668759363
