Run,Cost
1,6152.946188070221
2,6154.204019020933
3,6150.41002624931
4,6157.960384594741
5,6156.815838344889
6,6152.226683104728
7,6159.157363697822
8,6156.17768506634
9,6157.322231315613
10,6152.864836342751
11,6159.352000177552
12,6154.957481236073
13,6147.291813983362
14,6158.713846890038
15,6150.215389935258
16,6150.215389889069
17,6152.421319492909
18,6158.519210468661
19,6159.352000180152
20,6149.189822420773
