Run,Cost
1,3023.5514082335862
2,3020.7985708884585
3,3023.5514082659415
4,3023.636451262762
5,3024.4011235822627
6,3020.798570912418
7,3020.7135279315075
8,3020.7985709215814
9,3023.551408290259
10,3023.551408220753
11,3020.7135279067147
12,3024.486166586517
13,3024.4861665554627
14,3015.6172633587976
15,3023.636451308793
16,3023.636451230545
17,3023.551408285767
18,3020.713527948205
19,3020.798570867054
20,3015.702306320873
