Run,Cost
1,3055.9866079500275
2,3055.9866080177267
3,3055.98660797039
4,3055.9866079534017
5,3055.9866079660715
6,3055.9866079347444
7,3055.986607958686
8,3055.986607952916
9,3055.9866079889343
10,3055.9866079492576
11,3055.9866080028064
12,3055.9866079885614
13,3055.9866079579733
14,3055.9866079790795
15,3055.986607956764
16,3055.9866080059774
17,3055.9866079605786
18,3055.9866080059337
19,3055.986608003167
20,3055.9866079664175
