Run,Cost
1,15537.869904398387
2,15537.86990430408
3,15537.869904374387
4,15537.869904292924
5,15537.869904383111
6,15537.869904299287
7,15537.86990431327
8,15537.869904340781
9,15537.86990440515
10,15537.869904305528
11,15537.869904343992
12,15537.869904336098
13,15537.869904381843
14,15537.869904331625
15,15537.869904332869
16,15537.86990435625
17,15537.869904406514
18,15537.86990435846
19,15537.869904314992
20,15537.86990440304
