Run,Cost
1,15512.197359115138
2,15512.197359182697
3,15512.197359144653
4,15512.197359205004
5,15512.197359187261
6,15512.1973591794
7,15512.197359108288
8,15512.197359030237
9,15512.197359055433
10,15512.197359067026
11,15512.19735908102
12,15512.197359074846
13,15512.197359163481
14,15512.19735917136
15,15512.197359151342
16,15512.197359222742
17,15512.197359178197
18,15512.197359170737
19,15512.19735912669
20,15512.197359191134
