Run,Cost
1,7183.797131160471
2,7182.98974694094
3,7186.368017074514
4,7183.5397516352605
5,7184.456671343342
6,7186.140521166713
7,7181.681586047787
8,7180.966713553008
9,7183.826985569411
10,7190.2707182714485
11,7184.456671343088
12,7184.910467690294
13,7173.334042257957
14,7180.06583267201
15,7184.910467702512
16,7182.989746997672
17,7182.989746971257
18,7180.677785069981
19,7172.433654074335
20,7173.255766780402
