Run,Cost
1,7257.061405349043
2,7257.061405328201
3,7257.341919015128
4,7257.341919020053
5,7257.061405302476
6,7257.341919023601
7,7257.341918978653
8,7255.698083601638
9,7257.3419190372615
10,7257.0614053218915
11,7257.341919025311
12,7257.341919013964
13,7255.69808363068
14,7255.9785972902255
15,7257.061405319636
16,7257.341918967693
17,7257.341919034933
18,7257.0614053628315
19,7257.061405299014
20,7257.061405346503
