Run,Cost
1,5927.703226497622
2,5931.197950039283
3,5927.703226563748
4,5924.446231071932
5,5924.446231059083
6,5924.4462310282
7,5931.1979499882555
8,5924.446231071356
9,5933.574236226781
10,5933.574236178249
11,5931.197950060853
12,5930.079512655966
13,5931.1979500648185
14,5930.079512674153
15,5922.069944947126
16,5931.197950000912
17,5930.079512610571
18,5927.703226468226
19,5922.069944905677
20,5930.079512632768
