Run,Cost
1,5946.689131310405
2,5946.689131300852
3,5946.689131224207
4,5946.689131211532
5,5946.689131294881
6,5946.689131221144
7,5946.689131226487
8,5946.689131245551
9,5946.689131300686
10,5946.689131227565
11,5946.689131214058
12,5946.689131297899
13,5946.689131254108
14,5946.689131246974
15,5946.689131184904
16,5946.689131272336
17,5946.689131259564
18,5946.689131232001
19,5946.689131241413
20,5946.689131241493
