Run,Cost
1,4511.293995813209
2,4511.293995823153
3,4511.293995816166
4,4511.293995778501
5,4505.371191967841
6,4511.293995825528
7,4511.293995741619
8,4511.293995785107
9,4509.465627145948
10,4508.175948904132
11,4511.293995762507
12,4509.465627106352
13,4505.37119192917
14,4511.293995764094
15,4509.465627144777
16,4509.465627130602
17,4511.293995755318
18,4505.371191942354
19,4505.37119193101
20,4511.293995790307
