Run,Cost
1,4557.233419753539
2,4557.2334197852
3,4557.750442736771
4,4557.233419772287
5,4557.750442679378
6,4557.750442724826
7,4557.7504427802405
8,4557.750442738256
9,4557.23341981184
10,4557.233419746232
11,4557.750442670785
12,4557.233419774857
13,4557.750442705793
14,4557.750442645211
15,4557.750442681041
16,4557.233419769964
17,4557.75044274265
18,4557.750442671453
19,4557.233419761013
20,4557.233419825126
