Run,Cost
1,4796.163287436549
2,4796.163287343089
3,4796.163287354337
4,4796.163287353799
5,4796.163287366343
6,4796.163287399577
7,4796.1632873585995
8,4796.1632874254965
9,4796.163287366298
10,4796.16328727323
11,4796.163287357676
12,4796.163287354461
13,4796.163287350722
14,4796.163287314283
15,4796.163287382865
16,4796.16328741065
17,4796.163287338743
18,4796.1632873062645
19,4796.163287405768
20,4796.163287337707
