Run,Cost
1,3069.0000000232762
2,3068.9999999986626
3,3197.0000000099667
4,3282.0000000143837
5,3282.0000000067935
6,3181.0000000195027
7,3282.000000004707
8,3069.000000013614
9,3180.999999997686
10,3196.999999989312
11,3282.000000010052
12,3180.9999999845627
13,3196.9999999855113
14,3180.999999998009
15,3164.0000000110886
16,3282.00000001293
17,3187.0000000199225
18,3180.9999999972524
19,3197.0000000116
20,3197.000000013133
