Run,Cost
1,2191.0000000172413
2,2190.9999999937604
3,2191.0000000066893
4,2190.9999999944257
5,2190.9999999931506
6,2191.000000016013
7,2190.9999999974893
8,2190.999999991488
9,2191.0000000127884
10,2191.0000000013156
11,2191.000000008745
12,2190.999999997163
13,2190.999999988431
14,2191.0000000040195
15,2191.0000000114433
16,2191.0000000118603
17,2190.999999999128
18,2191.0000000024875
19,2190.999999994868
20,2191.0000000065397
