Run,Cost
1,4310.999999993698
2,4311.000000010292
3,4310.999999995484
4,4311.0000000020755
5,4310.999999982812
6,4310.999999994659
7,4311.000000031409
8,4310.999999992218
9,4310.999999986086
10,4310.999999973212
11,4310.99999998891
12,4310.999999976161
13,4310.999999987506
14,4311.000000007455
15,4311.000000004363
16,4311.000000011107
17,4310.999999973433
18,4310.999999985783
19,4311.0000000050295
20,4310.999999991169
