Run,Cost
1,1985.000000000555
2,1984.999999995032
3,1985.0000000023858
4,1984.999999995419
5,1984.9999999983852
6,1984.9999999975043
7,1984.9999999996091
8,1985.0000000056375
9,1984.9999999928928
10,1985.0000000014654
11,1985.000000004522
12,1984.999999991137
13,1984.9999999812133
14,1985.0000000107864
15,1984.999999996051
16,1984.9999999901236
17,1984.9999999813174
18,1984.999999997266
19,1984.9999999880895
20,1984.999999991899
