Run,Cost
1,2111.9999999854153
2,2111.9999999979514
3,2119.0000000065265
4,2119.000000005596
5,2119.0000000060186
6,2112.0000000139034
7,2119.0000000076325
8,2111.999999980827
9,2118.9999999975225
10,2119.000000001164
11,2118.9999999802203
12,2118.999999991708
13,2119.000000011777
14,2112.0000000043087
15,2112.000000007768
16,2111.999999996348
17,2111.999999995784
18,2111.9999999925935
19,2119.0000000016266
20,2111.999999992598
