Run,Cost
1,2129.000000006991
2,2129.0000000130813
3,2128.99999998436
4,2129.0000000044934
5,2129.0000000067685
6,2128.9999999990123
7,2129.00000000523
8,2128.999999993157
9,2129.0000000084183
10,2129.0000000078803
11,2128.999999997318
12,2128.9999999910633
13,2129.000000001583
14,2129.000000004208
15,2129.0000000045693
16,2128.999999996562
17,2129.0000000023983
18,2129.000000007598
19,2128.9999999911624
20,2128.999999998664
