Run,Cost
1,1616.9999999962447
2,1616.999999997832
3,1616.9999999798263
4,1617.0000000158702
5,1617.0000000067323
6,1617.0000000097339
7,1616.9999999934957
8,1616.9999999979684
9,1617.0000000109542
10,1616.9999999942247
11,1617.0000000048651
12,1617.0000000064267
13,1616.9999999927243
14,1616.999999982221
15,1616.9999999919141
16,1616.9999999978431
17,1616.9999999981371
18,1616.9999999943518
19,1616.9999999918764
20,1617.0000000153982
