Run,Cost
1,3946.000000014627
2,3946.0000000298705
3,3946.000000001362
4,3946.000000020386
5,3945.9999999907213
6,3946.0000000226128
7,3945.9999999621464
8,3946.0000000199593
9,3945.9999999787924
10,3945.9999999637157
11,3946.000000010124
12,3945.9999999937963
13,3946.0000000115256
14,3946.0000000154646
15,3945.999999986639
16,3946.000000018896
17,3946.000000027917
18,3945.999999992462
19,3946.0000000049426
20,3945.9999999931
