Run,Cost
1,2181.0000000034247
2,2180.9999999971665
3,2180.999999990092
4,2181.0000000001887
5,2180.9999999937068
6,2180.999999996491
7,2180.9999999879587
8,2181.0000000128543
9,2180.999999987929
10,2180.9999999884208
11,2181.0000000193645
12,2180.9999999969054
13,2180.9999999829456
14,2180.9999999963034
15,2180.9999999963675
16,2180.9999999932525
17,2181.0000000172217
18,2181.0000000035066
19,2180.999999989632
20,2180.9999999954525
