Run,Cost
1,2123.0000000057034
2,2123.0000000157584
3,2136.9999999894885
4,2137.00000000085
5,2136.9999999986444
6,2123.000000005863
7,2137.000000013303
8,2122.999999973967
9,2137.000000000651
10,2123.0000000042214
11,2136.999999995639
12,2137.000000015351
13,2136.999999994411
14,2136.999999988754
15,2122.9999999971715
16,2123.0000000011823
17,2137.000000012449
18,2123.000000002406
19,2136.999999993624
20,2122.999999992211
