Run,Cost
1,1976.0000000061132
2,2022.0000000087653
3,2021.999999993171
4,1975.9999999942352
5,1976.0000000003388
6,1975.9999999903234
7,1976.0000000013322
8,2021.9999999906743
9,2021.9999999877157
10,2022.0000000077525
11,2021.9999999981476
12,1975.9999999857184
13,2022.0000000022442
14,2021.9999999984864
15,1976.0000000042446
16,2022.0000000061134
17,2021.999999996355
18,1976.0000000113298
19,1976.0000000057805
20,2021.999999997136
