Run,Cost
1,3276.9999999937527
2,3276.9999999767374
3,3276.9999999870674
4,3277.0000000168643
5,3276.9999999909737
6,3276.9999999923157
7,3277.0000000058076
8,3276.9999999860875
9,3277.000000015921
10,3277.0000000065343
11,3276.9999999832894
12,3277.00000000662
13,3277.0000000053988
14,3276.999999992705
15,3277.0000000037467
16,3277.000000005897
17,3276.999999999431
18,3276.999999966033
19,3277.0000000001514
20,3277.0000000318814
