Run,Cost
1,2089.0000000127548
2,2089.000000010571
3,2088.9999999857096
4,2058.0000000053437
5,2058.00000001018
6,2089.0000000133755
7,2089.0000000002447
8,2057.9999999941306
9,2089.0000000094597
10,2058.000000000604
11,2058.000000006433
12,2057.9999999932393
13,2089.000000007834
14,2089.0000000049986
15,2057.9999999946635
16,2057.999999987767
17,2058.000000015083
18,2057.9999999877155
19,2057.999999977379
20,2057.9999999870515
