Run,Cost
1,4007.999999991061
2,4039.0000000279274
3,4038.999999989946
4,4100.999999974392
5,4101.000000008525
6,4148.00000003164
7,4008.00000000433
8,4007.999999992213
9,4008.00000002222
10,4008.0000000047444
11,4007.999999993332
12,4071.9999999928805
13,4007.9999999654283
14,4008.0000000222526
15,4039.0000000318023
16,4101.000000007702
17,4148.000000009573
18,4039.000000004676
19,4072.000000007167
20,4144.000000010624
