Run,Cost
1,3523.000000005375
2,3533.0000000055124
3,3532.9999999977995
4,3523.0000000210803
5,3523.000000011075
6,3522.999999985143
7,3533.000000018573
8,3532.9999999821653
9,3522.999999984599
10,3532.9999999942543
11,3523.000000013742
12,3533.0000000172245
13,3523.0000000024147
14,3533.0000000152045
15,3522.9999999900765
16,3522.9999999998226
17,3533.000000005531
18,3522.999999989008
19,3522.999999990172
20,3522.999999994135
