Run,Cost
1,1647.999999987763
2,1652.0000000023267
3,1651.9999999952224
4,1702.9999999956924
5,1647.9999999955214
6,1652.000000006784
7,1651.9999999782335
8,1702.9999999976108
9,1703.0000000053215
10,1652.0000000057466
11,1614.000000019
12,1652.0000000002256
13,1703.0000000044065
14,1703.0000000072569
15,1648.0000000035639
16,1651.9999999969534
17,1652.0000000024763
18,1703.0000000104058
19,1597.00000000424
20,1647.999999993248
