Run,Cost
1,3250.9999999893057
2,3250.9999999851884
3,3250.999999999841
4,3251.0000000017308
5,3250.999999997314
6,3250.9999999997344
7,3250.999999979881
8,3251.000000005007
9,3250.9999999879465
10,3250.9999999827223
11,3251.0000000052214
12,3250.9999999893344
13,3251.00000000739
14,3250.9999999812385
15,3251.0000000158193
16,3250.999999992268
17,3251.000000020831
18,3250.9999999879924
19,3250.9999999879346
20,3251.000000009069
