Run,Cost
1,2165.9999999923934
2,2165.9999999884863
3,2166.0000000104596
4,2165.9999999946695
5,2165.9999999934716
6,2165.9999999744186
7,2165.999999994473
8,2165.9999999882725
9,2165.9999999860584
10,2165.999999986121
11,2166.000000011082
12,2166.000000002633
13,2166.000000000667
14,2165.999999992352
15,2165.999999995526
16,2165.9999999913607
17,2166.000000011003
18,2166.0000000044097
19,2166.000000003129
20,2165.999999993574
