Run,Cost
1,3414.9999999892616
2,3414.999999982152
3,3414.9999999948536
4,3414.9999999954316
5,3414.9999999946585
6,3414.999999986946
7,3414.9999999919755
8,3414.9999999944534
9,3414.9999999846996
10,3414.999999999181
11,3415.0000000037116
12,3415.000000001321
13,3415.000000001126
14,3415.000000001998
15,3414.9999999942584
16,3414.999999980176
17,3415.000000004663
18,3414.9999999779943
19,3415.000000018744
20,3415.0000000032155
