Run,Cost
1,4544.000000008759
2,4544.0000000248265
3,4283.9999999647725
4,4544.000000016337
5,4203.00000001388
6,4245.000000010265
7,4543.999999998357
8,4284.000000003236
9,4284.000000013879
10,4284.000000018829
11,4245.000000001805
12,4283.9999999716465
13,4240.999999996385
14,4544.000000006556
15,4283.999999987647
16,4543.9999999788015
17,4543.99999997567
18,4543.9999999569645
19,4240.999999989059
20,4544.000000024448
