Run,Cost
1,2817.9999999956326
2,2892.9999999973056
3,2893.000000007026
4,2818.0000000260984
5,2892.9999999904185
6,2817.9999999873403
7,2818.0000000200257
8,2892.999999980805
9,2812.000000012467
10,2892.9999999988577
11,2883.000000008796
12,2892.9999999875904
13,2882.9999999869897
14,2892.9999999971133
15,2811.9999999869947
16,2818.000000034589
17,2892.9999999902534
18,2811.9999999878996
19,2892.9999999916217
20,2812.000000012314
