Run,Cost
1,4417.999999991305
2,4494.000000019554
3,4494.0000000063155
4,4418.000000000649
5,4418.000000013315
6,4493.999999989279
7,4494.000000019129
8,4418.000000009429
9,4494.000000005156
10,4494.000000013245
11,4418.000000015665
12,4493.9999999924885
13,4418.000000001676
14,4417.999999988174
15,4494.000000018696
16,4493.999999984501
17,4494.000000000919
18,4493.999999990314
19,4494.000000030038
20,4493.999999999761
