Run,Cost
1,2085.000000009587
2,2079.000000008271
3,2079.0000000104174
4,2084.9999999960173
5,2084.9999999895563
6,2084.999999978941
7,2084.999999994455
8,2078.99999999628
9,2085.0000000120667
10,2084.9999999942793
11,2084.999999997881
12,2078.9999999993142
13,2078.999999992109
14,2079.0000000074065
15,2079.0000000124355
16,2085.0000000056834
17,2084.9999999831202
18,2085.000000011549
19,2078.999999993325
20,2078.9999999928873
