Run,Cost
1,2050.9999999911124
2,2051.000000000756
3,2050.99999999191
4,2051.0000000077425
5,2051.0000000082855
6,2050.999999999503
7,2050.999999999161
8,2050.9999999984957
9,2051.00000001164
10,2051.000000005878
11,2050.9999999987745
12,2050.999999991607
13,2050.999999997976
14,2050.999999981085
15,2051.000000000275
16,2051.0000000180526
17,2051.0000000009136
18,2050.99999999125
19,2051.000000007151
20,2051.000000009234
