Run,Cost
1,4038.9999999635506
2,4029.999999980071
3,4120.999999986397
4,4143.000000006184
5,4199.000000011915
6,4142.999999984946
7,4198.999999997404
8,4038.9999999620613
9,4069.0000000347627
10,4039.0000000074156
11,4029.9999999833503
12,4143.000000007176
13,4071.0000000124833
14,4142.999999980126
15,4137.000000009679
16,4068.999999971497
17,4199.000000004258
18,4029.9999999808597
19,4199.00000001749
20,4029.999999983609
