Run,Cost
1,2810.9999999905185
2,3048.9999999999172
3,2872.9999999954744
4,3031.0000000038813
5,3074.000000008968
6,3048.9999999941074
7,3049.0000000041473
8,3048.9999999978613
9,2873.000000004293
10,2872.9999999983625
11,3049.000000008632
12,3031.0000000089176
13,3048.9999999867655
14,2872.9999999790207
15,3049.0000000159894
16,3049.0000000038626
17,3030.9999999911283
18,3031.0000000090254
19,3030.9999999827523
20,2872.9999999989273
