Run,Cost
1,3992.0000000374107
2,3992.0000000022046
3,4071.000000024164
4,4071.000000022913
5,4157.000000012129
6,4157.000000035909
7,3992.0000000177447
8,4156.999999994622
9,3991.9999999909487
10,4070.999999988681
11,4167.99999999603
12,4071.0000000169966
13,4167.999999974786
14,4157.0000000103655
15,4167.999999983605
16,4157.000000053214
17,4160.000000031013
18,3991.999999996744
19,4156.999999975928
20,4157.000000019643
