Run,Cost
1,4371.000000007749
2,4258.999999992703
3,4258.999999993778
4,4259.0000000384725
5,4259.000000006748
6,4321.000000006131
7,4371.000000001256
8,4259.000000021529
9,4258.9999999905995
10,4259.000000002809
11,4379.000000000269
12,4371.000000007721
13,4258.999999984261
14,4258.99999999683
15,4320.999999973845
16,4370.99999996352
17,4306.000000000922
18,4379.000000010349
19,4321.000000016531
20,4371.00000003953
