Run,Cost
1,3240.000000012513
2,3240.0000000059367
3,3239.9999999937295
4,3239.9999999998495
5,3239.9999999933825
6,3239.9999999978118
7,3240.0000000116374
8,3239.9999999889924
9,3239.9999999898855
10,3239.9999999988445
11,3239.9999999977076
12,3240.0000000101827
13,3239.999999987689
14,3240.000000006252
15,3239.999999975499
16,3239.9999999908287
17,3239.999999990229
18,3240.0000000133555
19,3240.000000018698
20,3239.9999999835604
