Run,Cost
1,3138.9999999995225
2,3139.0000000083164
3,3139.0000000094947
4,3092.999999995782
5,3138.999999989392
6,3139.0000000018417
7,3093.0000000071404
8,3093.0000000018217
9,3139.00000003195
10,3139.00000000753
11,3092.9999999807656
12,3138.999999999998
13,3093.0000000008736
14,3138.9999999969286
15,3093.000000005443
16,3138.999999986551
17,3138.999999999412
18,3138.999999980582
19,3092.9999999891284
20,3093.000000060196
