Run,Cost
1,3455.9999999986435
2,3455.9999999975125
3,3455.9999999943702
4,3456.000000033613
5,3455.9999999922575
6,3455.999999975825
7,3456.000000006409
8,3455.9999999680053
9,3455.9999999979505
10,3455.999999990374
11,3456.0000000175223
12,3456.0000000046434
13,3455.9999999895103
14,3456.000000027392
15,3455.9999999872184
16,3456.0000000085774
17,3456.0000000000805
18,3456.0000000182386
19,3455.9999999573133
20,3455.999999987789
