Run,Cost
1,4427.999999961736
2,4425.99999998365
3,4427.999999993301
4,4427.999999997671
5,4425.999999999442
6,4426.000000009385
7,4426.00000003172
8,4426.000000006685
9,4428.000000038407
10,4428.000000017121
11,4428.000000023174
12,4426.000000002669
13,4427.999999975037
14,4427.999999995281
15,4426.000000000967
16,4426.000000006875
17,4426.000000021275
18,4425.999999983438
19,4426.000000002526
20,4427.999999983914
