Run,Cost
1,2247.000000010319
2,2247.000000000847
3,2247.000000018728
4,2247.000000002602
5,2246.9999999744105
6,2246.999999989827
7,2246.999999984192
8,2246.9999999812976
9,2247.000000009428
10,2246.999999989098
11,2246.999999999697
12,2247.0000000018617
13,2246.9999999923116
14,2246.9999999947267
15,2247.0000000097584
16,2246.999999988965
17,2246.999999996321
18,2247.000000009611
19,2246.9999999961083
20,2247.000000017593
