Run,Cost
1,2419.9999999976217
2,2425.9999999909537
3,2426.0000000067275
4,2420.0000000029177
5,2425.999999981984
6,2420.000000001925
7,2420.0000000071127
8,2420.000000007157
9,2425.999999985083
10,2420.0000000042874
11,2420.000000006897
12,2426.0000000035457
13,2419.9999999902802
14,2425.999999971601
15,2426.000000007724
16,2426.000000009555
17,2425.999999998507
18,2419.9999999814345
19,2426.0000000050545
20,2425.9999999938045
