Run,Cost
1,4703.0000000221435
2,4702.999999995711
3,4702.999999996037
4,4703.000000011042
5,4702.999999998875
6,4703.000000028893
7,4703.000000005897
8,4703.0000000005475
9,4702.999999963018
10,4702.999999987773
11,4703.0000000197115
12,4703.000000016537
13,4703.0000000197515
14,4703.000000000609
15,4702.999999989247
16,4702.999999991712
17,4703.000000022898
18,4702.999999991184
19,4702.999999999423
20,4703.000000009185
