Run,Cost
1,3250.999999994496
2,3250.9999999962733
3,3251.0000000117516
4,3251.0000000070104
5,3251.0000000141167
6,3251.000000027542
7,3251.0000000060268
8,3251.000000009433
9,3250.9999999970396
10,3251.0000000005857
11,3250.9999999998413
12,3250.999999993789
13,3250.9999999913384
14,3250.999999998828
15,3251.0000000010796
16,3251.0000000092305
17,3250.999999986886
18,3250.9999999685497
19,3250.99999999031
20,3251.000000007377
