Run,Cost
1,3184.9999999786683
2,3185.00000000973
3,3184.9999999972874
4,3185.000000009946
5,3184.9999999766387
6,3184.9999999934
7,3185.0000000008254
8,3185.0000000046916
9,3185.000000002303
10,3184.999999992815
11,3185.0000000026953
12,3184.9999999986726
13,3185.000000028722
14,3184.9999999661154
15,3185.0000000007894
16,3184.9999999945508
17,3184.999999985516
18,3184.9999999985703
19,3184.999999998266
20,3185.0000000243467
