Run,Cost
1,1872.0000000008013
2,1872.0000000014113
3,1871.9999999884913
4,1852.9999999875936
5,1871.9999999922688
6,1871.999999998932
7,1872.0000000072214
8,1871.9999999900426
9,1872.000000004162
10,1853.0000000024
11,1872.0000000109542
12,1872.0000000077553
13,1852.9999999852541
14,1871.9999999848953
15,1872.0000000108298
16,1871.9999999715535
17,1872.0000000041184
18,1872.0000000029972
19,1871.9999999784754
20,1872.0000000075775
