Run,Cost
1,2823.999999985502
2,3172.0000000103764
3,2823.999999997104
4,3159.999999980811
5,3172.0000000162695
6,3172.00000001153
7,2835.0000000014747
8,3171.99999999297
9,2834.9999999923652
10,2835.000000013133
11,3160.0000000033565
12,2823.9999999989736
13,3160.000000000286
14,3159.9999999708966
15,3172.000000011767
16,2834.999999985877
17,3159.999999970703
18,2823.9999999912366
19,2824.000000010718
20,2824.0000000010696
