Run,Cost
1,2439.9999999900588
2,2363.0000000132454
3,2362.999999996167
4,2362.9999999892566
5,2439.999999993533
6,2440.000000006657
7,2440.000000010953
8,2440.0000000053255
9,2440.0000000038344
10,2363.000000016452
11,2440.0000000062705
12,2363.000000005846
13,2362.999999988648
14,2439.9999999932525
15,2439.9999999952374
16,2363.0000000019572
17,2440.000000014332
18,2362.999999998317
19,2440.0000000038676
20,2439.999999984687
