Run,Cost
1,2119.000000004758
2,2118.9999999857887
3,2118.9999999975407
4,2119.000000003779
5,2118.9999999765696
6,2119.0000000085174
7,2119.0000000016953
8,2118.9999999971674
9,2119.0000000131786
10,2119.0000000080868
11,2119.000000012589
12,2119.000000009727
13,2119.000000006311
14,2119.000000000306
15,2119.00000001298
16,2119.0000000005716
17,2118.9999999850265
18,2119.0000000066666
19,2118.9999999990077
20,2119.0000000191585
