Run,Cost
1,3907.0000000035748
2,3820.000000041975
3,3907.0000000117066
4,3820.0000000033597
5,3907.000000009937
6,3820.0000000112036
7,3819.9999999917313
8,3907.000000016692
9,3907.0000000224436
10,3906.9999999952097
11,3819.999999991042
12,3820.0000000020386
13,3820.0000000072782
14,3906.9999999766064
15,3907.000000013421
16,3907.0000000038517
17,3906.9999999984307
18,3906.999999999263
19,3907.0000000278433
20,3907.000000019322
