Run,Cost
1,4243.999999997134
2,4244.000000057341
3,4243.999999984604
4,4243.999999993284
5,4244.000000010884
6,4243.999999992601
7,4244.000000004968
8,4244.0000000121345
9,4244.000000027861
10,4244.000000005161
11,4243.999999990531
12,4243.999999976921
13,4244.0000000176815
14,4244.0000000127675
15,4244.000000023448
16,4243.999999966847
17,4244.000000013347
18,4244.000000010898
19,4244.000000010945
20,4243.9999999849115
