Run,Cost
1,3931.9999999834527
2,4024.000000024649
3,4024.000000015224
4,4023.9999999929314
5,3934.9999999701254
6,4016.0000000107634
7,4023.9999999990537
8,4024.000000022528
9,3958.999999987835
10,3932.000000015619
11,4023.9999999932884
12,3934.9999999805023
13,4024.000000007082
14,4024.000000007102
15,3934.99999997199
16,4024.000000049392
17,4023.9999999829715
18,4024.0000000061823
19,4023.9999999894317
20,4023.9999999783645
