Run,Cost
1,4528.999999984357
2,4528.999999993699
3,4528.9999999924075
4,4528.9999999747415
5,4529.000000003682
6,4528.999999968729
7,4528.999999988873
8,4528.999999970869
9,4529.000000010517
10,4528.999999984658
11,4528.999999989918
12,4529.000000004042
13,4528.999999987045
14,4529.00000000032
15,4529.000000010959
16,4528.999999957046
17,4528.999999998593
18,4529.000000011434
19,4528.999999995942
20,4529.000000007174
