Run,Cost
1,4801.999999951989
2,4789.999999998625
3,4801.999999992305
4,4790.000000008739
5,4790.0000000294
6,4789.999999983476
7,4802.000000016363
8,4801.999999992106
9,4801.999999988752
10,4801.999999991221
11,4789.999999974824
12,4802.000000013257
13,4802.000000002103
14,4802.000000019475
15,4789.99999999078
16,4801.999999997403
17,4789.999999995527
18,4802.000000001885
19,4801.999999966958
20,4801.9999999900965
