Run,Cost
1,3278.000000014361
2,3278.0000000076375
3,3277.999999967365
4,3277.999999998803
5,3278.0000000020245
6,3277.9999999823485
7,3278.000000033273
8,3278.0000000251716
9,3278.0000000146724
10,3277.9999999900397
11,3277.999999953875
12,3278.000000003585
13,3278.000000012655
14,3277.9999999946585
15,3278.0000000024206
16,3277.9999999957536
17,3277.9999999655415
18,3278.0000000006785
19,3278.0000000063583
20,3277.9999999884676
