Run,Cost
1,3825.999999969134
2,3825.9999999965557
3,3826.000000002689
4,3825.9999999706793
5,3826.000000007379
6,3825.999999994927
7,3826.000000014089
8,3826.0000000152095
9,3826.0000000062832
10,3825.999999978791
11,3826.0000000038767
12,3825.9999999825354
13,3826.0000000053747
14,3825.9999999974007
15,3880.9999999975244
16,3881.00000001262
17,3826.0000000178547
18,3881.0000000071923
19,3880.999999978835
20,3826.0000000045
