Run,Cost
1,541.0000000088899
2,576.0000000066285
3,540.9999999962179
4,576.0000000099993
5,576.0000000006364
6,576.0000000040035
7,575.9999999848376
8,576.0000000158672
9,576.0000000171278
10,575.9999999994811
11,575.9999999995829
12,541.0000000023413
13,575.9999999935809
14,575.9999999980586
15,575.9999999881283
16,575.9999999986059
17,575.9999999989552
18,575.9999999973006
19,575.999999991252
20,576.00000000861
