Run,Cost
1,397.0000000108108
2,429.0000000073515
3,419.9999999941506
4,418.00000000659514
5,423.99999999027415
6,417.9999999953164
7,427.000000003492
8,423.99999999592166
9,402.99999999425194
10,420.00000000073294
11,433.0000000013651
12,435.00000000346415
13,434.00000000792477
14,429.99999999985664
15,429.0000000024523
16,419.9999999972589
17,432.00000000202317
18,410.99999999987966
19,433.0000000003843
20,435.9999999940034
