Run,Cost
1,667.9999999983991
2,675.9999999956677
3,667.999999979199
4,676.0000000037167
5,679.0000000005473
6,674.000000007637
7,668.0000000135085
8,668.000000000987
9,667.9999999898263
10,675.9999999920113
11,674.0000000023792
12,674.0000000008573
13,668.0000000072532
14,678.9999999960216
15,679.0000000124722
16,679.0000000014475
17,667.9999999827376
18,675.9999999801091
19,676.0000000003334
20,668.0000000113098
