Run,Cost
1,285.00000000172656
2,295.0000000043097
3,290.00000000126397
4,285.00000000108065
5,290.00000000053234
6,290.0000000011574
7,305.000000003243
8,305.0000000020373
9,290.0000000050134
10,284.99999999437466
11,295.0000000022773
12,294.99999999937074
13,304.9999999991088
14,289.99999999809665
15,284.9999999973114
16,304.999999996238
17,285.00000000496937
18,305.00000000115466
19,309.9999999949226
20,304.9999999924915
