Run,Cost
1,495.00000000213174
2,478.00000000943544
3,546.0000000011945
4,533.0000000080998
5,505.99999999474545
6,504.99999999527205
7,499.0000000054183
8,487.00000000569673
9,509.00000000716756
10,523.9999999998502
11,518.000000021866
12,494.00000000929697
13,506.99999999162986
14,489.9999999989896
15,529.000000001374
16,528.0000000021129
17,478.00000000802777
18,532.0000000100164
19,503.0000000174653
20,510.00000002076325
