Run,Cost
1,422.0000000030274
2,442.9999999963366
3,437.9999999984368
4,414.0000000117904
5,426.00000000401076
6,421.99999999276594
7,435.0000000094194
8,422.00000001200704
9,404.0000000061673
10,440.00000000492173
11,449.0000000084437
12,426.9999999965565
13,401.99999999721064
14,419.99999999785143
15,450.0000000061629
16,431.00000000775293
17,427.0000000130638
18,415.9999999972858
19,439.00000001201425
20,438.00000001081395
