Run,Cost
1,436.0000000019821
2,435.99999999793204
3,436.00000000155
4,436.00000000120747
5,435.9999999982622
6,436.0000000042883
7,436.00000000571293
8,436.0000000047023
9,436.00000001363264
10,435.9999999973202
11,435.9999999880242
12,436.0000000094446
13,435.9999999964841
14,435.9999999943668
15,436.00000000111845
16,436.00000000093553
17,435.9999999965953
18,436.0000000042238
19,436.0000000008695
20,436.0000000016372
