Run,Cost
1,559.0000000094607
2,559.000000001163
3,559.0000000052856
4,559.0000000104073
5,558.9999999956062
6,558.9999999959626
7,559.0000000003068
8,559.0000000010864
9,558.9999999925919
10,558.9999999976558
11,559.0000000173392
12,559.0000000022421
13,558.9999999966219
14,559.0000000013829
15,559.0000000098834
16,558.9999999918055
17,559.0000000016759
18,559.0000000062008
19,559.0000000004956
20,559.0000000023352
