Run,Cost
1,545.0000000001485
2,536.0000000073735
3,562.9999999982921
4,556.9999999956818
5,521.0000000095268
6,548.999999998318
7,563.0000000143816
8,574.000000010324
9,552.9999999977924
10,545.9999999918759
11,609.9999999898743
12,548.0000000004542
13,561.0000000065398
14,547.0000000033763
15,566.9999999926476
16,529.00000000794
17,557.9999999915105
18,540.9999999902775
19,586.9999999910345
20,510.00000000029553
