Run,Cost
1,482.00000000143285
2,538.9999999985833
3,509.00000001570226
4,451.0000000065122
5,534.0000000139563
6,497.9999999880487
7,492.99999999472453
8,501.00000000044224
9,491.0000000120684
10,460.9999999978612
11,567.0000000127976
12,533.9999999992709
13,494.00000000047373
14,521.0000000016491
15,497.0000000062721
16,480.0000000093597
17,540.9999999983982
18,499.00000000828527
19,551.0000000011156
20,538.9999999987135
