Run,Cost
1,1499.000000026306
2,1499.0000000159066
3,1498.9999999987438
4,1498.999999990901
5,1498.9999999929178
6,1498.9999999987738
7,1498.999999997991
8,1499.0000000058276
9,1499.0000000035027
10,1499.0000000166003
11,1498.9999999898528
12,1498.9999999971424
13,1498.99999998316
14,1498.9999999857073
15,1499.0000000069401
16,1499.0000000112593
17,1498.9999999705476
18,1499.0000000117157
19,1498.9999999987663
20,1499.0000000079071
