Run,Cost
1,81801.99999992028
2,81801.99999998692
3,81801.99999999777
4,81802.00000012641
5,81802.00000007333
6,81801.99999995004
7,81801.9999999058
8,81801.99999994284
9,81802.00000002755
10,81801.99999988641
11,81802.00000005354
12,81802.00000007889
13,81801.9999999922
14,81801.99999996868
15,81801.99999987158
16,81802.00000006179
17,81801.99999997494
18,81802.00000000399
19,81801.99999997701
20,81802.00000007027
