Run,Cost
1,81802.00000003821
2,81802.0000000454
3,81801.99999990698
4,81802.00000001627
5,81801.99999995959
6,81801.9999999856
7,81801.99999995236
8,81801.999999861
9,81802.00000000828
10,81802.00000009345
11,81802.00000004418
12,81801.999999933
13,81802.00000010892
14,81802.00000003024
15,81802.00000001096
16,81802.00000000693
17,81801.99999998756
18,81801.99999996593
19,81801.99999998721
20,81801.99999994614
