Run,Cost
1,3471.9999999990127
2,3472.000000002324
3,3472.000000000065
4,3472.000000011763
5,3472.0000000044543
6,3471.99999998326
7,3471.9999999996476
8,3472.0000000057175
9,3471.9999999934407
10,3472.000000004124
11,3472.0000000083205
12,3472.000000005309
13,3472.0000000106447
14,3471.9999999932024
15,3472.0000000021605
16,3472.0000000203995
17,3471.9999999727365
18,3471.999999998465
19,3472.000000004727
20,3471.9999999868414
