Run,Cost
1,323614.0000000761
2,323613.9999999293
3,323613.99999992567
4,323613.9999998729
5,323614.0000002551
6,323614.0000001525
7,323613.99999996024
8,323614.0000001017
9,323613.99999995827
10,323613.99999989435
11,323614.0000001114
12,323613.99999990396
13,323613.99999984127
14,323614.00000017293
15,323614.0000001712
16,323613.99999997177
17,323613.99999986705
18,323614.0000000566
19,323614.0000001189
20,323613.9999999111
