Run,Cost
1,14613.00000001837
2,14613.000000006385
3,14613.000000013084
4,14613.000000001955
5,14612.999999990387
6,14613.000000016164
7,14613.000000009148
8,14612.99999997421
9,14612.999999991856
10,14613.000000042395
11,14612.999999973166
12,14613.000000003596
13,14613.000000030139
14,14613.000000018998
15,14612.999999991065
16,14613.000000009113
17,14612.999999984724
18,14613.000000004933
19,14612.999999990623
20,14612.999999997772
