Run,Cost
1,72629.00000003382
2,72628.99999990252
3,72629.00000003418
4,72628.9999999272
5,72628.99999995268
6,72628.99999998871
7,72629.00000001553
8,72629.00000001921
9,72628.9999999732
10,72628.99999998794
11,72628.99999988436
12,72628.99999997119
13,72629.00000007161
14,72629.0000000099
15,72629.00000004531
16,72629.00000007053
17,72628.99999993596
18,72629.00000007851
19,72629.00000000767
20,72629.0000000031
