Run,Cost
1,72629.00000014022
2,72629.00000002955
3,72629.00000002849
4,72628.99999996493
5,72629.0000000207
6,72628.99999992363
7,72628.99999996737
8,72628.99999995972
9,72628.9999999587
10,72628.99999992142
11,72628.99999992328
12,72629.00000005176
13,72629.00000005333
14,72628.99999988954
15,72629.00000004625
16,72629.00000003386
17,72628.99999996937
18,72628.99999992059
19,72629.00000001214
20,72629.00000009804
