Run,Cost
1,11775.000000048878
2,11774.999999898047
3,11774.999999999796
4,11774.999999975409
5,11775.000000030424
6,11774.999999937914
7,11774.999999961881
8,11775.000000009954
9,11775.000000035
10,11775.000000078167
11,11774.99999998637
12,11775.000000070735
13,11774.999999997768
14,11774.999999947646
15,11775.000000034688
16,11775.000000007461
17,11774.999999998869
18,11775.000000062239
19,11774.99999997998
20,11774.999999995056
