Run,Cost
1,71818.00000004332
2,71817.99999993278
3,71817.99999998623
4,71817.9999999822
5,71818.00000009747
6,71817.99999993273
7,71817.99999998149
8,71818.00000003418
9,71818.0000000529
10,71817.9999999252
11,71818.00000009517
12,71817.99999999003
13,71818.0000000177
14,71817.9999999474
15,71818.00000002554
16,71817.99999994479
17,71817.99999996027
18,71817.99999994447
19,71817.99999988951
20,71817.99999998527
