Run,Cost
1,1295.9999999935749
2,1295.9999999906017
3,1295.9999999969666
4,1295.9999999779527
5,1296.0000000067039
6,1296.0000000128193
7,1295.9999999963015
8,1295.9999999975255
9,1295.9999999939105
10,1295.9999999954548
11,1296.000000004519
12,1295.9999999923973
13,1296.0000000090938
14,1296.0000000073649
15,1295.9999999980805
16,1295.9999999998
17,1295.99999999771
18,1296.0000000040886
19,1296.0000000121406
20,1296.0000000080822
