Run,Cost
1,28748.999999966607
2,31522.999999994205
3,29972.00000003377
4,32252.00000001823
5,30869.000000010838
6,29652.00000001677
7,30914.999999992342
8,30669.000000001513
9,29351.00000001031
10,29225.999999988293
11,30293.999999992022
12,30133.00000001635
13,32457.000000000047
14,30437.000000007152
15,28526.99999999261
16,27939.00000001887
17,29480.000000014858
18,30686.99999997484
19,31016.000000003456
20,29218.999999990847
