Run,Cost
1,32050.000000013923
2,31056.999999999232
3,31145.999999999658
4,31320.000000010506
5,31920.99999999442
6,31481.99999997942
7,30372.999999994958
8,29698.999999998232
9,30469.00000000488
10,29435.000000014952
11,30923.999999994525
12,31030.000000000935
13,31373.00000001044
14,31165.000000004453
15,31009.00000001076
16,31139.999999987005
17,30290.999999985845
18,32125.0000000114
19,30763.000000008735
20,30580.00000001066
