Run,Cost
1,7079.99999999589
2,7079.999999996979
3,7079.999999992988
4,7079.999999998342
5,7079.999999989246
6,7080.0000000026
7,7080.000000007035
8,7080.000000000321
9,7080.00000000517
10,7079.9999999987685
11,7079.999999986519
12,7079.999999997037
13,7079.999999998314
14,7080.000000002846
15,7079.999999988978
16,7079.999999995461
17,7080.000000006826
18,7079.999999992887
19,7080.0000000049
20,7079.999999994827
