Run,Cost
1,5960.000000003777
2,5959.999999989909
3,5959.999999998977
4,5959.999999992725
5,5959.999999996754
6,5960.000000001358
7,5960.000000001762
8,5960.000000012438
9,5960.000000001609
10,5960.000000000427
11,5959.999999994289
12,5960.000000000095
13,5960.000000004891
14,5960.0000000013315
15,5959.9999999976935
16,5960.000000005111
17,5959.999999997796
18,5960.000000006173
19,5959.9999999976135
20,5959.99999999148
