Run,Cost
1,6272.00000001371
2,6272.000000002582
3,6272.000000002581
4,6302.000000006665
5,6302.000000004751
6,6301.999999995042
7,6301.999999989642
8,6302.000000003465
9,6302.000000004299
10,6301.99999999312
11,6301.999999988905
12,6302.0000000079235
13,6271.999999995775
14,6302.000000003604
15,6301.999999998
16,6308.9999999993215
17,6301.999999995616
18,6308.999999993153
19,6309.000000005852
20,6302.000000007709
