Run,Cost
1,5299.9999999959055
2,5299.999999998592
3,5299.999999998707
4,5300.000000010491
5,5300.000000001497
6,5299.999999990556
7,5299.999999993229
8,5299.999999997023
9,5300.000000000907
10,5299.9999999914735
11,5299.999999996096
12,5299.999999994425
13,5299.999999999177
14,5299.999999996965
15,5299.999999996462
16,5300.000000004512
17,5299.999999993806
18,5299.999999993078
19,5299.999999997935
20,5299.999999996607
