Run,Cost
1,6633.9999999993925
2,6533.000000003772
3,6633.999999999716
4,6633.999999992741
5,6532.999999995548
6,6633.999999997491
7,6532.999999991828
8,6634.000000004113
9,6532.99999999922
10,6532.999999997112
11,6533.000000007434
12,6633.99999998492
13,6532.999999994251
14,6633.999999995404
15,6633.999999996958
16,6634.000000004799
17,6532.9999999940965
18,6633.999999996959
19,6633.999999999916
20,6532.999999991456
