Run,Cost
1,6508.000000002448
2,6508.000000004474
3,6285.0000000031205
4,6069.999999997335
5,6698.000000004148
6,6508.000000009027
7,5990.999999999396
8,6698.000000000871
9,6698.000000004996
10,6697.999999996324
11,6698.000000012635
12,6507.999999994043
13,6990.000000001756
14,6698.000000012474
15,6989.999999992254
16,6508.000000000392
17,6697.999999998754
18,6507.999999993391
19,6698.000000002265
20,6697.9999999961765
