Run,Cost
1,6336.00000000682
2,6518.000000003702
3,6549.999999997616
4,6733.000000007893
5,6549.99999999891
6,6518.000000009872
7,6732.999999999316
8,6580.999999994702
9,6230.99999999551
10,6238.999999997692
11,6733.000000006884
12,6550.000000014084
13,6518.00000000164
14,6549.999999999251
15,6549.999999988034
16,6549.999999995888
17,6549.999999999259
18,6517.9999999998245
19,6581.000000011392
20,6550.000000004045
