Run,Cost
1,7810.000000002103
2,7809.9999999982
3,7810.0000000038
4,7810.000000003531
5,7810.0000000074115
6,7809.999999992185
7,7809.999999992414
8,7810.0000000030695
9,7809.999999999233
10,7810.000000003813
11,7810.000000001173
12,7810.000000013636
13,7810.000000005419
14,7809.999999992742
15,7809.999999999137
16,7810.00000000253
17,7809.999999988119
18,7810.00000000138
19,7810.000000000314
20,7809.9999999982
