Run,Cost
1,9837.000000000033
2,10098.000000000138
3,10727.999999993395
4,9607.00000000454
5,10727.999999988348
6,9837.000000005663
7,9985.999999996828
8,9692.00000000867
9,9857.999999988617
10,9986.000000013542
11,9836.999999993117
12,10033.999999996126
13,10728.000000003276
14,10728.000000007427
15,10727.99999999377
16,10111.999999999965
17,9986.00000001564
18,9986.000000007396
19,10728.000000004804
20,9986.00000000921
