Run,Cost
1,10568.000000011187
2,10567.999999996171
3,9724.999999991964
4,10052.99999998383
5,10264.000000003083
6,10568.000000002607
7,10568.000000004435
8,10567.999999997059
9,9725.000000000451
10,9724.99999999522
11,10146.000000006752
12,10093.000000008042
13,10568.000000003629
14,10264.000000002086
15,9725.00000000561
16,10052.999999999203
17,10146.000000002372
18,10093.000000001586
19,10568.000000001713
20,9725.00000000269
