Run,Cost
1,10464.999999992298
2,10465.000000003525
3,10464.999999999518
4,10464.999999987562
5,10465.00000000176
6,10465.00000001431
7,10464.999999999762
8,10464.99999999751
9,10464.999999995576
10,10465.000000012686
11,10464.999999991202
12,10465.000000011585
13,10465.000000005057
14,10465.000000001766
15,10464.99999998945
16,10465.000000011856
17,10464.999999985523
18,10464.999999987236
19,10465.00000000849
20,10464.999999999443
