Run,Cost
1,8896.999999999227
2,8896.99999999808
3,8897.000000005639
4,8897.000000002554
5,8897.000000011729
6,8896.999999991349
7,8897.000000006045
8,8897.000000004839
9,8897.000000005337
10,8896.999999988124
11,8896.999999994334
12,8897.000000010612
13,8897.000000001499
14,8897.000000004662
15,8897.000000002494
16,8896.99999998588
17,8897.000000005683
18,8897.000000007185
19,8897.000000004276
20,8897.000000009535
