Run,Cost
1,10067.00000000224
2,9078.00000000693
3,10042.999999998965
4,9187.999999987567
5,10042.999999988422
6,8903.000000000886
7,9757.999999998377
8,9804.000000002972
9,9077.999999996015
10,8649.000000001748
11,10616.999999992724
12,8903.00000002215
13,10832.999999999964
14,9757.999999991305
15,8424.00000001616
16,10043.000000005839
17,10023.000000004798
18,9804.000000004551
19,9255.999999999724
20,9078.000000001857
