Run,Cost
1,11518.000000000775
2,11517.999999994707
3,11517.999999988822
4,11518.000000006552
5,11517.99999999953
6,11518.000000006201
7,11518.00000000167
8,11518.000000006834
9,11518.000000000204
10,11517.999999996007
11,11517.999999989292
12,11517.999999995931
13,11517.999999998483
14,11518.000000015389
15,11517.999999994434
16,11517.999999990712
17,11518.000000005219
18,11517.999999996186
19,11517.999999994034
20,11517.99999998881
