Run,Cost
1,11843.000000000253
2,11486.000000005732
3,12171.00000001095
4,11485.999999981663
5,12155.99999999975
6,11032.000000006734
7,11289.999999998381
8,11984.00000000146
9,11842.999999999376
10,11289.999999996053
11,12156.000000009974
12,11525.00000000731
13,11078.999999997312
14,11983.999999987216
15,11984.000000012766
16,12156.000000002734
17,11794.000000010856
18,12156.000000010605
19,11983.999999988324
20,11289.999999994501
