Run,Cost
1,16401.999999991436
2,15221.000000003629
3,16158.000000009295
4,15434.000000004773
5,15225.000000003158
6,15190.000000007303
7,15244.999999994678
8,14459.999999980117
9,14505.999999993885
10,15774.999999997683
11,15543.000000004447
12,15138.000000017311
13,14770.000000008577
14,14589.00000000886
15,15483.99999998956
16,15233.000000005875
17,15433.999999998234
18,15943.000000005184
19,14968.999999989299
20,15673.999999988868
