Run,Cost
1,16105.999999992344
2,16106.000000012835
3,16105.999999995433
4,16105.999999997544
5,16106.000000020193
6,16105.999999996575
7,16106.000000004336
8,16105.999999993252
9,16105.999999997694
10,16106.00000000921
11,16106.000000013082
12,16105.999999991396
13,16106.000000007005
14,16105.999999983716
15,16105.999999994832
16,16106.000000016693
17,16105.999999989192
18,16106.000000010774
19,16106.000000003865
20,16105.999999976606
