Run,Cost
1,16641.00000000446
2,16640.999999986972
3,16641.000000010405
4,16641.0000000045
5,16641.00000000447
6,16640.99999999099
7,16641.000000007847
8,16640.99999999
9,16640.999999995372
10,16640.99999999702
11,16641.000000008724
12,16640.999999996562
13,16640.99999998059
14,16640.999999996075
15,16640.99999999384
16,16641.000000000055
17,16641.000000004253
18,16640.99999998413
19,16641.000000004366
20,16641.00000000341
