Run,Cost
1,16196.999999987807
2,15652.000000003163
3,15924.999999997786
4,17137.000000018063
5,16385.000000000546
6,16565.999999995696
7,16394.99999999551
8,16414.999999996315
9,15429.99999999016
10,16721.999999996766
11,16384.9999999997
12,16468.000000004344
13,16953.99999997555
14,16456.99999999394
15,16787.99999999778
16,16335.999999995502
17,16554.000000001022
18,15883.000000000118
19,16604.99999999671
20,16381.000000002256
