Run,Cost
1,17143.999999996013
2,17144.0000000048
3,17144.000000008684
4,17143.999999986823
5,17143.99999999539
6,17144.00000001463
7,17143.99999999916
8,17143.99999998765
9,17143.9999999947
10,17143.99999998464
11,17144.000000007498
12,17144.000000014144
13,17144.000000006636
14,17144.000000007087
15,17144.000000002263
16,17143.99999999429
17,17144.000000007723
18,17143.99999998597
19,17144.000000015225
20,17143.99999999822
