Run,Cost
1,17689.00000001521
2,17091.000000019576
3,16937.000000012096
4,16150.000000005546
5,17104.00000001674
6,15967.000000002197
7,16164.000000007545
8,15572.99999998599
9,17102.000000000986
10,17174.999999997657
11,16149.999999999349
12,16237.00000000621
13,15928.99999999926
14,15270.000000002043
15,16576.99999999455
16,18029.000000009175
17,16163.999999993299
18,16702.99999998966
19,15885.999999984368
20,16012.999999988795
