Run,Cost
1,727212.9999996902
2,727234.0000003082
3,727073.0000004135
4,727212.9999998601
5,726496.9999999579
6,726744.0000000155
7,726749.0000000548
8,727073.000000235
9,727233.9999998072
10,727233.9999995256
11,727234.000000087
12,726748.9999999147
13,727213.000000056
14,726497.0000002737
15,727234.0000003064
16,726744.000000014
17,727233.9999996659
18,727213.0000001995
19,726748.9999998558
20,727212.9999997996
