Run,Cost
1,762420.0000004183
2,758441.0000002825
3,750990.0000000291
4,750989.9999999241
5,758441.0000000729
6,762420.0000002235
7,750989.999999571
8,762420.000000023
9,758441.0000000676
10,762420.0000003184
11,750989.9999997519
12,750990.0000001027
13,758440.9999998559
14,750990.0000004619
15,750989.9999998268
16,762419.9999997475
17,750990.0000000938
18,758440.9999999426
19,758441.0000001949
20,758441.0000004896
