Run,Cost
1,1878764.0000008752
2,1914978.9999993974
3,1836656.0000006976
4,1850404.9999993872
5,1903362.9999998093
6,1875223.9999998414
7,1875432.0000001185
8,1920290.9999991923
9,1818451.0000000899
10,1886175.000000051
11,1901228.0000005777
12,1906857.0000001544
13,1855520.0000001218
14,1870464.999998947
15,1902239.999999388
16,1868612.9999992615
17,1882099.000000617
18,1879603.0000001336
19,1903844.000000584
20,1834118.9999999874
