Run,Cost
1,1968781.0000010838
2,1932051.9999997925
3,1930370.9999993648
4,1965424.9999992328
5,1951137.0000002005
6,1947132.000000483
7,1917124.9999993178
8,1961889.0000002137
9,1920327.999999671
10,1953731.000000393
11,1955598.9999994594
12,1980143.000000257
13,1968848.0000004007
14,1965184.000000439
15,1938174.9999995776
16,1985809.9999994116
17,1939364.9999990936
18,1978415.0000003895
19,1977945.9999998154
20,1930039.000001252
