Run,Cost
1,254687.9999999627
2,253441.9999998598
3,253441.99999982017
4,253755.9999998398
5,253755.9999999946
6,249905.00000009683
7,253755.99999992008
8,254688.00000005512
9,254687.99999989543
10,253756.00000001752
11,249327.99999998946
12,249328.00000024383
13,250206.99999993524
14,253755.99999989013
15,253441.9999998535
16,253755.99999994424
17,253442.0000000315
18,253441.99999996126
19,254688.000000098
20,253441.99999989424
