Run,Cost
1,14920.999999645453
2,14733.000000089763
3,14801.000000059224
4,14745.99999984212
5,14524.99999996348
6,14775.999999981292
7,14764.000000211094
8,14835.000000196467
9,14744.000000185817
10,14798.999999765017
11,14645.000000066851
12,14464.000000026266
13,14855.000000138178
14,14634.000000035727
15,14457.000000083144
16,14656.999999979122
17,14749.999999979067
18,14814.9999999871
19,14784.000000198326
20,14616.000000026863
