Run,Cost
1,12867.999999932737
2,12867.999999941201
3,13324.999999948683
4,13218.999999897645
5,12786.000000096132
6,13263.999999926447
7,13179.000000237713
8,12547.000000049944
9,12896.000000107577
10,12937.000000018348
11,12715.00000000616
12,12781.999999841144
13,13139.999999968599
14,13284.00000002608
15,12875.999999944583
16,13148.999999950956
17,13375.999999889938
18,12928.999999984631
19,12941.000000137325
20,12675.000000063064
