Run,Cost
1,264079.00000009773
2,264078.9999999081
3,264078.99999990966
4,264079.00000006176
5,264078.9999998815
6,264079.0000000593
7,264078.9999999726
8,264078.9999999347
9,264078.9999997661
10,264078.9999999824
11,264079.0000002197
12,264078.99999984703
13,264078.9999998786
14,264079.0000001185
15,264079.0000001454
16,264078.9999999864
17,264079.0000000756
18,264078.99999996606
19,264079.00000004837
20,264079.0000000012
