Run,Cost
1,12757.999999949043
2,13308.999999938535
3,13203.000000052614
4,13148.999999906933
5,13419.00000012507
6,13089.999999743755
7,12910.99999981487
8,13241.99999972762
9,13301.000000125763
10,12948.999999957898
11,12950.999999707583
12,12451.99999998226
13,12992.000000001799
14,13162.000000239117
15,12646.000000097023
16,12781.999999850035
17,12991.000000148491
18,12744.999999913714
19,12347.999999796566
20,13425.000000110513
