Run,Cost
1,261455.99999990946
2,261455.99999998498
3,261455.99999989214
4,261416.99999988865
5,261416.99999992218
6,261455.9999999448
7,261416.9999999577
8,261417.00000005652
9,261417.00000017954
10,261417.0000001314
11,261455.99999974162
12,261417.00000011595
13,261456.0000000276
14,261417.00000007468
15,261456.0000000626
16,261416.99999997098
17,261417.00000025277
18,261417.00000008222
19,261456.00000006764
20,261455.99999993917
