Run,Cost
1,12983.99999991598
2,12901.000000274656
3,12706.000000016124
4,13090.999999926351
5,13263.999999953949
6,13085.000000088536
7,12765.00000009593
8,12276.000000062513
9,12971.999999910737
10,12969.000000172238
11,12856.000000012684
12,12843.000000137828
13,12794.999999879432
14,12867.00000000405
15,12892.999999960413
16,12378.000000034594
17,12857.99999994268
18,13458.00000000045
19,13191.00000004647
20,12689.00000007248
