Run,Cost
1,248298.99999986385
2,239522.0000000229
3,244061.9999998727
4,249858.00000009395
5,246076.9999996893
6,246631.99999996077
7,232470.99999990288
8,247902.99999965917
9,243197.00000004415
10,240272.99999987023
11,252912.0000000206
12,247656.99999985547
13,247019.9999998717
14,246981.99999989287
15,248330.00000014564
16,242299.99999997523
17,258013.000000077
18,249590.00000011275
19,241088.99999994345
20,246843.000000033
