Run,Cost
1,267311.00000005274
2,267831.9999999407
3,259345.9999999419
4,259345.99999979354
5,267311.00000009243
6,267311.000000074
7,262865.0000001221
8,267310.99999992904
9,262865.000000061
10,264038.00000001455
11,262865.0000001065
12,264038.0000002788
13,262864.9999999245
14,267831.999999929
15,267832.0000001314
16,262865.00000005396
17,267832.0000002468
18,259346.0000000614
19,259346.00000001557
20,267311.0000000831
