Run,Cost
1,13588.000000109596
2,13250.000000112346
3,13007.999999902573
4,12955.999999994508
5,13297.000000184573
6,12954.000000124983
7,12727.000000140708
8,12691.999999966623
9,12873.999999966447
10,13066.999999966567
11,12791.999999851607
12,13533.999999930269
13,12393.999999887952
14,13388.000000075985
15,12889.999999971606
16,13177.999999948452
17,12601.00000000449
18,12636.00000003118
19,13126.000000174685
20,12879.000000016482
