Run,Cost
1,13903.999999957681
2,14302.000000197237
3,13956.999999987265
4,14056.000000182736
5,13783.999999953821
6,14133.999999827423
7,14171.00000005077
8,14004.999999918278
9,13996.000000053755
10,13965.000000074368
11,13926.000000120375
12,13785.00000002604
13,14293.000000174095
14,13943.999999994363
15,14636.000000133265
16,13924.999999901815
17,14098.000000046759
18,14306.999999965583
19,14070.999999838634
20,13965.999999964575
