Run,Cost
1,12566.000000204816
2,12380.000000028229
3,13059.000000077514
4,12759.999999994945
5,12337.999999843334
6,12771.000000174441
7,12787.999999854996
8,12516.999999877584
9,12732.999999966276
10,13240.99999988561
11,12577.000000025724
12,12215.999999942005
13,12446.000000096845
14,12939.99999960585
15,12762.999999984322
16,12412.0000001609
17,12613.000000189766
18,12639.000000255848
19,12411.000000080912
20,12272.00000003646
