Run,Cost
1,14117.999999813659
2,14203.999999730519
3,13897.000000054288
4,14074.999999928088
5,14154.999999793954
6,14170.99999997015
7,14315.000000081922
8,14129.000000117088
9,14165.000000217438
10,14201.999999961234
11,14196.999999899903
12,14487.999999891686
13,14320.999999921682
14,14207.999999911526
15,14215.000000036542
16,14125.000000041608
17,14187.999999944328
18,14116.999999836762
19,14524.99999992744
20,14132.000000063294
