Run,Cost
1,238117.99999982133
2,238579.00000007247
3,243519.99999985623
4,242973.00000012392
5,233354.9999999597
6,231528.99999981537
7,240536.99999986638
8,244364.00000012794
9,230393.00000031418
10,241553.0000000407
11,238643.99999990308
12,239462.99999983335
13,234124.0000000523
14,238069.99999982156
15,240938.99999998286
16,239317.0000000406
17,240287.99999990565
18,234287.99999998783
19,240770.99999999505
20,235755.99999995658
