Run,Cost
1,258494.99999989528
2,258495.00000010504
3,258494.99999983076
4,258495.00000012157
5,258494.99999997995
6,258494.99999998268
7,258495.00000003097
8,258494.99999994593
9,258494.9999999158
10,258494.9999999485
11,258495.0000001143
12,258495.00000017034
13,258495.00000003533
14,258495.00000007232
15,258494.99999989214
16,258495.00000004272
17,258495.00000027244
18,258495.00000012803
19,258495.0000000681
20,258494.99999998405
