Run,Cost
1,14041.00000001338
2,14290.999999986325
3,14077.99999998925
4,14006.0000001266
5,14214.999999963089
6,14234.00000007881
7,14235.00000003612
8,14207.99999999016
9,14289.000000108304
10,14350.999999957743
11,14169.99999998816
12,14348.000000065951
13,14022.00000004864
14,14152.999999952643
15,14400.000000076507
16,14172.000000117294
17,14302.99999990673
18,14283.999999887896
19,14159.999999996327
20,14072.000000048272
