Run,Cost
1,237375.99999986764
2,231838.00000001618
3,226997.99999993792
4,231993.00000007966
5,233952.99999978006
6,236806.00000007657
7,239957.00000008807
8,240026.00000000835
9,231799.99999998818
10,224399.0000000244
11,251519.0000000326
12,230387.00000007413
13,235498.99999969953
14,229831.99999988553
15,234752.0000000109
16,230975.99999990663
17,235471.99999993664
18,223622.9999998474
19,226229.00000011557
20,220571.99999971798
