Run,Cost
1,14317.000000129145
2,14898.000000022514
3,14444.000000097752
4,14260.00000021167
5,14775.999999813092
6,14429.00000005267
7,14228.99999978899
8,14409.999999938991
9,14254.99999994131
10,15119.000000032895
11,14735.000000131495
12,14811.999999923464
13,14495.999999774689
14,14920.999999970192
15,14974.999999759657
16,14818.999999949148
17,14765.999999947651
18,15035.000000086675
19,14433.000000193271
20,14468.000000057727
