Run,Cost
1,236664.99999995722
2,235520.00000011356
3,229090.00000001924
4,235914.99999989988
5,246646.0000001515
6,239245.99999986726
7,237017.000000256
8,244633.99999988338
9,231166.99999980305
10,239554.99999986688
11,238126.99999989243
12,237531.00000017474
13,230411.00000013263
14,239910.0000000501
15,242675.00000027055
16,241768.00000008213
17,242530.99999994654
18,230587.0000002307
19,241372.99999983303
20,245006.99999993478
