Run,Cost
1,10350.99999994783
2,10348.999999891277
3,9860.999999911348
4,9969.000000027138
5,9860.999999974765
6,9853.99999988109
7,10098.999999851349
8,10213.999999948997
9,9942.000000026752
10,9915.000000044181
11,10142.999999972784
12,10127.000000191105
13,10314.000000025782
14,10255.999999792868
15,10226.00000007282
16,9952.000000139009
17,9819.00000003061
18,10429.000000058286
19,9899.000000015223
20,9978.00000007405
