Run,Cost
1,6289.9999999433285
2,6074.999999941947
3,6006.999999939517
4,6264.999999982372
5,6270.999999928327
6,6056.000000109934
7,5907.000000048562
8,6089.999999992019
9,5851.999999974947
10,5932.999999950965
11,6146.999999908029
12,6002.000000156513
13,6390.000000097897
14,6050.000000095825
15,6080.999999951495
16,6140.000000015992
17,6232.999999967703
18,6120.000000023444
19,5909.000000078269
20,5824.000000013911
