Run,Cost
1,1265.0000000042962
2,1287.0000000311497
3,1300.9999999971342
4,1262.0000000013108
5,1267.0000000249374
6,1257.0000000032624
7,1266.9999999903919
8,1265.0000000131229
9,1269.9999999834497
10,1272.9999999839652
11,1305.9999999691638
12,1311.9999999965596
13,1257.0000000030386
14,1265.0000000039006
15,1256.9999999747617
16,1261.999999986488
17,1257.0000000050147
18,1265.0000000020339
19,1283.000000011897
20,1262.0000000095538
