Run,Cost
1,3287.0000000070536
2,3335.0000000453488
3,3325.000000100088
4,3333.000000077924
5,3390.9999999904394
6,3156.000000027883
7,3272.0000000197388
8,2990.0000000171817
9,3082.99999999812
10,3203.0000000149853
11,3212.000000035795
12,3282.9999999767615
13,3076.0000000076407
14,3324.9999999391125
15,3262.000000007603
16,3166.000000022535
17,3190.000000049766
18,3143.0000000919854
19,3093.0000000078153
20,3125.999999977826
