Run,Cost
1,9296.999999794954
2,9079.000000003933
3,8831.000000062377
4,8888.999999954382
5,9221.000000050077
6,9211.999999987338
7,9782.999999900754
8,9311.00000010355
9,9268.999999881475
10,9416.000000078771
11,9657.000000122789
12,9095.999999891988
13,9244.000000065076
14,9100.000000065944
15,9403.999999973015
16,8832.999999969654
17,9294.999999960073
18,9264.000000053835
19,9561.000000164233
20,9014.000000128732
