Run,Cost
1,138634.99999976964
2,138635.00000008708
3,138635.00000005536
4,138634.999999847
5,138635.00000009814
6,138634.999999975
7,138635.00000008376
8,138635.00000004584
9,138634.99999991627
10,138634.99999999913
11,138634.99999998146
12,138634.999999918
13,138634.99999995786
14,138634.99999990157
15,138634.9999998858
16,138635.00000011144
17,138634.99999998874
18,138634.99999998696
19,138635.00000003664
20,138635.0000000818
