Run,Cost
1,6877.000000034924
2,6644.000000004752
3,6736.000000068605
4,6674.999999988997
5,6750.999999905898
6,6643.999999883333
7,6529.999999897196
8,6557.99999992285
9,6681.9999999524925
10,6763.000000021184
11,6727.0000000225655
12,6746.000000027601
13,6630.999999946444
14,6728.99999984102
15,6756.000000049614
16,6692.000000032601
17,6687.000000029749
18,6637.999999907153
19,6656.99999995064
20,6662.000000075275
