Run,Cost
1,394823.0000000092
2,399378.00000049523
3,402129.0000001094
4,395232.9999997529
5,397910.00000000116
6,397606.99999993463
7,379059.99999986315
8,402341.00000010896
9,393327.00000008015
10,399133.00000021805
11,397308.9999998625
12,410299.0000001899
13,395678.0000001474
14,396699.00000006414
15,401626.9999999719
16,388203.0000000306
17,392772.0000003592
18,402680.000000078
19,402195.00000003644
20,407513.0000000522
