Run,Cost
1,430800.0000001509
2,430800.00000018236
3,430799.9999999868
4,430799.999999809
5,431742.9999998266
6,431734.99999997456
7,431198.99999980634
8,431735.0000000659
9,430799.99999988056
10,430799.9999997222
11,431694.9999998316
12,430799.99999986996
13,430800.0000001247
14,431734.99999987136
15,431742.9999999289
16,430800.00000010227
17,431694.9999998879
18,431198.99999986717
19,430799.999999738
20,431694.99999992066
