Run,Cost
1,485618.00000028114
2,486453.9999997827
3,483655.00000003324
4,483876.00000029
5,468771.99999994115
6,469182.00000019005
7,474656.9999999206
8,464951.99999979744
9,464015.0000003019
10,495029.00000025186
11,490096.99999951595
12,482771.9999998919
13,478018.99999995576
14,484860.9999998556
15,480571.9999998852
16,483033.9999999893
17,478678.99999978096
18,469964.00000015146
19,498821.99999976315
20,472146.00000022294
