Run,Cost
1,413774.00000008655
2,395479.999999761
3,404420.99999982986
4,392369.9999997201
5,417711.00000002177
6,400359.0000000171
7,403597.0000000551
8,404040.99999993655
9,401668.99999982596
10,406891.99999991164
11,401531.9999999304
12,396410.9999999038
13,410364.9999998678
14,406573.99999987386
15,390088.9999998867
16,398216.0000002846
17,404513.9999999029
18,394071.9999999417
19,408887.99999961274
20,399256.00000018766
