Run,Cost
1,1498.9999999980857
2,1498.9999999856796
3,1499.0000000004081
4,1498.9999999840268
5,1498.9999999979989
6,1499.0000000224534
7,1498.999999998192
8,1498.9999999861163
9,1499.0000000284251
10,1498.9999999840777
11,1499.0000000037296
12,1499.000000016079
13,1499.0000000054577
14,1499.0000000215546
15,1498.9999999936128
16,1498.9999999824197
17,1499.0000000125654
18,1498.999999990961
19,1499.0000000068314
20,1498.999999993073
