Run,Cost
1,81801.99999992526
2,81802.00000009299
3,81801.99999999497
4,81801.9999999902
5,81801.99999994958
6,81802.0000000713
7,81801.9999999147
8,81801.9999999439
9,81802.00000000054
10,81801.99999991768
11,81801.99999998302
12,81802.00000005274
13,81802.00000004188
14,81802.00000007944
15,81801.9999999429
16,81801.99999992242
17,81801.999999901
18,81801.99999988325
19,81802.00000000384
20,81802.00000006084
