Run,Cost
1,81802.0000000424
2,81802.00000010114
3,81802.00000003805
4,81801.99999999515
5,81802.00000005773
6,81802.00000000458
7,81802.00000002136
8,81801.99999999363
9,81801.99999998542
10,81801.99999999731
11,81801.99999997678
12,81802.00000002077
13,81802.00000003645
14,81802.00000001893
15,81802.0000000135
16,81801.99999997379
17,81802.00000004153
18,81801.99999999715
19,81801.999999992
20,81802.00000000127
