Run,Cost
1,323613.9999999794
2,323613.9999999677
3,323613.9999999314
4,323614.0000001783
5,323614.00000007
6,323613.9999998827
7,323613.99999986065
8,323614.00000010006
9,323613.9999999951
10,323614.0000000406
11,323613.99999990064
12,323613.9999998804
13,323614.0000000193
14,323613.99999990134
15,323613.9999999734
16,323613.9999999913
17,323613.99999998783
18,323614.00000028545
19,323613.9999997279
20,323614.00000011746
