Run,Cost
1,3041.0000000177715
2,3040.999999988839
3,3041.0000000204227
4,3040.999999989291
5,3041.000000010798
6,3041.0000000144596
7,3041.00000001913
8,3041.0000000076657
9,3040.999999981252
10,3041.0000000041864
11,3041.000000006285
12,3041.000000017399
13,3040.999999997022
14,3041.000000007645
15,3041.000000022254
16,3041.000000000902
17,3041.0000000127156
18,3040.9999999999977
19,3040.999999997896
20,3041.00000001036
