Run,Cost
1,3040.9999999970255
2,3041.0000000095165
3,3041.0000000132936
4,3040.999999998424
5,3041.0000000081827
6,3041.000000032728
7,3040.9999999912166
8,3040.9999999838187
9,3040.9999999959414
10,3041.000000006189
11,3041.0000000039186
12,3040.9999999903494
13,3041.00000000257
14,3040.9999999971274
15,3041.000000011989
16,3041.000000000654
17,3041.0000000022183
18,3041.000000028658
19,3040.9999999950005
20,3041.0000000014807
