Run,Cost
1,315802.0000000144
2,315801.99999986374
3,315801.9999997677
4,315802.00000008766
5,315801.99999999756
6,315801.9999999209
7,315802.0000000361
8,315801.99999967346
9,315801.99999992084
10,315802.00000018976
11,315802.00000035594
12,315802.0000001561
13,315801.9999999739
14,315801.99999981816
15,315802.00000004674
16,315802.0000000037
17,315802.00000004104
18,315802.0000000615
19,315801.9999997343
20,315802.00000005116
