Run,Cost
1,25676.999999993754
2,25676.999999992833
3,25677.000000003132
4,25677.000000009968
5,25677.00000000268
6,25676.99999997545
7,25677.000000021333
8,25677.000000037082
9,25677.000000000706
10,25677.00000000311
11,25677.000000008175
12,25677.000000028263
13,25676.99999999673
14,25676.999999996453
15,25676.999999987114
16,25677.000000013133
17,25677.000000016495
18,25677.000000035645
19,25676.999999971555
20,25677.000000034408
