Run,Cost
1,72629.00000001446
2,72629.0000000262
3,72628.99999992231
4,72628.99999994178
5,72629.00000000029
6,72628.99999990032
7,72628.99999993641
8,72628.99999997807
9,72629.00000001707
10,72629.00000013586
11,72629.00000001024
12,72628.99999995093
13,72629.00000003756
14,72629.000000005
15,72629.00000008108
16,72629.00000002046
17,72629.00000001128
18,72629.00000000968
19,72628.99999994553
20,72628.99999990543
