Run,Cost
1,798.0000000116199
2,797.9999999869274
3,797.9999999940856
4,797.9999999763374
5,797.9999999838591
6,797.9999999984916
7,797.9999999890556
8,798.0000000052546
9,798.0000000018165
10,797.9999999877709
11,798.0000000091826
12,798.0000000067073
13,797.9999999833276
14,797.9999999938109
15,798.0000000001758
16,798.0000000254728
17,798.0000000070435
18,798.0000000236006
19,797.9999999960299
20,797.9999999903541
