Run,Cost
1,72629.00000006022
2,72629.00000003821
3,72629.00000002496
4,72629.0000000544
5,72629.00000008233
6,72629.0000000064
7,72629.00000001954
8,72629.00000003123
9,72628.99999997109
10,72628.99999990631
11,72629.00000003251
12,72629.00000003331
13,72629.00000001414
14,72628.99999994092
15,72629.0000000154
16,72629.00000011019
17,72628.99999997599
18,72629.0000001061
19,72629.00000003434
20,72629.00000004485
