Run,Cost
1,12196.99999996291
2,12197.000000022297
3,12197.000000034783
4,12197.000000024984
5,12197.000000050693
6,12196.999999980024
7,12196.99999995531
8,12196.99999998698
9,12196.999999973774
10,12196.99999997369
11,12196.99999999232
12,12196.99999996321
13,12197.000000008418
14,12196.999999997744
15,12197.000000021997
16,12196.999999979298
17,12197.000000053125
18,12197.000000021904
19,12196.999999987846
20,12196.999999971493
