Run,Cost
1,71818.00000008472
2,71818.00000000821
3,71818.00000003936
4,71817.99999995908
5,71817.99999991247
6,71817.99999999953
7,71818.00000010023
8,71818.00000001678
9,71818.00000000255
10,71817.9999999682
11,71818.00000002407
12,71818.00000008229
13,71818.00000000787
14,71817.9999999846
15,71818.0000000123
16,71818.00000006087
17,71817.99999995557
18,71818.0000000957
19,71817.9999999756
20,71817.99999998763
