Run,Cost
1,11774.999999973454
2,11775.000000010561
3,11775.000000000764
4,11774.999999980004
5,11775.000000019634
6,11775.000000025726
7,11775.000000067377
8,11775.000000007527
9,11775.000000002163
10,11775.000000049049
11,11775.00000000425
12,11774.999999997028
13,11775.000000057753
14,11774.999999978643
15,11774.999999995249
16,11774.99999997326
17,11774.99999992188
18,11775.000000023456
19,11775.000000007325
20,11774.999999985846
