Run,Cost
1,1304.0000000079115
2,1304.0000000007597
3,1304.000000005379
4,1303.9999999940248
5,1304.00000000169
6,1304.0000000094303
7,1303.9999999986962
8,1304.0000000015168
9,1303.9999999868537
10,1304.0000000145167
11,1304.000000000079
12,1304.0000000039104
13,1303.9999999999209
14,1304.0000000101888
15,1303.9999999883323
16,1303.9999999983
17,1304.0000000168811
18,1304.0000000070845
19,1304.0000000177545
20,1304.0000000031587
