Run,Cost
1,1099.9999999915099
2,1099.9999999961572
3,1100.0000000041027
4,1099.999999995671
5,1099.9999999943154
6,1099.9999999934437
7,1100.0000000033222
8,1099.9999999977576
9,1099.9999999999818
10,1100.0000000056596
11,1099.9999999990437
12,1099.9999999961458
13,1100.000000002998
14,1099.999999997803
15,1100.0000000133089
16,1099.999999989403
17,1100.0000000008679
18,1099.9999999982047
19,1099.9999999966485
20,1099.9999999906183
