Run,Cost
1,599.9999999977913
2,599.9999999956902
3,599.9999999895955
4,599.9999999921434
5,600.0000000023546
6,600.000000006056
7,600.0000000002417
8,600.0000000080286
9,599.9999999968632
10,600.0000000015187
11,599.9999999986325
12,599.9999999985943
13,599.9999999910078
14,600.0000000078758
15,599.999999997661
16,600.0000000005667
17,600.0000000056352
18,599.9999999857473
19,599.9999999927979
20,599.9999999966815
