Run,Cost
1,1374.9999999992774
2,1374.9999999887389
3,1375.0000000092282
4,1375.0000000090372
5,1374.9999999950023
6,1374.9999999959439
7,1375.0000000004338
8,1375.0000000028706
9,1375.0000000056725
10,1374.9999999993736
11,1374.999999997845
12,1375.0000000065163
13,1374.9999999985853
14,1375.0000000141936
15,1374.9999999966128
16,1375.0000000020082
17,1374.9999999989427
18,1375.0000000054174
19,1375.0000000032524
20,1374.99999999567
