Run,Cost
1,16500.00000010102
2,16500.000000075488
3,16500.000000089785
4,16499.99999997042
5,16500.00000000042
6,16499.999999967902
7,16499.99999999883
8,16500.0000000109
9,16500.000000000382
10,16500.000000005362
11,16499.999999926145
12,16500.000000091168
13,16500.0000000079
14,16500.00000007058
15,16500.00000002857
16,16499.999999986427
17,16499.999999925738
18,16500.00000005202
19,16500.000000033815
20,16500.00000005753
