Run,Cost
1,3150.0000000093105
2,3150.000000008061
3,3149.999999998061
4,3150.000000002575
5,3150.0000000007926
6,3150.0000000039076
7,3149.9999999998277
8,3149.999999994501
9,3150.000000009751
10,3149.9999999949646
11,3150.0000000111295
12,3150.00000000361
13,3150.0000000027762
14,3149.9999999978563
15,3150.0000000019118
16,3150.0000000097584
17,3150.0000000029027
18,3149.9999999936285
19,3149.9999999896586
20,3150.0000000094838
