Run,Cost
1,25049.999999885742
2,25050.000000062984
3,25049.99999987539
4,25050.000000003798
5,25049.999999973646
6,25050.000000021108
7,25050.00000003786
8,25049.999999924137
9,25050.000000014403
10,25050.00000003239
11,25049.999999971045
12,25049.999999968324
13,25049.999999983003
14,25049.99999995999
15,25050.000000037864
16,25049.999999936485
17,25050.000000054588
18,25049.999999968677
19,25049.999999986783
20,25049.9999999264
