Run,Cost
1,499.9999999863136
2,500.00000000348746
3,499.99999998628425
4,499.99999999809285
5,500.0000000031605
6,499.99999998869515
7,500.00000000680615
8,500.0000000002782
9,499.99999999037817
10,499.99999999448187
11,500.0000000196015
12,500.0000000061093
13,500.00000000565234
14,500.000000003893
15,500.00000000131735
16,499.999999990671
17,500.0000000040984
18,499.99999999890207
19,500.0000000006791
20,500.00000000671565
