Run,Cost
1,17750.00000005794
2,17749.99999996013
3,17749.99999999152
4,17750.0000000577
5,17749.99999998609
6,17749.999999969874
7,17750.000000015953
8,17749.999999981686
9,17749.99999992851
10,17749.99999996153
11,17750.000000029482
12,17750.000000049495
13,17749.99999997628
14,17750.000000047836
15,17749.99999996881
16,17749.999999951084
17,17750.000000019107
18,17750.000000020347
19,17750.00000003163
20,17749.999999951557
