Run,Cost
1,10000.000000023389
2,10000.000000013797
3,10000.000000020595
4,10000.000000019705
5,10000.000000037568
6,10000.000000059188
7,9999.999999972575
8,9999.999999961667
9,9999.99999999877
10,9999.999999960606
11,10000.000000036063
12,9999.999999993855
13,9999.999999967486
14,10000.000000072665
15,9999.999999940219
16,9999.999999985606
17,10000.000000004433
18,10000.000000038073
19,9999.999999946926
20,10000.00000000892
