Run,Cost
1,2099.99999999995
2,2099.9999999996526
3,2099.999999996187
4,2099.999999993127
5,2100.000000003004
6,2100.0000000064397
7,2099.999999998822
8,2099.99999999651
9,2099.9999999988045
10,2099.999999993269
11,2099.999999990703
12,2099.9999999873567
13,2099.999999996203
14,2099.999999998275
15,2100.000000003709
16,2100.0000000074065
17,2099.999999999411
18,2100.0000000035184
19,2099.9999999992633
20,2100.000000002158
