Run,Cost
1,11700.000000005602
2,11699.99999996961
3,11700.000000024798
4,11700.000000025031
5,11699.999999953001
6,11700.000000046093
7,11700.000000024513
8,11699.999999986472
9,11699.999999902717
10,11699.99999997764
11,11700.000000076916
12,11700.000000014812
13,11700.000000018988
14,11700.000000050872
15,11699.999999987833
16,11699.999999961801
17,11700.000000018788
18,11699.999999979542
19,11700.000000018012
20,11700.00000003253
