Run,Cost
1,15625.000000010366
2,15624.999999993366
3,15624.999999930806
4,15625.000000002361
5,15625.00000002481
6,15624.999999969208
7,15624.999999973677
8,15624.999999960472
9,15625.000000102773
10,15625.000000016524
11,15625.000000058646
12,15624.999999951591
13,15625.000000077867
14,15625.00000001024
15,15624.999999998621
16,15625.00000001793
17,15624.999999933507
18,15625.00000010386
19,15625.000000044516
20,15624.99999993781
