Run,Cost
1,100.00000000102422
2,100.00000000239807
3,100.00000000159059
4,100.00000000385906
5,99.99999999890986
6,99.99999999799029
7,99.9999999996952
8,99.99999999894492
9,100.00000000056656
10,99.99999999965634
11,100.00000000224767
12,99.9999999977806
13,100.00000000309205
14,100.0000000071476
15,100.00000000013753
16,99.99999999549956
17,100.00000000329277
18,99.99999999833827
19,99.99999999826574
20,100.00000000309475
