Run,Cost
1,274.99999999282295
2,275.0000000015652
3,275.0000000055361
4,274.99999999587413
5,274.999999999188
6,274.9999999976508
7,274.9999999989322
8,274.9999999991587
9,274.99999999790407
10,274.99999999889303
11,275.000000002089
12,275.00000000184536
13,274.9999999963414
14,274.99999999309614
15,275.00000000043
16,275.00000000310973
17,274.99999999989353
18,275.0000000044529
19,275.0000000030879
20,274.99999999961597
