Run,Cost
1,524.9999999960288
2,525.0000000017607
3,525.0000000032161
4,525.0000000030753
5,525.0000000038373
6,525.0000000027045
7,525.0000000017593
8,525.0000000005804
9,525.0000000020575
10,525.0000000013287
11,524.9999999997394
12,524.999999997123
13,524.9999999992884
14,524.9999999988
15,525.0000000033505
16,524.9999999963885
17,525.0000000012684
18,525.0000000032534
19,525.0000000029344
20,524.9999999986073
