Run,Cost
1,625.0000000111728
2,625.0000000071673
3,624.9999999975993
4,624.9999999924231
5,625.0000000004851
6,625.0000000022542
7,624.9999999985456
8,625.0000000107425
9,625.0000000038816
10,624.9999999989105
11,625.0000000003084
12,625.0000000001698
13,624.9999999927167
14,624.9999999987724
15,624.9999999964556
16,624.9999999991018
17,625.0000000041397
18,625.0000000053634
19,625.000000008745
20,625.0000000031281
