Run,Cost
1,1049.9999999903935
2,1049.9999999943454
3,1050.000000008436
4,1050.0000000051143
5,1049.9999999859526
6,1049.9999999994911
7,1050.000000000051
8,1050.000000001572
9,1050.0000000003442
10,1050.0000000152904
11,1049.9999999939228
12,1050.000000010821
13,1050.0000000068158
14,1049.9999999949
15,1050.0000000027674
16,1050.0000000109783
17,1049.9999999992963
18,1050.0000000117525
19,1049.9999999941342
20,1050.0000000090638
