Run,Cost
1,550.000000010626
2,550.0000000056567
3,550.0000000102713
4,549.9999999953002
5,549.9999999967456
6,550.0000000026328
7,549.9999999980644
8,550.0000000020715
9,549.9999999928857
10,550.0000000025682
11,550.0000000037749
12,549.9999999982193
13,550.0000000067209
14,550.0000000035542
15,549.9999999951293
16,549.9999999956435
17,550.0000000013737
18,549.9999999956987
19,549.9999999940343
20,549.999999998666
