Run,Cost
1,2499.999999999162
2,2500.0000000364353
3,2499.999999994627
4,2499.999999976768
5,2500.000000038595
6,2499.999999977906
7,2499.9999999806623
8,2499.999999992608
9,2499.9999999918036
10,2500.000000002471
11,2499.999999993047
12,2500.000000003291
13,2499.999999996619
14,2499.9999999971733
15,2500.0000000295868
16,2499.999999989007
17,2499.9999999832985
18,2500.000000023082
19,2499.999999994425
20,2499.9999999988718
