Run,Cost
1,200.00000000193754
2,199.99999999891412
3,200.0000000035606
4,200.0000000027912
5,200.000000001143
6,200.00000000229443
7,200.0000000040661
8,199.99999999960505
9,199.99999999630484
10,200.0000000033401
11,199.99999999591486
12,200.00000000857722
13,200.00000000008103
14,199.99999998845672
15,200.00000000053498
16,199.99999999415454
17,200.00000000623055
18,200.0000000028115
19,199.99999999657638
20,200.00000000125362
