Run,Cost
1,1049.9999999930048
2,1049.9999999991176
3,1049.9999999980844
4,1049.9999999981633
5,1050.0000000016282
6,1050.000000005706
7,1050.0000000023408
8,1050.000000001385
9,1049.9999999938686
10,1049.9999999907288
11,1049.9999999994402
12,1050.000000000716
13,1050.000000007398
14,1050.0000000037576
15,1049.9999999990964
16,1049.9999999986073
17,1050.000000003322
18,1049.999999997753
19,1049.9999999974025
20,1049.9999999996212
