Run,Cost
1,824.9999999974041
2,824.9999999979332
3,825.0000000049154
4,824.9999999998814
5,824.9999999977426
6,825.0000000002772
7,825.000000001882
8,824.999999994558
9,825.0000000023317
10,825.0000000055356
11,824.999999989799
12,825.0000000058825
13,825.0000000126443
14,825.0000000084096
15,824.9999999929754
16,825.0000000052612
17,824.9999999960467
18,825.0000000030348
19,824.9999999997855
20,825.0000000030255
