Run,Cost
1,1575.000000002956
2,1575.0000000074115
3,1574.9999999960232
4,1575.0000000050156
5,1574.9999999996621
6,1575.0000000013863
7,1575.0000000006364
8,1574.9999999946278
9,1575.0000000011614
10,1574.9999999956453
11,1575.0000000001667
12,1574.9999999968813
13,1575.0000000063299
14,1575.0000000081488
15,1575.0000000025232
16,1574.9999999997674
17,1575.000000003013
18,1575.0000000017574
19,1574.9999999939816
20,1575.0000000052817
