Run,Cost
1,5625.000000037485
2,5624.999999975092
3,5625.00000000199
4,5625.0000000331265
5,5625.0000000028995
6,5625.000000035447
7,5624.999999970184
8,5624.999999999897
9,5625.000000036092
10,5625.000000030405
11,5625.0000000013215
12,5625.000000022343
13,5624.999999984148
14,5624.999999965153
15,5624.999999999643
16,5624.99999999807
17,5625.000000012649
18,5625.000000008031
19,5624.999999952118
20,5624.999999995203
