Run,Cost
1,6149.999999980538
2,6150.000000032495
3,6150.000000006953
4,6149.999999996026
5,6149.9999999779675
6,6149.999999988708
7,6149.999999969378
8,6149.999999985102
9,6150.000000001646
10,6149.999999941796
11,6149.999999982557
12,6150.000000006962
13,6150.00000000667
14,6150.00000002288
15,6150.00000005851
16,6150.000000028101
17,6150.000000052439
18,6150.000000039382
19,6149.999999978962
20,6150.000000063169
