Run,Cost
1,299.99999999409926
2,300.0000000036919
3,300.00000000752334
4,299.99999999628204
5,299.999999997765
6,299.9999999875312
7,300.00000000738805
8,299.99999999701885
9,299.9999999983102
10,300.0000000002122
11,300.00000000919357
12,299.9999999956415
13,300.0000000055031
14,299.99999999397534
15,299.9999999986418
16,299.9999999988798
17,299.9999999993564
18,300.0000000015417
19,299.9999999967771
20,299.9999999973133
