Run,Cost
1,4379.000000006847
2,4306.000000001373
3,4378.999999922668
4,4379.000000020735
5,4378.999999998679
6,4306.00000002037
7,4379.000000014705
8,4259.000000006065
9,4320.999999982799
10,4320.999999993836
11,4259.0000000018545
12,4258.999999988368
13,4321.000000023122
14,4259.000000022249
15,4371.0000000494865
16,4378.999999993157
17,4371.000000000758
18,4378.999999978255
19,4379.00000000203
20,4321.000000009943
