Run,Cost
1,2246.0000000052664
2,2246.000000000101
3,2246.0000000002246
4,2245.99999997437
5,2209.9999999890388
6,2245.999999997993
7,2246.000000000724
8,2209.9999999990055
9,2245.999999999035
10,2245.999999993288
11,2245.9999999865804
12,2210.000000008882
13,2246.0000000039377
14,2209.9999999952347
15,2210.000000005963
16,2209.999999995044
17,2246.000000001466
18,2246.0000000028854
19,2246.000000007335
20,2245.9999999945967
