Run,Cost
1,1847.9999999989434
2,1848.0000000027696
3,1847.9999999865072
4,1847.9999999923627
5,1848.0000000089324
6,1847.9999999987215
7,1848.0000000074795
8,1847.9999999990541
9,1848.0000000008808
10,1847.9999999989327
11,1847.999999991357
12,1847.9999999989975
13,1848.0000000063849
14,1848.0000000009338
15,1847.9999999968031
16,1847.9999999990523
17,1847.9999999936085
18,1848.0000000096468
19,1848.0000000040422
20,1847.9999999955742
