Run,Cost
1,4494.999999991871
2,4495.000000008673
3,4494.99999999668
4,4516.000000026839
5,4494.9999999757365
6,4516.000000018521
7,4596.999999988472
8,4532.999999991023
9,4495.000000015055
10,4597.000000003334
11,4495.000000014056
12,4494.999999999817
13,4544.000000006385
14,4596.999999987639
15,4596.999999990427
16,4515.999999988368
17,4495.000000003254
18,4494.999999995596
19,4516.000000024785
20,4495.000000024705
