Run,Cost
1,3114.999999984868
2,3093.000000011065
3,3037.999999971603
4,3098.999999995319
5,2871.0000000179293
6,3092.999999998129
7,2870.999999987245
8,3093.0000000032774
9,3110.000000013934
10,3028.000000014611
11,3092.9999999923025
12,2870.9999999912743
13,3099.000000002794
14,3056.999999999489
15,2871.0000000036207
16,3109.999999987101
17,2877.9999999983643
18,3028.0000000103314
19,3092.999999997732
20,3098.999999984153
