Run,Cost
1,4227.000000007938
2,4227.000000000344
3,4226.99999997923
4,4440.999999977781
5,4227.000000032634
6,4226.999999995006
7,4227.000000014242
8,4227.000000000005
9,4440.999999995169
10,4226.999999994277
11,4440.999999993363
12,4227.000000032828
13,4227.000000041638
14,4441.000000049193
15,4226.999999959701
16,4441.000000001666
17,4440.99999997556
18,4227.000000004093
19,4440.999999987635
20,4441.000000004174
