Run,Cost
1,2874.999999979551
2,2874.999999988384
3,2875.0000000063333
4,2875.0000000208747
5,2874.999999992885
6,2875.0000000156374
7,2875.0000000064124
8,2874.9999999793376
9,2875.0000000198834
10,2874.9999999988086
11,2874.999999992648
12,2875.0000000036284
13,2875.000000019821
14,2875.000000000852
15,2875.0000000070418
16,2875.0000000502296
17,2874.99999998319
18,2874.9999999948336
19,2874.9999999937104
20,2875.000000010902
