Run,Cost
1,3820.000000003196
2,3907.0000000082932
3,3819.99999999599
4,3907.0000000039618
5,3819.999999991705
6,3907.000000057125
7,3907.0000000098084
8,3906.9999999676074
9,3907.0000000056352
10,3819.999999991268
11,3819.999999998699
12,3907.00000004079
13,3907.000000018673
14,3907.00000003741
15,3907.000000023876
16,3820.0000000107907
17,3906.9999999860834
18,3819.9999999820498
19,3819.9999999998013
20,3907.0000000150667
