Run,Cost
1,2456.9999999851384
2,2456.9999999976203
3,2457.0000000003174
4,2456.999999994653
5,2456.999999999824
6,2457.0000000096647
7,2457.0000000065684
8,2457.000000004784
9,2457.0000000006307
10,2457.000000008323
11,2457.000000005181
12,2456.9999999870797
13,2456.9999999959355
14,2457.0000000019245
15,2457.000000010685
16,2457.000000008427
17,2456.999999988675
18,2456.9999999961697
19,2456.9999999994866
20,2457.0000000021487
