Run,Cost
1,3932.0000000463874
2,4024.00000001685
3,3959.000000033386
4,4024.0000000030304
5,3959.000000007354
6,4024.0000000142404
7,4024.0000000138466
8,4023.9999999857505
9,4023.9999999819247
10,3935.0000000015243
11,4006.000000013121
12,4024.0000000091864
13,4023.999999978158
14,4024.000000001795
15,4023.999999987464
16,3959.0000000102655
17,3959.000000016509
18,3958.999999980089
19,4024.0000000130285
20,4023.999999983888
