Run,Cost
1,4280.999999996844
2,4280.999999973297
3,4269.000000022355
4,4281.00000001656
5,4268.999999998342
6,4269.0000000054
7,4281.000000000207
8,4281.000000004039
9,4280.999999999458
10,4280.999999957346
11,4268.9999999850825
12,4281.000000003584
13,4268.999999983063
14,4269.000000000222
15,4280.999999969101
16,4269.000000001392
17,4269.000000027022
18,4281.000000006359
19,4281.000000016034
20,4269.000000005827
