Run,Cost
1,3609.0000000214527
2,3553.9999999830293
3,3554.0000000012237
4,3609.000000009254
5,3608.999999997205
6,3608.9999999867955
7,3608.999999994569
8,3608.9999999885495
9,3608.9999999836464
10,3609.0000000129176
11,3609.0000000106265
12,3609.000000016051
13,3609.0000000087543
14,3608.999999994818
15,3608.9999999867837
16,3609.0000000069476
17,3609.000000013855
18,3608.9999999926513
19,3609.000000015607
20,3610.0000000163664
