Run,Cost
1,4724.000000014141
2,4724.000000046463
3,4724.000000007579
4,4724.000000008632
5,4723.999999974249
6,4723.99999998822
7,4723.999999996623
8,4723.999999976745
9,4723.999999997351
10,4723.999999995062
11,4724.000000004514
12,4723.999999964573
13,4724.000000028949
14,4723.999999993109
15,4723.999999995029
16,4724.00000000638
17,4723.999999992188
18,4723.999999984705
19,4724.00000002461
20,4723.999999980607
