Run,Cost
1,2812.0000000046057
2,2882.9999999844085
3,2882.9999999852344
4,2893.000000001378
5,2818.0000000033087
6,2818.0000000207724
7,2812.0000000004707
8,2811.9999999825764
9,2811.999999989013
10,2892.9999999996267
11,2883.0000000015793
12,2818.000000003087
13,2893.0000000081363
14,2893.0000000119367
15,2892.999999997616
16,2811.999999992973
17,2811.9999999904703
18,2817.999999989974
19,2812.0000000160753
20,2818.0000000132827
