Run,Cost
1,3249.9999999973784
2,3250.0000000023606
3,3250.0000000098075
4,3250.000000011779
5,3250.000000011487
6,3249.999999991147
7,3249.9999999907086
8,3250.000000013448
9,3249.999999981335
10,3249.99999996751
11,3250.000000009907
12,3249.999999989442
13,3249.999999990705
14,3249.999999986326
15,3249.999999994313
16,3250.000000007004
17,3250.000000019482
18,3250.000000020284
19,3250.000000012
20,3250.000000002471
