Run,Cost
1,2118.999999983696
2,2119.000000001818
3,2119.000000010217
4,2119.0000000003447
5,2118.9999999968145
6,2118.9999999933443
7,2119.0000000119135
8,2118.9999999879246
9,2118.9999999883507
10,2118.9999999965216
11,2118.9999999951515
12,2118.9999999876504
13,2118.9999999876836
14,2119.000000009111
15,2118.9999999929764
16,2119.0000000152404
17,2119.000000002883
18,2119.0000000076084
19,2119.000000008287
20,2118.9999999814986
