Run,Cost
1,4423.999999988511
2,4423.999999979326
3,4435.000000026475
4,4435.000000025795
5,4423.99999999107
6,4424.0000000127
7,4435.000000003415
8,4434.999999984351
9,4434.9999999729735
10,4435.000000003903
11,4423.999999997801
12,4435.000000022115
13,4435.0000000068885
14,4434.999999981564
15,4435.000000009693
16,4434.9999999778565
17,4423.99999998966
18,4423.999999987969
19,4423.99999999285
20,4434.999999996601
