Run,Cost
1,4503.0000000111995
2,4502.999999990086
3,4520.999999990305
4,4520.999999971399
5,4503.000000016047
6,4521.00000000835
7,4520.999999987002
8,4521.000000002064
9,4521.000000047116
10,4502.999999994981
11,4521.000000017205
12,4502.999999990029
13,4521.000000000955
14,4521.000000011547
15,4521.000000008787
16,4520.999999984114
17,4520.999999991771
18,4502.999999971994
19,4520.999999999296
20,4503.00000000812
