Run,Cost
1,2118.999999997597
2,2118.999999994746
3,2112.000000002237
4,2111.999999991583
5,2119.000000004051
6,2119.000000022424
7,2112.0000000042783
8,2119.0000000117047
9,2112.0000000147447
10,2111.9999999860506
11,2119.000000004057
12,2112.000000015179
13,2112.000000000436
14,2119.0000000078194
15,2111.999999964012
16,2118.9999999755914
17,2119.000000004543
18,2112.000000006083
19,2119.000000008569
20,2119.0000000061405
