Run,Cost
1,3184.9999999772776
2,3184.9999999787483
3,3185.0000000015393
4,3184.999999994988
5,3185.0000000169425
6,3185.0000000194627
7,3185.0000000085215
8,3184.999999985298
9,3185.000000001618
10,3184.9999999816514
11,3185.0000000344126
12,3184.9999999821034
13,3185.0000000122955
14,3184.999999976471
15,3185.0000000213013
16,3185.0000000027876
17,3184.9999999915926
18,3185.0000000267264
19,3184.999999988438
20,3185.0000000017703
