Run,Cost
1,3093.0000000046116
2,3093.0000000094165
3,3093.0000000120067
4,3092.9999999907327
5,3093.0000000125847
6,3092.999999994665
7,3093.0000000155233
8,3139.0000000111654
9,3093.0000000290165
10,3093.0000000257255
11,3093.000000003643
12,3138.99999998735
13,3139.0000000387813
14,3092.9999999865486
15,3138.9999999867678
16,3093.000000011592
17,3138.9999999944534
18,3093.0000000045384
19,3139.0000000180694
20,3092.9999999797906
