Run,Cost
1,1651.9999999999197
2,1702.999999987588
3,1651.999999995296
4,1651.9999999933816
5,1651.9999999880656
6,1703.0000000099908
7,1703.000000001137
8,1648.0000000017258
9,1652.0000000018774
10,1594.0000000136806
11,1648.0000000067678
12,1652.000000014164
13,1593.999999993124
14,1652.0000000097014
15,1597.0000000123
16,1597.0000000090852
17,1703.000000009619
18,1652.0000000083032
19,1613.9999999858887
20,1703.0000000010753
