Run,Cost
1,1985.000000002901
2,1984.9999999911265
3,1984.9999999897495
4,1984.999999996576
5,1984.999999985588
6,1985.0000000127304
7,1984.9999999897882
8,1985.0000000071996
9,1984.9999999990462
10,1984.9999999893535
11,1985.0000000073712
12,1984.9999999974116
13,1984.9999999985337
14,1984.9999999773208
15,1984.999999989949
16,1985.000000006257
17,1984.999999983845
18,1985.0000000068933
19,1985.0000000121736
20,1985.0000000014375
