Run,Cost
1,4071.9999999833485
2,4147.999999988567
3,4100.999999988761
4,4147.999999965657
5,4038.9999999844545
6,4007.9999999885363
7,4038.9999999848355
8,4038.999999964962
9,4148.000000000656
10,4147.999999982072
11,4008.0000000278305
12,4039.0000000075693
13,4008.0000000054533
14,4039.00000002523
15,4007.999999996899
16,4007.9999999774027
17,4100.999999986647
18,4101.000000010554
19,4038.9999999891547
20,4039.0000000154173
