Run,Cost
1,2022.999999997596
2,2022.9999999981721
3,2022.999999998208
4,2023.0000000051152
5,2022.9999999901263
6,2023.0000000077896
7,2022.9999999917325
8,2022.9999999900715
9,2022.999999994917
10,2023.0000000127288
11,2023.000000014349
12,2023.0000000075088
13,2023.0000000069244
14,2022.9999999990382
15,2022.9999999965335
16,2023.000000000471
17,2023.000000006169
18,2022.9999999971476
19,2022.9999999890226
20,2023.0000000051016
