Run,Cost
1,2129.0000000053687
2,2129.0000000234327
3,2129.000000008914
4,2128.999999993161
5,2129.00000001496
6,2128.9999999986817
7,2128.9999999977845
8,2128.999999998067
9,2128.9999999966353
10,2129.000000000286
11,2128.999999991504
12,2128.999999997401
13,2129.0000000001155
14,2129.0000000038417
15,2128.999999996298
16,2129.0000000080204
17,2128.999999999779
18,2129.0000000116897
19,2128.9999999970278
20,2128.9999999836978
