Run,Cost
1,4240.9999999818465
2,4543.999999983601
3,4544.00000000248
4,4543.999999997757
5,4244.999999960975
6,4544.000000023505
7,4203.000000027291
8,4284.000000023639
9,4241.0000000141745
10,4245.000000001141
11,4283.999999990346
12,4544.000000011113
13,4544.000000018907
14,4284.00000000518
15,4544.000000017677
16,4543.999999983937
17,4283.999999991371
18,4203.000000002871
19,4544.000000026908
20,4240.999999996454
