Run,Cost
1,4264.000000000259
2,4264.00000002634
3,4263.999999997256
4,4264.000000002491
5,4263.999999995631
6,4264.000000010636
7,4264.000000027354
8,4263.999999995777
9,4263.9999999876245
10,4264.000000019598
11,4263.999999990873
12,4264.000000004912
13,4264.000000005639
14,4264.000000028988
15,4264.000000003418
16,4263.999999991749
17,4264.0000000259715
18,4263.999999988906
19,4263.999999987885
20,4263.999999992373
