Run,Cost
1,3335.0000000089963
2,3334.999999993019
3,3335.000000001334
4,3266.99999998788
5,3340.0000000039054
6,3335.0000000073783
7,3335.0000000033474
8,3340.0000000119085
9,3340.0000000071514
10,3340.0000000074087
11,3368.0000000129803
12,3267.0000000024224
13,3334.9999999823817
14,3367.999999999705
15,3367.9999999897077
16,3335.0000000203227
17,3339.9999999818892
18,3339.9999999918455
19,3334.9999999889833
20,3266.9999999957777
