Run,Cost
1,3548.999999993055
2,3492.000000001295
3,3548.9999999891506
4,3491.9999999854376
5,3587.9999999985
6,3588.0000000097566
7,3588.0000000090727
8,3549.0000000036116
9,3588.0000000095893
10,3491.9999999800666
11,3588.0000000117816
12,3548.999999986303
13,3492.000000017118
14,3549.000000011627
15,3587.999999995189
16,3587.9999999951206
17,3587.9999999749707
18,3587.999999998452
19,3587.999999999096
20,3587.9999999969577
