Run,Cost
1,4507.999999995401
2,4508.00000003035
3,4508.000000021044
4,4507.999999967852
5,4507.9999999891215
6,4508.000000002744
7,4508.000000009587
8,4507.999999983839
9,4508.0000000062655
10,4507.999999972965
11,4507.9999999936945
12,4508.000000010858
13,4507.999999993035
14,4507.9999999819765
15,4507.999999981954
16,4508.000000037264
17,4508.0000000309155
18,4507.999999981693
19,4507.999999993378
20,4508.000000007707
