Run,Cost
1,1571.0000000024727
2,1570.9999999968734
3,1570.9999999925576
4,1570.9999999966644
5,1570.9999999993388
6,1570.9999999913637
7,1571.0000000166342
8,1570.9999999989536
9,1571.0000000059836
10,1571.0000000013808
11,1571.0000000111104
12,1571.0000000036114
13,1571.0000000024884
14,1571.0000000035932
15,1570.9999999929635
16,1571.0000000097343
17,1570.999999999705
18,1570.9999999904785
19,1571.0000000018615
20,1571.0000000047796
