Run,Cost
1,2116.00000000381
2,2116.0000000064842
3,2115.9999999895676
4,2115.999999990623
5,2116.0000000039436
6,2115.9999999953457
7,2115.9999999897504
8,2115.9999999905053
9,2116.0000000028786
10,2116.00000000987
11,2115.99999998716
12,2116.0000000005107
13,2115.9999999967727
14,2116.000000008445
15,2115.999999994779
16,2115.999999993666
17,2116.000000002268
18,2116.000000011905
19,2115.999999999187
20,2116.0000000122304
