Run,Cost
1,2057.999999982155
2,2058.000000000557
3,2058.0000000196683
4,2058.0000000017167
5,2089.0000000135724
6,2057.999999999717
7,2089.00000000589
8,2089.00000001042
9,2088.9999999924703
10,2089.000000002148
11,2057.9999999999063
12,2058.000000012364
13,2057.999999991822
14,2057.9999999927954
15,2057.9999999871225
16,2089.0000000096547
17,2089.000000001764
18,2088.9999999998445
19,2088.999999994542
20,2057.9999999961155
