Run,Cost
1,3784.999999993662
2,3784.999999983134
3,3785.0000000024215
4,3784.9999999851543
5,3785.000000009581
6,3785.0000000393384
7,3784.999999995426
8,3784.999999990791
9,3784.9999999920374
10,3785.0000000168097
11,3785.0000000319537
12,3784.999999978593
13,3785.000000034374
14,3784.9999999884176
15,3784.999999998952
16,3785.0000000200007
17,3785.000000016758
18,3784.999999985952
19,3785.000000015057
20,3785.0000000004807
