Run,Cost
1,2078.9999999970464
2,2085.000000004401
3,2084.9999999922184
4,2085.0000000115997
5,2084.999999995719
6,2085.0000000082714
7,2084.999999983404
8,2084.9999999924316
9,2078.9999999878924
10,2078.9999999938673
11,2084.9999999972642
12,2084.999999986119
13,2084.9999999968004
14,2085.00000000247
15,2079.0000000026876
16,2084.9999999919028
17,2079.0000000109835
18,2079.000000016542
19,2079.000000000868
20,2084.999999992752
