Run,Cost
1,3166.999999990044
2,3166.9999999897072
3,3166.9999999905103
4,3167.000000016831
5,3167.0000000093396
6,3207.000000011943
7,3167.000000016007
8,3166.999999987972
9,3166.9999999882366
10,3166.9999999966694
11,3166.9999999971837
12,3167.0000000194505
13,3166.9999999993765
14,3166.9999999853007
15,3166.9999999903603
16,3167.000000019929
17,3206.99999999817
18,3166.999999998348
19,3166.9999999875913
20,3166.999999996118
