Run,Cost
1,2834.9999999916836
2,2823.9999999996526
3,2835.0000000051655
4,2823.999999991934
5,3159.9999999957604
6,2824.0000000064642
7,2824.000000017965
8,3172.0000000109753
9,2824.000000022772
10,3159.9999999819597
11,3172.0000000019404
12,2823.9999999920296
13,2824.000000006817
14,2835.0000000145114
15,2834.9999999956676
16,2823.9999999985694
17,2835.0000000211767
18,2824.000000006196
19,2835.0000000024224
20,3172.0000000029167
