Run,Cost
1,4311.000000039117
2,4310.999999978769
3,4311.000000030351
4,4310.999999994316
5,4311.000000024683
6,4311.000000021948
7,4310.999999995081
8,4310.999999990528
9,4311.000000021982
10,4310.999999983063
11,4310.999999988372
12,4310.999999998338
13,4311.00000002908
14,4311.000000009236
15,4310.999999991802
16,4311.000000031354
17,4311.000000022587
18,4310.999999976477
19,4311.000000012222
20,4311.0000000012105
