Run,Cost
1,3414.9999999887686
2,3415.000000010537
3,3414.9999999684264
4,3415.000000026027
5,3415.0000000055265
6,3414.9999999896777
7,3414.9999999857105
8,3414.999999989055
9,3415.000000005259
10,3414.9999999758643
11,3415.0000000090454
12,3415.000000014145
13,3414.999999999454
14,3415.000000000402
15,3415.000000020333
16,3415.0000000196387
17,3415.000000006295
18,3414.9999999845386
19,3414.9999999809916
20,3414.9999999956995
