Run,Cost
1,2247.000000003519
2,2246.9999999928755
3,2247.0000000056766
4,2246.999999994793
5,2246.9999999762053
6,2247.000000000774
7,2246.9999999980237
8,2246.9999999922097
9,2247.000000014849
10,2246.999999999486
11,2247.000000001915
12,2246.9999999928928
13,2246.9999999926868
14,2247.000000000418
15,2246.9999999908528
16,2247.000000005476
17,2247.000000000288
18,2246.9999999912025
19,2246.9999999927386
20,2247.0000000143473
