Run,Cost
1,4043.999999969257
2,4043.999999993947
3,4043.999999999045
4,4043.999999978352
5,4043.999999977198
6,4043.9999999668935
7,4043.99999997671
8,4044.0000000296445
9,4044.0000000083733
10,4044.0000000149826
11,4044.0000000143004
12,4043.999999995593
13,4043.9999999846177
14,4044.000000017244
15,4044.000000003627
16,4043.9999999777538
17,4043.999999978912
18,4044.000000002814
19,4043.9999999961697
20,4044.0000000097803
