Run,Cost
1,3277.0000000310915
2,3277.000000019988
3,3277.0000000060604
4,3276.9999999918828
5,3277.000000002268
6,3276.9999999895417
7,3277.00000000832
8,3277.000000015846
9,3277.0000000001196
10,3276.999999968671
11,3276.999999998122
12,3276.9999999921056
13,3277.0000000086384
14,3276.9999999981283
15,3276.9999999939178
16,3277.0000000091964
17,3277.000000012997
18,3276.9999999704964
19,3277.000000002121
20,3276.999999994091
