Run,Cost
1,2698.0000000081395
2,2698.00000000109
3,2698.0000000170735
4,2698.000000001031
5,2698.00000002092
6,2698.0000000030354
7,2698.00000000552
8,2697.999999999164
9,2697.999999983509
10,2697.9999999853094
11,2697.9999999979696
12,2698.0000000007713
13,2698.0000000004948
14,2697.9999999731745
15,2698.0000000034916
16,2698.0000000114683
17,2698.0000000052396
18,2697.9999999928104
19,2698.000000006821
20,2697.9999999991614
