Run,Cost
1,2269.0000000060227
2,2268.999999999108
3,2269.000000005062
4,2268.9999999830525
5,2268.9999999995725
6,2268.9999999917113
7,2269.000000007097
8,2268.999999999613
9,2269.0000000030855
10,2269.0000000019045
11,2268.9999999882275
12,2269.0000000018845
13,2269.0000000059927
14,2268.9999999935153
15,2269.000000005594
16,2268.9999999979436
17,2269.0000000000855
18,2269.0000000005666
19,2269.000000003359
20,2268.9999999983147
