Run,Cost
1,3219.9999999981646
2,3220.000000019932
3,3219.9999999932593
4,3219.999999997697
5,3220.000000008001
6,3219.999999995699
7,3219.9999999857027
8,3220.0000000151963
9,3219.999999992849
10,3220.0000000332557
11,3219.9999999892907
12,3219.999999999518
13,3220.000000019776
14,3220.0000000037107
15,3220.000000008182
16,3220.000000004976
17,3219.999999994373
18,3219.999999994099
19,3220.000000019036
20,3220.0000000054197
