Run,Cost
1,3282.0000000083037
2,3282.0000000102004
3,3281.999999992428
4,3282.000000001516
5,3181.000000019602
6,3197.0000000087225
7,3068.999999991957
8,3180.999999999662
9,3197.0000000321584
10,3069.0000000102673
11,3197.0000000163323
12,3281.9999999595357
13,3196.9999999917923
14,3180.9999999862525
15,3197.0000000247146
16,3196.999999998886
17,3196.99999998747
18,3197.0000000005202
19,3197.0000000224377
20,3058.999999995685
