Run,Cost
1,4454.999999959106
2,4454.99999998706
3,4455.000000005282
4,4454.999999986235
5,4455.0000000094105
6,4455.000000010728
7,4455.000000000193
8,4455.000000009606
9,4455.00000003048
10,4455.0000000081955
11,4455.00000001627
12,4454.999999998759
13,4454.99999996818
14,4455.00000001417
15,4454.99999997204
16,4454.999999997624
17,4455.000000009418
18,4455.000000019666
19,4455.000000016315
20,4455.000000018048
