Run,Cost
1,966.9999999994254
2,967.0000000008591
3,966.9999999974522
4,967.0000000073899
5,966.9999999976512
6,967.0000000101229
7,967.0000000042172
8,966.9999999921527
9,966.9999999936033
10,967.0000000021629
11,966.9999999881146
12,967.0000000094994
13,966.9999999865177
14,967.0000000200976
15,966.9999999991784
16,967.000000000757
17,967.0000000028319
18,967.0000000037103
19,967.0000000016998
20,967.00000000754
