Run,Cost
1,81802.00000004137
2,81802.00000002934
3,81802.00000002183
4,81801.99999997116
5,81801.99999992875
6,81801.99999996145
7,81801.99999998606
8,81802.0000000454
9,81801.99999992225
10,81802.00000001097
11,81802.00000003427
12,81801.9999999072
13,81802.0000001034
14,81801.99999998005
15,81802.00000001362
16,81802.00000001965
17,81801.99999986286
18,81802.0000000205
19,81801.99999998725
20,81801.99999995994
