Run,Cost
1,3471.9999999831703
2,3472.000000000676
3,3471.999999998743
4,3472.0000000052755
5,3472.0000000017785
6,3471.999999990055
7,3471.999999985476
8,3472.00000000831
9,3472.0000000026303
10,3472.000000009025
11,3471.9999999849965
12,3472.000000002401
13,3471.999999991681
14,3472.0000000152327
15,3472.0000000016557
16,3472.0000000157597
17,3471.9999999866327
18,3471.999999976751
19,3472.0000000032023
20,3472.0000000089203
