Run,Cost
1,323614.0000000085
2,323613.99999962776
3,323613.999999953
4,323614.0000000068
5,323613.999999953
6,323614.0000000516
7,323614.0000001157
8,323613.99999980966
9,323613.99999998364
10,323613.9999998402
11,323613.9999998505
12,323614.00000009395
13,323613.9999999117
14,323614.0000001405
15,323614.0000000199
16,323613.9999998813
17,323614.000000231
18,323614.00000001676
19,323614.0000000116
20,323614.0000000168
