Run,Cost
1,323613.999999814
2,323614.00000028027
3,323613.9999998767
4,323613.999999722
5,323614.0000002321
6,323614.0000000435
7,323613.99999987916
8,323613.99999979505
9,323613.9999998058
10,323613.9999998486
11,323614.000000215
12,323614.0000002825
13,323613.9999998925
14,323614.00000005966
15,323614.0000001553
16,323613.99999992014
17,323613.9999998259
18,323614.0000000702
19,323613.9999999929
20,323614.00000002136
