Run,Cost
1,14612.999999993875
2,14613.000000006517
3,14612.999999990658
4,14612.999999981834
5,14612.999999981226
6,14612.999999991294
7,14613.000000017997
8,14612.999999994232
9,14613.000000006617
10,14613.000000023885
11,14613.000000000964
12,14612.99999999891
13,14612.999999998396
14,14613.000000023872
15,14613.00000001674
16,14613.000000007092
17,14612.99999999567
18,14612.999999995589
19,14612.999999972668
20,14612.999999987027
