Run,Cost
1,14612.99999998942
2,14612.999999990858
3,14612.99999999575
4,14613.00000001328
5,14612.999999989574
6,14613.000000019067
7,14612.999999993226
8,14612.999999974061
9,14612.999999968064
10,14612.999999995793
11,14612.999999996997
12,14613.000000012424
13,14612.999999990123
14,14612.999999976666
15,14613.000000011076
16,14613.000000012138
17,14613.00000002904
18,14612.999999996955
19,14613.000000017639
20,14613.000000026308
