Run,Cost
1,20401.00000003943
2,20401.000000075794
3,20400.999999978936
4,20401.000000024706
5,20401.00000000459
6,20401.000000050262
7,20401.00000004279
8,20400.999999954674
9,20400.999999989646
10,20401.00000002794
11,20400.99999995244
12,20401.000000026695
13,20401.00000000078
14,20401.000000025793
15,20400.999999985048
16,20400.999999982458
17,20401.00000000046
18,20401.00000005811
19,20400.999999997723
20,20400.99999999039
