Run,Cost
1,72820.00000002245
2,72820.0000000221
3,72820.0000000558
4,72819.99999995575
5,72820.00000006564
6,72820.00000002162
7,72819.99999998858
8,72819.99999993524
9,72820.00000002098
10,72819.99999998845
11,72819.99999994219
12,72820.00000002138
13,72820.00000006922
14,72820.00000005428
15,72819.99999992114
16,72819.99999998618
17,72819.99999999808
18,72820.00000010674
19,72820.00000006531
20,72819.99999996723
