Run,Cost
1,72628.99999999878
2,72629.00000012817
3,72629.00000002696
4,72628.99999988418
5,72628.99999996756
6,72628.99999993131
7,72628.99999996088
8,72628.99999996791
9,72629.00000008593
10,72629.00000010403
11,72629.00000001135
12,72629.00000000114
13,72628.99999998599
14,72629.00000012995
15,72629.00000008373
16,72629.00000003596
17,72628.99999994769
18,72629.00000000195
19,72628.99999995572
20,72629.00000002298
