Run,Cost
1,1295.9999999949896
2,1296.0000000053449
3,1296.0000000025107
4,1296.0000000120606
5,1295.9999999963645
6,1295.9999999906308
7,1296.0000000029897
8,1296.0000000141713
9,1296.0000000046266
10,1295.9999999927284
11,1296.0000000056384
12,1295.9999999987199
13,1295.9999999954719
14,1295.9999999871404
15,1295.9999999928693
16,1296.0000000065593
17,1295.999999995778
18,1296.0000000026882
19,1295.9999999881786
20,1295.9999999982504
