Run,Cost
1,627.9999999988106
2,671.0000000121107
3,587.0000000036132
4,676.0000000039023
5,645.9999999925685
6,656.0000000066509
7,629.9999999961673
8,619.999999997999
9,652.0000000115565
10,679.0000000031977
11,636.9999999953825
12,607.0000000082446
13,671.9999999911189
14,659.000000006257
15,642.0000000141503
16,581.0000000151642
17,631.0000000054017
18,632.000000007774
19,596.0000000154752
20,678.0000000155211
