Run,Cost
1,433.0000000085512
2,416.00000000072936
3,436.9999999987259
4,424.0000000004489
5,420.00000000216784
6,417.9999999961283
7,440.9999999956384
8,446.0000000065888
9,402.9999999975417
10,421.9999999993227
11,412.0000000016847
12,427.00000001089586
13,429.000000003338
14,443.0000000013161
15,444.0000000035139
16,426.99999999909875
17,428.9999999983293
18,407.00000000419567
19,433.0000000017506
20,403.99999999487096
