Run,Cost
1,296.0000000018212
2,296.00000000128904
3,295.99999999751526
4,300.0000000022605
5,302.0000000023376
6,312.0000000016105
7,302.00000000010834
8,314.0000000071397
9,312.0000000067598
10,296.9999999952452
11,296.9999999952196
12,312.00000000872456
13,297.0000000020763
14,296.00000000412905
15,301.99999999605217
16,295.99999999538244
17,315.0000000003529
18,302.00000000156314
19,302.0000000066992
20,313.9999999962871
