Run,Cost
1,575.0000000028576
2,591.9999999963846
3,563.000000006557
4,591.9999999938557
5,574.0000000009544
6,568.0000000099413
7,573.0000000183481
8,548.0000000022235
9,586.9999999941523
10,528.0000000045036
11,572.000000011623
12,583.9999999989519
13,572.9999999971019
14,525.0000000043115
15,530.9999999985916
16,546.0000000015235
17,562.9999999853038
18,544.0000000120623
19,607.9999999871864
20,555.0000000024897
