Run,Cost
1,443.00000000643985
2,433.99999999823166
3,405.9999999982104
4,419.0000000002916
5,437.0000000004912
6,429.00000000584475
7,427.0000000042809
8,431.0000000012506
9,408.0000000043427
10,407.000000003328
11,418.99999999625555
12,420.0000000079147
13,421.0000000028191
14,413.00000001068145
15,440.9999999982273
16,422.9999999978676
17,423.0000000081313
18,425.0000000008328
19,414.0000000037246
20,426.0000000033532
