Run,Cost
1,667.9999999838243
2,669.9999999975234
3,670.0000000002282
4,670.0000000103671
5,667.99999998587
6,669.9999999894311
7,670.0000000095127
8,670.0000000042475
9,670.0000000025157
10,670.0000000078408
11,670.0000000168184
12,664.999999998407
13,669.9999999913457
14,668.0000000014405
15,667.9999999941481
16,669.9999999706582
17,669.999999982559
18,669.9999999887802
19,669.9999999886076
20,670.0000000160135
