Run,Cost
1,525.0000000013466
2,540.9999999855469
3,540.9999999886624
4,532.9999999864923
5,532.9999999826633
6,534.9999999956119
7,533.0000000049416
8,525.0000000050821
9,533.0000000033081
10,532.999999996507
11,524.999999997783
12,524.999999996648
13,524.9999999992862
14,541.0000000052855
15,540.9999999882021
16,540.9999999974384
17,540.9999999974139
18,541.0000000026564
19,524.9999999955292
20,533.0000000098066
