Run,Cost
1,414.0000000057666
2,398.00000000655547
3,428.0000000083055
4,395.0000000001465
5,401.9999999991083
6,388.9999999887504
7,414.0000000064707
8,414.00000000737487
9,413.9999999933662
10,414.0000000004134
11,427.9999999944342
12,401.99999999567325
13,391.0000000088554
14,413.99999999604194
15,413.9999999986276
16,395.0000000002849
17,414.0000000011757
18,425.00000000215476
19,401.99999999572503
20,397.9999999989952
