Run,Cost
1,492.000000004434
2,489.00000000049755
3,524.9999999996965
4,501.0000000022503
5,528.0000000082766
6,528.000000014354
7,500.0000000110019
8,513.0000000020574
9,528.0000000084842
10,525.999999993157
11,475.9999999995163
12,506.00000000982106
13,527.9999999983949
14,492.00000000562875
15,487.00000001159475
16,530.0000000043498
17,501.9999999906441
18,524.9999999958131
19,526.0000000131132
20,498.99999999456344
