Run,Cost
1,620.0000000044262
2,617.0000000035604
3,620.0000000005548
4,619.999999993237
5,619.9999999932515
6,620.0000000096888
7,619.99999998577
8,620.0000000001488
9,619.9999999872656
10,616.9999999976213
11,619.9999999942853
12,616.9999999999227
13,616.9999999928864
14,620.0000000018073
15,616.9999999909342
16,617.0000000110459
17,619.9999999921191
18,620.0000000037664
19,620.0000000013583
20,620.0000000001827
