Run,Cost
1,539.0000000046637
2,536.0000000150137
3,544.0000000015588
4,497.9999999870048
5,545.0000000045301
6,509.00000000166847
7,469.0000000026982
8,481.0000000137082
9,478.0000000110515
10,510.9999999963342
11,509.0000000027861
12,516.9999999960473
13,490.0000000064136
14,534.0000000011112
15,536.0000000072856
16,514.9999999951648
17,506.9999999989097
18,461.9999999931673
19,489.9999999993328
20,507.00000000724225
