Run,Cost
1,437732.00000007305
2,437731.99999996566
3,422532.0000002126
4,437732.00000010204
5,422532.00000039116
6,422532.0000000464
7,422532.00000018097
8,422532.0000001139
9,422531.9999999342
10,422532.0000001112
11,437732.000000097
12,422531.999999708
13,422532.00000008
14,422532.0000000798
15,422531.9999999534
16,422531.9999999418
17,437732.0000000467
18,422531.9999998723
19,422532.0000003667
20,422532.0000000456
