Run,Cost
1,32876.99999998308
2,32877.000000020875
3,32876.9999999965
4,32877.00000000596
5,32877.00000002452
6,32877.000000013155
7,32877.00000000118
8,32876.999999985645
9,32876.99999997798
10,32876.99999999548
11,32876.999999997424
12,32876.99999999409
13,32877.000000005944
14,32877.000000002154
15,32877.00000001358
16,32876.999999980304
17,32876.99999998508
18,32877.00000000004
19,32876.99999999057
20,32876.99999997492
