Run,Cost
1,29619.000000004995
2,28304.99999999236
3,31505.99999999955
4,29326.000000002532
5,29875.999999986576
6,29263.000000019125
7,30494.000000002277
8,29947.9999999961
9,28924.99999999719
10,31580.000000000025
11,31153.00000000877
12,31957.000000023952
13,29217.999999996715
14,29917.999999996046
15,30910.00000002041
16,31320.00000002668
17,30409.000000010627
18,28708.00000000751
19,28160.99999999945
20,30958.00000000681
