Run,Cost
1,30995.000000014883
2,28269.000000003976
3,30412.00000000376
4,28527.000000008975
5,27189.99999998328
6,26962.999999985546
7,28745.00000002638
8,27786.999999991473
9,29285.0000000012
10,29857.00000000159
11,26692.999999995365
12,30367.999999994492
13,28151.000000016273
14,29339.000000012278
15,29529.99999998452
16,29123.99999998192
17,28029.00000001331
18,29269.00000001331
19,27714.999999985605
20,26965.000000015803
