Run,Cost
1,29726.00000001103
2,28840.000000000484
3,29104.999999998025
4,28351.000000008415
5,29568.000000005093
6,28379.999999996606
7,28759.999999985208
8,28737.999999995198
9,29741.000000012074
10,28139.000000012566
11,29477.99999997859
12,30069.99999999007
13,28415.000000011412
14,27367.000000009248
15,29552.00000001845
16,29494.00000000603
17,29700.000000017735
18,29374.000000018143
19,29182.000000001073
20,30681.000000009073
