Run,Cost
1,7263.999999997315
2,7264.000000004166
3,7264.000000002349
4,7263.999999999498
5,7263.999999997853
6,7263.999999992203
7,7264.0000000061655
8,7263.999999993802
9,7264.000000000492
10,7264.000000006682
11,7263.99999999518
12,7264.00000000145
13,7264.000000006613
14,7264.0000000019645
15,7263.99999999146
16,7263.999999994415
17,7263.999999994122
18,7264.000000010612
19,7263.999999994861
20,7264.000000015605
