Run,Cost
1,6732.999999999129
2,6336.000000012817
3,6732.999999989625
4,6336.000000000252
5,6517.99999999946
6,6580.999999996674
7,6518.0000000129285
8,6247.000000002444
9,6518.000000003098
10,6550.000000004911
11,6549.999999994291
12,6247.000000003241
13,6231.0000000018945
14,6733.0000000003365
15,6550.000000005003
16,6733.000000001915
17,6550.000000002032
18,6246.999999994393
19,6550.000000004295
20,6549.999999997072
