Run,Cost
1,6690.00000000642
2,6689.9999999945585
3,6689.999999988789
4,6690.00000000763
5,6690.000000022798
6,6689.999999993081
7,6689.999999997618
8,6689.9999999957345
9,6689.999999995059
10,6689.999999996948
11,6690.000000012306
12,6689.999999999052
13,6690.000000001028
14,6690.0000000007085
15,6690.000000004448
16,6690.000000009113
17,6690.0000000081245
18,6689.99999998874
19,6689.999999993581
20,6690.000000000589
