Run,Cost
1,6532.999999991606
2,6633.99999999576
3,6633.999999997443
4,6532.999999997857
5,6533.000000004531
6,6533.000000006228
7,6532.999999999712
8,6633.9999999980455
9,6532.999999989294
10,6633.999999992075
11,6533.000000001288
12,6532.9999999985785
13,6633.999999993226
14,6532.999999985769
15,6633.999999993193
16,6532.999999997833
17,6634.00000000684
18,6633.999999991602
19,6634.000000011422
20,6532.999999999193
