Run,Cost
1,6044.000000002354
2,6044.000000002867
3,6043.9999999836255
4,6044.000000008644
5,6043.9999999989195
6,6043.999999994651
7,6044.00000001036
8,6044.000000003461
9,6044.000000007654
10,6043.999999999684
11,6044.000000002971
12,6044.000000001597
13,6043.999999997404
14,6043.999999988785
15,6043.999999999488
16,6044.000000003675
17,6043.999999998121
18,6043.999999998326
19,6043.999999999134
20,6043.99999999858
