Run,Cost
1,6301.999999991006
2,6301.999999997794
3,6301.99999998973
4,6308.999999998832
5,6308.999999996338
6,6302.000000003892
7,6302.000000000929
8,6272.000000001268
9,6301.999999995597
10,6308.999999995714
11,6271.999999989143
12,6308.999999994876
13,6302.0000000051805
14,6301.9999999945885
15,6272.000000003757
16,6301.9999999938655
17,6302.000000002216
18,6308.999999992955
19,6302.000000003529
20,6302.000000015292
