Run,Cost
1,8998.000000006181
2,8998.000000004868
3,8998.000000015221
4,8997.999999988902
5,8997.999999993093
6,8997.999999996235
7,8998.000000011993
8,8998.000000004042
9,8998.00000000094
10,8997.99999999636
11,8998.000000003209
12,8998.000000011745
13,8997.99999999633
14,8997.999999988642
15,8998.000000006095
16,8997.999999993233
17,8998.000000004997
18,8998.00000000006
19,8998.000000002583
20,8998.000000010266
