Run,Cost
1,11267.99999999227
2,11267.999999992573
3,11267.999999986701
4,11267.99999999576
5,11268.000000004831
6,11268.000000014368
7,11267.999999994845
8,11267.999999996826
9,11268.000000016715
10,11267.999999993768
11,11268.000000009642
12,11267.9999999984
13,11268.00000000228
14,11268.000000004407
15,11268.000000007893
16,11267.999999988322
17,11267.999999996558
18,11268.00000000155
19,11268.000000001624
20,11267.999999993985
