Run,Cost
1,8307.000000017024
2,9103.999999999172
3,8715.000000002929
4,7736.000000004769
5,8600.999999999902
6,8125.999999998488
7,7956.9999999971415
8,8398.999999986785
9,8541.00000000265
10,8516.999999991775
11,8993.000000001604
12,7736.0000000034015
13,8331.999999999807
14,8417.999999997039
15,8125.999999991907
16,9028.99999999818
17,8541.999999993552
18,8429.999999997362
19,8263.999999999984
20,8492.000000001566
