Run,Cost
1,9722.000000007982
2,9722.0
3,9721.999999997981
4,9721.99999999309
5,9721.999999995245
6,9721.999999996342
7,9722.000000001502
8,9721.999999998032
9,9721.9999999933
10,9721.999999999089
11,9721.999999992471
12,9722.00000000608
13,9722.000000007118
14,9722.000000005606
15,9722.000000003483
16,9721.999999987835
17,9721.999999988444
18,9721.999999987984
19,9722.000000003089
20,9722.00000001077
