Run,Cost
1,10034.000000012853
2,9692.000000006277
3,9986.00000000473
4,9985.999999998201
5,9985.999999998068
6,9985.999999988824
7,10727.999999995265
8,9985.9999999894
9,10098.000000014039
10,10728.00000000525
11,9836.999999999782
12,9837.000000004944
13,9341.9999999973
14,9342.000000015492
15,9985.999999994066
16,10727.99999999131
17,9985.99999999777
18,9986.00000000809
19,9551.999999994488
20,10033.999999993739
