Run,Cost
1,9725.000000010677
2,10053.000000009011
3,10264.000000010123
4,10483.999999980135
5,10568.000000005837
6,10053.000000005379
7,10567.99999999231
8,9724.999999994394
9,10568.000000005486
10,10146.000000009164
11,9725.000000003758
12,10567.999999997517
13,9724.999999975547
14,10146.000000006205
15,9725.000000001048
16,10052.999999995878
17,10264.00000001882
18,10484.000000013613
19,10263.999999989746
20,10484.00000000283
