Run,Cost
1,10968.999999987009
2,10968.999999994534
3,10969.000000006727
4,10969.000000001706
5,10968.999999989504
6,10968.999999993455
7,10969.000000003114
8,10968.999999997097
9,10968.999999998941
10,10968.999999993386
11,10968.999999997435
12,10968.999999994463
13,10968.999999997515
14,10969.000000001573
15,10968.999999992651
16,10969.000000000759
17,10968.999999994821
18,10969.000000002961
19,10969.000000003078
20,10968.999999992968
