Run,Cost
1,10594.999999998388
2,10452.00000000291
3,10509.99999999304
4,10451.999999988773
5,10451.999999998136
6,10125.00000001147
7,10069.999999994568
8,10845.999999999005
9,10070.000000002925
10,10069.999999994616
11,10125.00000000909
12,10125.00000000256
13,10070.000000019078
14,10070.00000000153
15,10451.999999990547
16,10845.999999996513
17,10070.000000018319
18,10509.999999999673
19,10070.000000001583
20,10845.999999992544
