Run,Cost
1,16678.999999997308
2,16679.000000000615
3,16678.999999995012
4,16679.000000017375
5,16679.000000005268
6,16678.99999999891
7,16678.999999987172
8,16678.99999998775
9,16678.999999993284
10,16679.00000000587
11,16678.999999988504
12,16679.000000004828
13,16679.000000011325
14,16679.000000000626
15,16678.999999979216
16,16679.00000000115
17,16678.999999995678
18,16679.000000006065
19,16678.999999989115
20,16679.00000001716
