Run,Cost
1,17994.0000000077
2,17994.000000008
3,17994.00000002017
4,17993.999999998905
5,17994.000000010077
6,17994.000000010754
7,17993.999999987947
8,17994.000000019543
9,17993.999999993845
10,17994.000000002132
11,17994.000000000728
12,17993.99999999567
13,17993.999999990217
14,17993.99999998736
15,17993.99999999875
16,17993.99999999218
17,17994.000000016924
18,17993.999999993695
19,17994.000000029508
20,17994.000000017117
