Run,Cost
1,15917.000000001883
2,14410.999999994832
3,15345.000000003789
4,15451.999999985994
5,15250.000000007645
6,15533.999999988604
7,15213.999999985323
8,15142.999999998672
9,16434.999999993044
10,15520.999999994081
11,15223.000000017995
12,15372.000000007067
13,14236.999999989635
14,15592.000000000833
15,15171.999999997304
16,15421.999999999916
17,15066.000000001228
18,15003.000000014154
19,14931.000000004991
20,14748.000000007769
