Run,Cost
1,690890.0000001843
2,690889.9999996593
3,690889.9999997002
4,690890.0000000125
5,690890.0000001178
6,690889.9999999425
7,690890.0000001732
8,690890.0000000626
9,690889.9999999866
10,690889.999999766
11,690890.0000001094
12,690890.000000338
13,690890.0000003729
14,690889.999999889
15,690889.999999965
16,690889.9999997102
17,690889.9999999962
18,690890.0000000991
19,690890.0000000792
20,690890.000000118
