Run,Cost
1,666840.0000004327
2,686450.0000004958
3,671951.000000032
4,650339.0000000687
5,673729.9999997186
6,669441.0000005345
7,663006.9999998027
8,674221.9999999346
9,667824.9999998404
10,682718.0000002041
11,667619.9999998417
12,676625.9999999078
13,664720.9999993999
14,682395.0000000194
15,650413.0000002808
16,678158.9999998485
17,672296.0000003835
18,684120.0000002031
19,658009.0000001818
20,665038.0000001182
