Run,Cost
1,669934.9999997433
2,669934.999999963
3,669935.0000000307
4,669935.0000001076
5,669934.9999999275
6,669935.000000036
7,669934.9999997856
8,669935.0000000092
9,669934.9999998782
10,669935.0000005774
11,669935.0000001688
12,669935.0000000107
13,669935.000000162
14,669935.000000102
15,669935.0000003885
16,669935.000000191
17,669934.9999999464
18,669934.9999999338
19,669935.0000002802
20,669935.0000001506
