Run,Cost
1,1882037.0000012144
2,1882036.9999995304
3,1882036.9999995402
4,1882036.9999997881
5,1882036.999999819
6,1882037.00000042
7,1882036.9999994542
8,1882036.9999993593
9,1882037.000000241
10,1882037.0000000747
11,1882037.0000005658
12,1882037.00000013
13,1882036.999999954
14,1882037.0000006093
15,1882037.0000003602
16,1882036.9999995176
17,1882036.99999996
18,1882037.0000004664
19,1882037.0000000692
20,1882037.000000352
