Run,Cost
1,1866585.000000252
2,1872663.9999990964
3,1908610.9999997662
4,1894805.0000010116
5,1892805.9999998973
6,1906008.0000002414
7,1867295.999999458
8,1901901.9999997546
9,1905388.9999996726
10,1901827.9999992785
11,1886081.9999991865
12,1896373.9999997863
13,1868891.999999677
14,1961332.0000001688
15,1930494.999999353
16,1908202.9999998691
17,1881873.9999994852
18,1891699.0000000426
19,1874129.9999998508
20,1884027.000000342
