Run,Cost
1,9267.000000074944
2,9251.000000022937
3,9461.999999814981
4,8744.999999935075
5,9314.00000004825
6,9225.000000111979
7,9445.000000103631
8,9071.00000004022
9,9382.999999908858
10,9146.000000017277
11,9205.0000000309
12,9198.000000068158
13,9211.000000114835
14,9198.00000004199
15,9407.000000140266
16,9262.000000034479
17,8849.000000239763
18,9488.999999959635
19,9067.99999999901
20,9098.000000069092
