Run,Cost
1,19500.000000007676
2,19500.000000067263
3,19500.000000030956
4,19499.99999999073
5,19499.999999999014
6,19499.999999992073
7,19499.999999980704
8,19499.999999986318
9,19499.99999997342
10,19499.999999988715
11,19500.000000009277
12,19500.000000006017
13,19500.000000004973
14,19499.999999990727
15,19499.999999995056
16,19499.999999981992
17,19500.00000001333
18,19500.000000007632
19,19500.000000025815
20,19500.00000000935
