Run,Cost
1,1219.0000000032917
2,1218.9999999949491
3,1218.9999999817055
4,1219.0000000366156
5,1218.9999999637125
6,1219.0000000163716
7,1218.9999999839513
8,1219.0000000311006
9,1219.0000000019204
10,1219.000000006902
11,1218.999999993488
12,1219.000000002813
13,1219.000000031323
14,1218.99999998496
15,1218.999999967756
16,1219.0000000001303
17,1218.9999999640163
18,1218.999999993888
19,1219.0000000205619
20,1218.9999999479505
