Run,Cost
1,59574.99999999645
2,58599.99999997763
3,56956.0000000307
4,60000.99999994024
5,59225.999999945154
6,60046.99999997493
7,61090.00000005156
8,61299.000000011445
9,60883.9999999843
10,59223.000000014494
11,59848.99999990825
12,60384.99999996165
13,62238.00000008246
14,60647.00000002052
15,54747.00000003236
16,60156.99999995364
17,58598.99999996127
18,55423.000000039654
19,61008.00000005548
20,60754.00000006148
