Run,Cost
1,3328.0000000086534
2,3279.0000000272357
3,3241.0000000178366
4,3326.0000000179416
5,3428.99999997531
6,3264.0000000903415
7,3327.999999999095
8,3214.000000048544
9,3212.0000000487175
10,3203.000000064969
11,3306.0000000811856
12,3237.000000008671
13,3274.9999999583065
14,3173.9999999828783
15,3139.999999962833
16,3183.0000000079503
17,3339.9999999889164
18,3174.0000001255385
19,3283.000000029987
20,3200.000000026317
