Run,Cost
1,473276.99999983324
2,482014.0000001792
3,475861.00000055943
4,481890.00000003586
5,480213.99999990716
6,474707.9999999143
7,478475.9999997904
8,487215.99999976245
9,470718.00000036607
10,481440.0000002244
11,477172.9999998189
12,479161.9999999469
13,481103.00000000047
14,467652.99999990885
15,474214.99999990215
16,458815.0000000717
17,447730.00000017515
18,476635.00000024267
19,477567.00000000116
20,488479.9999999116
