Run,Cost
1,409081.9999997505
2,398959.0000002025
3,413263.9999999476
4,404047.99999976676
5,416968.0000002375
6,397340.0000000508
7,405190.99999985757
8,398740.99999985046
9,405072.0000004114
10,403549.00000007416
11,408160.0000000895
12,400306.00000022014
13,402466.000000004
14,414953.9999996731
15,400878.00000004534
16,399318.99999992375
17,403951.9999998837
18,402329.9999998338
19,397070.00000020297
20,401210.0000000532
