Run,Cost
1,3144.5650853795178
2,3144.565085359423
3,3144.5650854246096
4,3144.5650853247575
5,3144.565085388564
6,3144.5650854028167
7,3144.565085379559
8,3144.5650853673883
9,3144.5650854002047
10,3144.5650853848547
11,3144.56508535986
12,3144.5650853823527
13,3144.5650853667335
14,3144.565085428413
15,3144.5650853826332
16,3144.5650853876923
17,3144.565085364462
18,3144.565085388312
19,3144.5650854358573
20,3144.5650854003225
