Run,Cost
1,6932.489086730349
2,6931.763927912978
3,6931.98798452214
4,6931.987984531331
5,6931.262825663974
6,6931.763927851812
7,6931.987984550154
8,6931.987984468887
9,6932.489086757304
10,6931.262825634513
11,6932.489086794107
12,6932.489086746316
13,6931.763927892278
14,6932.489086743941
15,6931.987984490902
16,6931.262825624646
17,6931.262825594661
18,6932.489086668463
19,6931.763927889632
20,6932.489086746799
