Run,Cost
1,6941.728250117904
2,6942.453408952537
3,6941.728250214356
4,6942.453408972042
5,6942.453409023231
6,6941.728250160021
7,6942.4534090335
8,6941.728250110204
9,6942.453408970502
10,6941.728250190058
11,6941.728250146056
12,6941.728250084891
13,6942.453408957872
14,6941.728250111369
15,6942.453408996225
16,6942.45340906664
17,6942.453408961321
18,6941.728250099821
19,6941.728250143281
20,6942.453409007044
