Run,Cost
1,2532.208187548028
2,2532.2081875848835
3,2532.208187581948
4,2532.2081875773188
5,2532.208187572178
6,2532.208187576413
7,2532.208187555172
8,2532.2081876002053
9,2532.2081876045013
10,2532.208187585795
11,2532.208187573646
12,2532.208187572971
13,2532.2081875613653
14,2532.208187575532
15,2532.208187544893
16,2532.208187553472
17,2532.208187549771
18,2532.208187618815
19,2532.2081875926665
20,2532.2081875701574
