Run,Cost
1,2533.3368822177754
2,2533.336882214512
3,2533.336882206035
4,2533.336882207129
5,2533.3368822244124
6,2533.336882245794
7,2533.3368822229286
8,2533.3368822232273
9,2533.336882233785
10,2533.3368822208568
11,2533.336882201784
12,2533.3368821892213
13,2533.3368822248954
14,2533.336882243981
15,2533.3368822256193
16,2533.3368822246684
17,2533.336882199386
18,2533.336882218225
19,2533.3368821759805
20,2533.3368822309135
