Run,Cost
1,5012.984788243252
2,5012.984788251975
3,5012.984788219044
4,5012.984788227127
5,5012.984788277594
6,5012.984788173147
7,5012.984788274444
8,5012.984788272797
9,5012.984788289837
10,5012.984788296363
11,5012.984788209787
12,5012.984788251518
13,5012.984788219179
14,5012.9847882658405
15,5012.984788221659
16,5012.984788280113
17,5012.984788271909
18,5012.984788219547
19,5012.984788226328
20,5012.98478819404
