Run,Cost
1,6802.47495029094
2,6802.474950319499
3,6802.474950332854
4,6802.474950288472
5,6802.474950248574
6,6802.474950315446
7,6802.474950289505
8,6803.32876731625
9,6803.3287673270615
10,6802.474950264308
11,6803.328767342654
12,6802.474950214597
13,6803.328767359812
14,6802.474950286323
15,6803.328767339413
16,6802.474950366734
17,6803.328767379664
18,6802.474950324801
19,6803.328767284247
20,6803.3287673439745
