Run,Cost
1,2398.5889962122774
2,2398.5889962074625
3,2398.5889961735647
4,2398.588996148863
5,2398.58899622514
6,2398.588996202838
7,2398.588996160775
8,2398.5889961970206
9,2398.5889961973758
10,2398.5889961908974
11,2398.588996184164
12,2398.5889961813255
13,2398.588996201941
14,2398.5889961892603
15,2398.5889961852868
16,2398.588996181681
17,2398.5889962250753
18,2398.5889962075794
19,2398.588996171225
20,2398.5889961517587
