Run,Cost
1,9472.392580767724
2,9471.153794932514
3,9472.392580791933
4,9472.392580751068
5,9471.153795109614
6,9472.064353101661
7,9472.39258067453
8,9473.30313889554
9,9471.153794950425
10,9471.153795016433
11,9473.30313890155
12,9472.064353174208
13,9472.064353126074
14,9471.153795021164
15,9473.303138797333
16,9472.3925808104
17,9472.392580804133
18,9472.392580857277
19,9472.392580748663
20,9472.06435320143
