Run,Cost
1,6283.70403735072
2,6283.7040373369955
3,6283.7040373273385
4,6283.704037374372
5,6283.704037345974
6,6283.704037316447
7,6283.704037350759
8,6283.704037349117
9,6283.704037314508
10,6283.704037337526
11,6283.704037318195
12,6283.704037330891
13,6283.704037376136
14,6283.7040373737345
15,6283.704037304271
16,6283.704037322805
17,6283.704037333588
18,6283.7040373831405
19,6283.704037365191
20,6283.704037365402
