Run,Cost
1,4975.177205810859
2,4975.177205918517
3,4975.1772058739
4,4975.177205883884
5,4975.177205884665
6,4975.177205820399
7,4975.177205839878
8,4975.17720586657
9,4975.177205839501
10,4975.177205918108
11,4975.177205913574
12,4975.177205860252
13,4975.177205812362
14,4975.177205832532
15,4975.177205846177
16,4975.177205856332
17,4975.177205850016
18,4975.177205891797
19,4975.177205804835
20,4975.177205887131
