Run,Cost
1,4972.445235234334
2,4972.445235319623
3,4972.4452352915305
4,4972.445235309475
5,4972.4452352995395
6,4972.445235281408
7,4972.4452353047145
8,4972.445235327177
9,4972.445235335513
10,4972.445235274656
11,4972.445235350752
12,4972.44523532634
13,4972.445235308926
14,4972.4452352940125
15,4972.445235308695
16,4972.445235265366
17,4972.445235279948
18,4972.445235323816
19,4972.44523528536
20,4972.445235305169
