Run,Cost
1,6291.296960772375
2,6291.296960746868
3,6291.29696079586
4,6291.296960801155
5,6291.296960812857
6,6291.296960781626
7,6291.296960814722
8,6291.296960799715
9,6291.296960790698
10,6291.296960819078
11,6291.296960861877
12,6291.296960833263
13,6291.2969607827
14,6291.29696080908
15,6291.296960816421
16,6291.296960829767
17,6291.296960845203
18,6291.2969608069
19,6291.296960810502
20,6291.2969608318945
