Run,Cost
1,9473.10345179289
2,9473.154421462703
3,9473.15442147879
4,9473.154421508967
5,9473.103451792897
6,9473.154421445543
7,9473.103451774708
8,9473.103451856688
9,9473.154421518462
10,9473.10345186808
11,9473.154421460657
12,9473.154421482062
13,9473.103451823757
14,9473.103451802415
15,9473.154421511126
16,9473.154421488356
17,9473.154421478208
18,9473.154421472294
19,9473.103451831852
20,9473.154421462457
