Run,Cost
1,4513.89780428692
2,4513.897804289415
3,4513.897804242588
4,4513.89780425153
5,4513.897804236762
6,4513.897804261901
7,4513.897804315815
8,4513.897804301082
9,4513.897804257194
10,4513.897804295865
11,4513.897804227376
12,4513.897804227976
13,4513.897804255808
14,4513.897804289736
15,4513.897804251256
16,4513.8978042798635
17,4513.897804249925
18,4513.89780424635
19,4513.897804239003
20,4513.897804293256
