Run,Cost
1,4505.801665170164
2,4509.175563143526
3,4510.430472696051
4,4505.801665053974
5,4509.175563089795
6,4509.17556312376
7,4510.430472606101
8,4505.801665082593
9,4505.801665145649
10,4505.801665138311
11,4507.05657459196
12,4505.801665101456
13,4509.175563158714
14,4505.801665147228
15,4505.801665184896
16,4507.056574671849
17,4509.1755631971755
18,4507.056574616992
19,4509.175563105915
20,4507.056574629918
