Run,Cost
1,3279.3264228610583
2,3279.3264228070875
3,3279.326422832497
4,3279.326422819336
5,3279.3264228585463
6,3279.3264227767686
7,3279.3264228367525
8,3279.3264228190433
9,3279.3264227981927
10,3279.3264228050457
11,3279.3264228325916
12,3279.3264228120047
13,3279.3264228023145
14,3279.3264228431103
15,3279.3264227923873
16,3279.326422820304
17,3279.3264228757766
18,3279.326422748344
19,3279.3264228014314
20,3279.326422842711
