Run,Cost
1,3271.8048150552427
2,3272.3422865451244
3,3272.5226184638664
4,3271.8048150455334
5,3271.8048150557197
6,3273.060090021196
7,3273.0600900237064
8,3272.3422865432444
9,3272.5226184520657
10,3272.342286539255
11,3272.522618486518
12,3272.52261846831
13,3273.06009002314
14,3272.5226184878875
15,3271.8048151105068
16,3271.8048150562286
17,3273.0600899793735
18,3271.804815077861
19,3272.342286509839
20,3273.060090001413
