Run,Cost
1,5230.087079652339
2,5230.087079764351
3,5230.087079660836
4,5230.087079674121
5,5230.087079667124
6,5230.08707968348
7,5230.087079659356
8,5230.087079704902
9,5230.087079662114
10,5230.087079637216
11,5230.087079644905
12,5230.087079735834
13,5230.087079657108
14,5230.087079630774
15,5230.087079723454
16,5230.087079623002
17,5230.087079622357
18,5230.087079683099
19,5230.087079704341
20,5230.087079707332
