Run,Cost
1,5225.464198310042
2,5225.464198312788
3,5225.464198263423
4,5225.464198292316
5,5225.4641982911635
6,5225.464198284599
7,5225.464198287014
8,5225.46419832766
9,5225.464198333039
10,5225.46419836156
11,5225.464198382342
12,5225.464198286695
13,5225.464198294414
14,5225.4641983632055
15,5225.464198401059
16,5225.464198348571
17,5225.464198273318
18,5225.464198310783
19,5225.464198302873
20,5225.464198297518
