Run,Cost
1,6127.379560082968
2,6127.379560104062
3,6127.379560113204
4,6127.379560136275
5,6127.379560054359
6,6127.379560100184
7,6127.379560115701
8,6127.379560068027
9,6127.379560117021
10,6127.379560082685
11,6127.379560093994
12,6127.3795601311285
13,6127.379560086781
14,6127.379560090264
15,6127.379560091389
16,6127.379560041019
17,6127.379560119318
18,6127.379560072467
19,6127.3795600560225
20,6127.3795601165975
