Run,Cost
1,6140.488116821659
2,6140.4881168281
3,6140.488116872654
4,6140.488116883176
5,6140.48811678048
6,6140.488116909206
7,6140.488116783178
8,6140.488116870498
9,6140.48811683032
10,6140.48811685092
11,6140.488116828812
12,6140.488116840074
13,6140.488116852686
14,6140.488116812051
15,6140.488116834602
16,6140.488116844391
17,6140.488116870936
18,6140.488116863834
19,6140.488116862529
20,6140.488116850766
