Run,Cost
1,2399.672393650021
2,2399.6723936934454
3,2400.198460618602
4,2399.672393667265
5,2400.1984605804632
6,2399.672393673672
7,2399.6723936824596
8,2400.198460617788
9,2400.1984605799557
10,2400.1984606273586
11,2400.1984605770435
12,2400.198460594608
13,2399.672393653852
14,2399.67239367417
15,2399.6723936704648
16,2399.6723936893427
17,2400.198460622778
18,2400.1984605936204
19,2399.6723936612666
20,2400.1984606210713
