Run,Cost
1,2391.2375921585844
2,2391.2375921430116
3,2391.2375921492694
4,2391.237592191648
5,2391.237592145219
6,2391.237592219931
7,2391.237592178765
8,2391.237592191446
9,2391.2375921501375
10,2391.237592146689
11,2391.2375921834328
12,2391.2375922033634
13,2391.2375921740863
14,2391.237592152275
15,2391.2375921702023
16,2391.2375922124493
17,2391.2375921926555
18,2391.2375921925955
19,2391.237592167999
20,2391.2375921788516
