Run,Cost
1,7360.441947325259
2,7360.441947294776
3,7360.441947361726
4,7360.441947300648
5,7360.441947375795
6,7360.441947230017
7,7360.441947334663
8,7360.441947262238
9,7360.4419473379585
10,7360.4419472740665
11,7360.44194735399
12,7360.441947328027
13,7360.441947415432
14,7360.44194732554
15,7360.441947352854
16,7360.441947307536
17,7360.44194728822
18,7360.441947277564
19,7360.44194730982
20,7360.4419473518965
