Run,Cost
1,7340.927565964978
2,7344.602631511119
3,7340.927566032855
4,7344.602631410469
5,7344.602631443553
6,7340.927566095242
7,7344.602631448954
8,7344.602631502875
9,7340.927566092666
10,7340.9275660080875
11,7344.602631474693
12,7340.927566065633
13,7344.602631381348
14,7340.927566013133
15,7344.602631443852
16,7340.927566025099
17,7340.927566025715
18,7344.602631451717
19,7340.927566038635
20,7340.927566027684
