Run,Cost
1,6219.085941525886
2,6219.085941574147
3,6219.085941536543
4,6219.085941570956
5,6219.085941470268
6,6219.085941527321
7,6219.085941570985
8,6219.085941533163
9,6219.08594150962
10,6219.085941581418
11,6219.085941514191
12,6219.085941538251
13,6219.085941585516
14,6219.085941576301
15,6219.085941597419
16,6219.085941618882
17,6219.085941587347
18,6219.085941499239
19,6219.085941496327
20,6219.085941502847
