Run,Cost
1,6215.509272374897
2,6215.509272469594
3,6215.509272411931
4,6215.509272476386
5,6215.509272461479
6,6215.509272461569
7,6215.509272506863
8,6215.509272407073
9,6215.509272486045
10,6215.509272505472
11,6215.50927242487
12,6215.509272432982
13,6215.509272466676
14,6215.509272427291
15,6215.5092725156355
16,6215.509272473722
17,6215.509272469506
18,6215.509272456178
19,6215.509272403415
20,6215.509272453295
