Run,Cost
1,2041.3339128430512
2,2041.3339127566896
3,2041.3339127910588
4,2041.3339127554498
5,2041.3339127672346
6,2041.3339128092418
7,2041.3339127921581
8,2041.3339127900965
9,2041.333912799078
10,2041.3339127725765
11,2041.3339127572835
12,2041.333912770106
13,2041.3339127621055
14,2041.3339127988254
15,2041.3339127459797
16,2041.3339127875306
17,2041.333912799844
18,2041.333912758474
19,2041.3339127491854
20,2041.333912792517
