Run,Cost
1,2047.6980294318976
2,2047.698029423199
3,2047.6980294453008
4,2047.6980294288815
5,2047.698029432291
6,2047.698029428289
7,2047.6980294188618
8,2047.6980294229013
9,2047.6980294475732
10,2047.698029387139
11,2047.6980293955207
12,2047.6980294098662
13,2047.6980294135724
14,2047.6980293961708
15,2047.6980293982012
16,2047.6980294140953
17,2047.6980294229102
18,2047.6980294319496
19,2047.698029461398
20,2047.698029426115
