Run,Cost
1,1884.8800202100226
2,1884.8800201919032
3,1884.8800201924469
4,1884.8800202044276
5,1884.8800201953247
6,1884.8800202200441
7,1884.8800202027435
8,1884.8800201850731
9,1884.8800201794245
10,1884.880020216188
11,1884.8800201603697
12,1884.8800201660006
13,1884.8800201799495
14,1884.8800202093275
15,1884.880020178722
16,1884.8800201884792
17,1884.8800202146156
18,1884.8800202002503
19,1884.8800201459583
20,1884.8800202049588
