Run,Cost
1,4829.9020212596315
2,4829.9020213163
3,4829.902021325226
4,4829.9020212572705
5,4829.902021258008
6,4829.9020212799105
7,4829.9020213375925
8,4829.902021266628
9,4829.902021260028
10,4829.902021270033
11,4829.902021305438
12,4829.902021267999
13,4829.902021245217
14,4829.902021299275
15,4829.902021290879
16,4829.9020212869345
17,4829.902021333513
18,4829.902021239192
19,4829.902021285511
20,4829.902021265731
