Run,Cost
1,4830.4917082117345
2,4830.4917082253205
3,4830.491708197823
4,4830.491708199272
5,4830.49170817147
6,4830.491708187678
7,4830.49170815501
8,4830.49170814515
9,4830.491708180238
10,4830.491708143548
11,4830.491708201303
12,4830.491708165349
13,4830.491708216601
14,4830.49170821035
15,4830.491708175162
16,4830.49170814007
17,4830.491708186908
18,4830.491708200219
19,4830.491708181392
20,4830.491708187183
