Run,Cost
1,3685.356945793852
2,3685.3569457646036
3,3685.3569457914523
4,3685.3569458155343
5,3685.356945776885
6,3685.356945803847
7,3685.3569457964613
8,3685.3569457948674
9,3685.356945813079
10,3685.3569457943713
11,3685.3569457717304
12,3685.356945813876
13,3685.3569457672875
14,3685.3569457742756
15,3685.3569457582203
16,3685.3569457900708
17,3685.356945776049
18,3685.356945739669
19,3685.3569457737335
20,3685.356945725237
