Run,Cost
1,3676.3766622794656
2,3676.376662231422
3,3676.4598332060227
4,3676.3766623023716
5,3676.4598331277293
6,3676.45983319366
7,3676.3766623109873
8,3676.4598332074324
9,3676.459833201333
10,3676.3766623418696
11,3676.4598331338957
12,3676.376662294414
13,3676.3766623277575
14,3676.376662275003
15,3676.459833180371
16,3676.4598331820857
17,3676.4598331953976
18,3676.3766623707406
19,3676.4598331685015
20,3676.376662296148
