Run,Cost
1,6508.698535080054
2,6508.698535029783
3,6508.698535059241
4,6508.6985350003915
5,6508.698534995297
6,6508.698535052208
7,6508.6985350040195
8,6508.698535036097
9,6508.69853507338
10,6508.698535145222
11,6508.698534945508
12,6508.698535083188
13,6508.698535077562
14,6508.698535110657
15,6508.698535008032
16,6508.698534981658
17,6508.698535036749
18,6508.698534992563
19,6508.698535071506
20,6508.698535002381
