Run,Cost
1,6268.808420442615
2,6268.808420460725
3,6268.660299324264
4,6268.6602994322
5,6268.66029935965
6,6268.808420448768
7,6268.660299471625
8,6268.808420445376
9,6268.808420405148
10,6268.808420396715
11,6268.80842041906
12,6268.808420444374
13,6268.808420417528
14,6268.808420394055
15,6268.660299377679
16,6268.808420558151
17,6268.808420498125
18,6268.808420508761
19,6268.808420422526
20,6268.660299402001
