Run,Cost
1,6508.2515782806895
2,6508.251578334846
3,6508.251578297911
4,6507.69469384265
5,6508.251578271082
6,6507.694693884395
7,6507.694693809488
8,6507.694693816221
9,6507.694693764913
10,6508.25157830307
11,6508.251578275135
12,6508.251578312772
13,6508.25157828653
14,6507.694693861499
15,6507.694693796656
16,6508.25157825952
17,6507.694693853182
18,6508.251578330398
19,6508.251578334709
20,6507.694693805268
