Run,Cost
1,7467.083543322958
2,7467.083543319413
3,7467.083543359627
4,7465.976166875987
5,7467.083543371778
6,7468.572628789533
7,7468.572628827358
8,7465.976166898576
9,7467.083543280006
10,7468.57262881934
11,7465.9761669024665
12,7467.083543318683
13,7467.083543271346
14,7468.5726287935695
15,7468.572628815186
16,7468.5726287889165
17,7467.465252300797
18,7467.0835433104185
19,7465.9761668840865
20,7467.083543380015
