Run,Cost
1,7467.392423098655
2,7467.392423124484
3,7467.392423104049
4,7467.392423070587
5,7467.392423046675
6,7467.392423172209
7,7467.392423161361
8,7467.392423140988
9,7467.39242309326
10,7467.392423072524
11,7467.392423102413
12,7467.392423074885
13,7467.392423049363
14,7467.392423157869
15,7467.3924230700995
16,7467.392423136258
17,7467.392423020278
18,7467.392423079181
19,7467.392423107334
20,7467.39242315756
