Run,Cost
1,3996.8730130649324
2,3996.873012982837
3,3996.873013057747
4,3996.8730130376102
5,3996.873013079563
6,3996.873013045684
7,3996.873012967875
8,3996.8730130057406
9,3996.873013035964
10,3996.873013025022
11,3996.8730130807166
12,3996.87301303883
13,3996.8730130799713
14,3996.873013064765
15,3996.8730130631498
16,3996.8730130173594
17,3996.87301306601
18,3996.8730130371814
19,3996.8730130493077
20,3996.87301301168
