Run,Cost
1,3994.220670488378
2,3996.6884534406204
3,3995.3392161853444
4,3994.220670477929
5,3994.220670501663
6,3994.220670457709
7,3994.2206704657497
8,3995.569907823958
9,3994.220670432963
10,3994.2206704532105
11,3995.569907801829
12,3996.6884535287163
13,3995.3392161541974
14,3995.3392161518436
15,3996.6884535008553
16,3995.339216153388
17,3996.688453478094
18,3995.5699077824192
19,3995.5699077778618
20,3995.5699077862796
