Run,Cost
1,4507.89769807123
2,4507.897698053923
3,4509.428255627773
4,4509.428255534568
5,4507.897698059352
6,4509.42825558258
7,4509.428255579406
8,4507.89769811268
9,4507.897698007032
10,4509.428255532019
11,4509.428255602181
12,4509.428255569468
13,4509.428255555716
14,4507.897698075847
15,4507.89769807498
16,4507.897698054203
17,4507.897698048302
18,4507.897698099564
19,4507.897698071207
20,4507.897698080864
