Run,Cost
1,4517.023569756654
2,4517.02356970205
3,4517.023569739008
4,4517.023569746008
5,4517.023569765571
6,4517.023569713215
7,4517.023569735018
8,4517.023569755901
9,4517.023569749408
10,4517.023569692498
11,4517.023569719213
12,4517.023569705469
13,4517.0235697497865
14,4517.023569745408
15,4517.0235697091375
16,4517.0235697527205
17,4517.023569716074
18,4517.02356978018
19,4517.023569729119
20,4517.023569752651
