Run,Cost
1,3417.3894820347737
2,3417.3894820037694
3,3417.3894819856046
4,3417.3894819685993
5,3417.389481975447
6,3417.3894819991624
7,3417.3894819979905
8,3417.3894819864126
9,3417.389482023442
10,3417.3894820083565
11,3417.3894819876546
12,3417.3894820219616
13,3417.3894820321957
14,3417.3894819579227
15,3417.3894820231526
16,3417.3894820049845
17,3417.3894819642433
18,3417.3894820479086
19,3417.389482017993
20,3417.3894820152364
