Run,Cost
1,3425.6811837163864
2,3425.6811836837087
3,3425.6811837110117
4,3425.6811836818
5,3425.681183677962
6,3425.681183711138
7,3425.681183672262
8,3425.6811837274704
9,3425.6811836552074
10,3425.681183733374
11,3425.681183699166
12,3425.681183709711
13,3425.6811837031146
14,3425.681183667013
15,3425.681183705826
16,3425.681183701137
17,3425.681183712579
18,3425.68118370664
19,3425.6811836677393
20,3425.6811836962816
