Run,Cost
1,4273.720979215444
2,4273.720979179794
3,4273.72097915755
4,4273.720979182663
5,4273.720979189695
6,4273.720979203401
7,4273.720979208712
8,4273.720979180833
9,4273.720979215124
10,4273.720979231653
11,4273.720979194541
12,4273.7209791640535
13,4273.720979153085
14,4273.72097920851
15,4273.72097918429
16,4273.720979156684
17,4273.720979209968
18,4273.720979179478
19,4273.72097921432
20,4273.720979202325
