Run,Cost
1,4276.235623791719
2,4276.235623779087
3,4275.876953580741
4,4275.876953513078
5,4276.235623764778
6,4276.235623740289
7,4275.876953592379
8,4275.876953511923
9,4275.876953548725
10,4276.23562378562
11,4275.876953499801
12,4276.235623752495
13,4276.235623805184
14,4275.876953521163
15,4276.23562376256
16,4276.235623753569
17,4276.23562375976
18,4275.876953548479
19,4276.235623756351
20,4276.2356237693075
