Run,Cost
1,4033.9227944177815
2,4033.9744103948174
3,4033.922794454582
4,4033.9744104282463
5,4033.922794415495
6,4033.922794487333
7,4033.92279444376
8,4033.9744104042366
9,4033.9227944284216
10,4033.974410404702
11,4033.9227944520644
12,4033.9744104791534
13,4033.9227944581853
14,4033.9227943970914
15,4033.92279440973
16,4033.9744104069787
17,4033.9744104206393
18,4033.922794471159
19,4033.9744104186284
20,4033.9227944971603
