Run,Cost
1,4039.7852091880586
2,4039.836825136438
3,4039.7852091755494
4,4039.7852091614977
5,4039.7852091806876
6,4039.785209206502
7,4039.836825134837
8,4039.785209213931
9,4039.785209150285
10,4039.7852091378677
11,4039.7852092067706
12,4039.785209195047
13,4039.836825144971
14,4039.8368251804245
15,4039.785209126003
16,4039.8368251240245
17,4039.8368251988104
18,4039.7852092237877
19,4039.7852091657373
20,4039.8368251653146
