Run,Cost
1,1898.5617318623868
2,1898.5617318456784
3,1898.5617318226127
4,1898.5617318205166
5,1898.5617317987326
6,1898.5617318494897
7,1898.561731828283
8,1898.5617318442762
9,1898.5617318411526
10,1898.5617318256222
11,1898.5617318346488
12,1898.5617318288653
13,1898.5617318590635
14,1898.561731817271
15,1898.561731788202
16,1898.561731843036
17,1898.5617318370569
18,1898.561731827036
19,1898.5617318510147
20,1898.5617318414243
