Run,Cost
1,9979.952192944851
2,9979.952192920353
3,9979.952192910852
4,9979.952192964975
5,9979.9521928631
6,9979.952192993836
7,9979.952192966462
8,9979.952192934805
9,9979.952192893803
10,9979.952192847219
11,9979.952192988234
12,9979.952192884364
13,9979.952192939605
14,9979.952192927063
15,9979.952193009758
16,9979.952192963628
17,9979.952192934568
18,9979.952192958748
19,9979.952192976703
20,9979.952192940815
