Run,Cost
1,9979.852777003303
2,9979.852776891206
3,9980.030973542172
4,9980.030973532072
5,9980.030973494699
6,9979.852777049973
7,9979.852777000624
8,9979.852777001328
9,9979.852776951016
10,9980.030973515253
11,9979.852776954847
12,9979.852777045602
13,9979.852776935171
14,9979.852776898177
15,9979.852776994565
16,9980.030973600124
17,9979.852776981483
18,9979.852776984784
19,9980.030973490258
20,9980.03097358069
