Run,Cost
1,1894.8862466854453
2,1894.8862466899195
3,1894.8862466722605
4,1894.8862466711325
5,1894.8862466988699
6,1894.88624665588
7,1894.8862466867072
8,1894.8862466844128
9,1894.886246719707
10,1894.8862466899193
11,1894.8862467312788
12,1894.8862466710698
13,1894.8862466855812
14,1894.8862466993187
15,1894.8862466952994
16,1894.8862466840023
17,1894.8862466876997
18,1894.886246667117
19,1894.886246699046
20,1894.8862466866358
