Run,Cost
1,5065.391637739408
2,5065.391637689046
3,5065.391637748776
4,5065.391637690302
5,5065.391637706331
6,5065.391637729123
7,5065.391637702677
8,5065.39163773414
9,5065.391637727248
10,5065.391637736337
11,5065.391637729763
12,5065.391637733392
13,5065.391637712788
14,5065.391637706408
15,5065.391637712608
16,5065.391637692502
17,5065.391637681193
18,5065.391637741027
19,5065.391637699115
20,5065.391637740326
