Run,Cost
1,5064.780108018485
2,5064.780108018331
3,5064.780108035053
4,5064.780107955439
5,5064.780108000373
6,5064.780107988841
7,5064.780108012672
8,5064.7801080091485
9,5064.780108052542
10,5064.780108049826
11,5064.780108008247
12,5064.780107996756
13,5064.780108054274
14,5064.780107988313
15,5064.780108025293
16,5064.7801079803485
17,5064.780108006146
18,5064.78010797791
19,5064.780108006421
20,5064.780108018773
