Run,Cost
1,7409.570348034227
2,7409.219091521383
3,7409.219091477842
4,7405.070568262522
5,7409.219091460595
6,7409.219091402132
7,7404.719311665878
8,7409.570348089654
9,7404.7193116775725
10,7404.719311653057
11,7405.070568242757
12,7405.0705682845
13,7404.719311682501
14,7405.070568352267
15,7405.070568278236
16,7405.070568270323
17,7409.570348133513
18,7405.070568334658
19,7404.719311710893
20,7404.719311736047
