Run,Cost
1,10974.957994921502
2,10973.980065527296
3,10974.957994997074
4,10973.980065456231
5,10973.98006557059
6,10973.980065566526
7,10973.980065519656
8,10973.980065522914
9,10973.980065632368
10,10974.957994839007
11,10973.980065616703
12,10973.98006551671
13,10973.980065675694
14,10973.980065495547
15,10973.980065578393
16,10973.980065663633
17,10973.980065523856
18,10973.980065552774
19,10973.980065525753
20,10973.980065529431
