Run,Cost
1,4242.6241662741395
2,4242.624166294393
3,4242.624166287147
4,4242.624166280819
5,4242.624166264176
6,4242.624166259924
7,4242.62416622771
8,4242.624166231971
9,4242.624166267541
10,4242.624166326373
11,4242.624166282523
12,4242.6241662676175
13,4242.624166237625
14,4242.624166242069
15,4242.624166304588
16,4242.62416625617
17,4242.624166238944
18,4242.624166249003
19,4242.624166250822
20,4242.624166246249
