Run,Cost
1,4245.733060998649
2,4246.014830518522
3,4246.014830554621
4,4246.014830542136
5,4246.014830492415
6,4245.733060997559
7,4246.014830538416
8,4246.0148305389575
9,4246.014830551646
10,4246.014830578047
11,4245.733060998877
12,4246.014830546668
13,4245.733061011245
14,4246.014830568534
15,4246.014830584494
16,4245.7330610122335
17,4246.01483053643
18,4245.733061020602
19,4246.01483050277
20,4246.014830524792
