Run,Cost
1,1524.2360857428594
2,1524.2360857253275
3,1524.236085756954
4,1524.2360857349886
5,1524.2360857153365
6,1524.2360857248689
7,1524.236085730112
8,1524.2360857452982
9,1524.236085752654
10,1524.2360857745891
11,1524.2360857189767
12,1524.23608575151
13,1524.236085753375
14,1524.236085742918
15,1524.2360857641759
16,1524.2360857661533
17,1524.2360857351225
18,1524.2360857284702
19,1524.2360857516148
20,1524.236085739629
