Run,Cost
1,1521.3483267103247
2,1521.2022956736773
3,1521.3483267153076
4,1521.650741747438
5,1521.6507417879297
6,1521.202295712135
7,1521.2022956867777
8,1521.2022957173924
9,1521.796772768555
10,1521.2022956795486
11,1521.6507417368225
12,1521.3483267103381
13,1521.650741748906
14,1521.2022956697526
15,1521.7967727853495
16,1521.650741741415
17,1521.2022956656324
18,1521.7967727638186
19,1521.6507417420175
20,1521.7967727461298
