Run,Cost
1,5027.909243452925
2,5027.909243370303
3,5027.480272084638
4,5027.909243418198
5,5027.48027200953
6,5027.909243408
7,5027.909243408878
8,5027.4802720868265
9,5027.9092434072145
10,5027.909243375736
11,5027.909243387113
12,5027.909243393972
13,5027.480272142757
14,5027.480272056174
15,5027.909243407199
16,5027.909243354726
17,5027.480272069232
18,5027.909243374241
19,5027.480272047872
20,5027.909243451714
