Run,Cost
1,5027.281679453205
2,5027.28167956745
3,5027.281679463326
4,5027.2816795144045
5,5027.281679546354
6,5027.28167946497
7,5027.281679516779
8,5027.281679467634
9,5027.281679566705
10,5027.281679497823
11,5027.281679500109
12,5027.281679529929
13,5027.281679524359
14,5027.2816794670025
15,5027.2816794915325
16,5027.28167950064
17,5027.281679516144
18,5027.2816795207655
19,5027.281679464256
20,5027.281679506506
