Run,Cost
1,686.7255390490077
2,686.7255390455076
3,686.7255390557901
4,686.7255390642356
5,686.7255390415521
6,686.7255390591672
7,686.7255390774633
8,686.7255390497207
9,686.7255390388705
10,686.7255390438536
11,686.7255390558902
12,686.7255390616075
13,686.7255390480344
14,686.7255390633054
15,686.7255390570098
16,686.725539058814
17,686.7255390605119
18,686.7255390559855
19,686.7255390561996
20,686.7255390435477
