Run,Cost
1,686.4312148996245
2,686.4312149249168
3,686.4312149249724
4,686.4312149244108
5,686.431214922669
6,686.4312149327461
7,686.4312149381446
8,686.4312149210456
9,686.4312148994796
10,686.4312149202298
11,686.4312149286213
12,686.4312149286195
13,686.4312149150435
14,686.4312149347018
15,686.4312148916129
16,686.431214918031
17,686.431214927197
18,686.431214916378
19,686.4312149213947
20,686.4312149068442
