Run,Cost
1,4648.929322709131
2,4648.929322649996
3,4647.189562774711
4,4648.929322711044
5,4648.929322714247
6,4648.929322675904
7,4647.189562812831
8,4647.189562818345
9,4647.189562786984
10,4648.929322633877
11,4647.189562770335
12,4647.189562817067
13,4647.189562829242
14,4648.929322650229
15,4647.189562782125
16,4647.189562785572
17,4647.189562795517
18,4648.929322722544
19,4648.929322656125
20,4647.189562821468
