Run,Cost
1,4653.870076705527
2,4653.870076757462
3,4653.8700767461605
4,4653.870076728033
5,4653.870076725461
6,4653.870076814059
7,4653.870076720912
8,4653.870076766327
9,4653.870076773023
10,4653.87007674366
11,4653.870076781594
12,4653.870076753
13,4653.870076696494
14,4653.870076757146
15,4653.870076731962
16,4653.870076717546
17,4653.870076801228
18,4653.870076719245
19,4653.870076711565
20,4653.870076670193
