Run,Cost
1,7248.445295934635
2,7248.445295943256
3,7248.44529597578
4,7248.445295902917
5,7248.445295932727
6,7248.445295967133
7,7248.445295955593
8,7248.445295920479
9,7248.445295943048
10,7248.445295948731
11,7248.44529593104
12,7248.4452959249365
13,7248.445295929392
14,7248.4452959622695
15,7248.44529594593
16,7248.445295925596
17,7248.445295930366
18,7248.445295923593
19,7248.445295948791
20,7248.445295925605
