Run,Cost
1,7242.601392953507
2,7242.601392964297
3,7248.001734570046
4,7248.00173455156
5,7242.601392962426
6,7242.601392998591
7,7248.001734549468
8,7242.601392974456
9,7248.001734577575
10,7242.601393019278
11,7248.001734638021
12,7248.001734574439
13,7248.001734569555
14,7248.001734532727
15,7242.601393059485
16,7248.001734600696
17,7248.001734625265
18,7242.601392947199
19,7242.601392952215
20,7242.601392990723
