Run,Cost
1,1890.3336425706298
2,1890.3336425830273
3,1890.3336425672246
4,1890.333642581747
5,1890.3336425697262
6,1890.3336425787652
7,1890.3336425898472
8,1890.3336425649297
9,1890.3336425604111
10,1890.3336425794419
11,1890.333642525721
12,1890.3336425813006
13,1890.3336425620716
14,1890.3336425565374
15,1890.3336425457421
16,1890.3336425647196
17,1890.333642549205
18,1890.3336425641808
19,1890.3336425854263
20,1890.3336425820266
