Run,Cost
1,1884.1288896626081
2,1886.1279083437335
3,1886.1279083365491
4,1888.3346238635054
5,1886.127908326516
6,1890.3336425486773
7,1888.3346238832212
8,1886.12790833303
9,1888.3346238827985
10,1886.127908342218
11,1888.3346238763136
12,1884.1288896396902
13,1886.1279083287825
14,1888.3346238684596
15,1886.1279083429868
16,1888.3346238733484
17,1886.1279083613301
18,1890.3336425588673
19,1888.3346239011698
20,1884.1288896445087
