Run,Cost
1,2888.1119519306203
2,2888.1119520168445
3,2888.1119520130896
4,2888.111951977042
5,2888.11195195059
6,2888.111951979082
7,2888.111951998049
8,2888.111951961987
9,2888.111951961625
10,2888.1119519718163
11,2888.1119519523213
12,2888.1119519661765
13,2888.1119519379286
14,2888.1119519406902
15,2888.111951915032
16,2888.111951960243
17,2888.111951973053
18,2888.111951956389
19,2888.1119519527692
20,2888.1119519806284
