Run,Cost
1,2888.8326692023616
2,2888.832669209476
3,2888.832669171932
4,2888.832669200827
5,2888.83266921063
6,2888.832669224877
7,2888.832669212376
8,2888.8326692151163
9,2888.8326692079554
10,2888.832669246749
11,2888.832669194512
12,2888.8326692204037
13,2888.8326692189444
14,2888.832669206146
15,2888.8326692400383
16,2888.8326692236797
17,2888.832669226025
18,2888.832669215185
19,2888.832669209433
20,2888.8326691914194
