Run,Cost
1,5044.878353490343
2,5044.878353403209
3,5044.878353388094
4,5044.878353459456
5,5044.878353461533
6,5044.878353413086
7,5044.87835346146
8,5044.878353455688
9,5044.878353468189
10,5044.878353436697
11,5044.878353407316
12,5044.878353408499
13,5044.878353414978
14,5044.878353420446
15,5044.87835343981
16,5044.878353429958
17,5044.878353443606
18,5044.878353442942
19,5044.878353441422
20,5044.878353451648
