Run,Cost
1,5045.4771911353455
2,5044.641261016145
3,5044.641261017804
4,5044.641261000654
5,5045.4771911433245
6,5044.641261044957
7,5044.641261025268
8,5045.4771911928565
9,5044.641261048344
10,5044.641261057817
11,5044.641261029393
12,5045.477191177939
13,5044.641261019487
14,5044.641261036312
15,5045.477191165735
16,5045.477191179376
17,5044.641260988178
18,5045.4771911894695
19,5045.477191167468
20,5044.641261047481
