Run,Cost
1,2906.6228302050317
2,2906.6228302341306
3,2906.6228302115537
4,2906.6228301982915
5,2906.6228302098043
6,2906.6228301376714
7,2906.6228301725
8,2906.6228302154477
9,2906.6228302212953
10,2906.622830222186
11,2906.6228302260524
12,2906.6228302384648
13,2906.6228301932165
14,2906.622830212073
15,2906.622830229907
16,2906.6228302325344
17,2906.6228301729575
18,2906.6228302134655
19,2906.6228302252975
20,2906.622830213148
