Run,Cost
1,2907.587019934638
2,2907.5870199289893
3,2907.5870199178976
4,2907.5870199485394
5,2907.587019963602
6,2907.5870199122683
7,2907.5870199195456
8,2907.5870199428937
9,2907.587019934911
10,2907.5870198998887
11,2907.587019920279
12,2907.587019960444
13,2907.587019903861
14,2907.587019947019
15,2907.5870199363144
16,2907.5870199001906
17,2907.587019965018
18,2907.5870199061014
19,2907.5870199268666
20,2907.5870199370966
