Run,Cost
1,2759.8990047865154
2,2759.8990047357042
3,2759.844519930212
4,2759.899004757442
5,2759.8445199274215
6,2759.8990047494235
7,2759.844519988263
8,2759.8445199315906
9,2759.8445198958907
10,2759.8990047635575
11,2759.8445199321873
12,2759.8990047855236
13,2759.844519930414
14,2759.844519927576
15,2759.844519920876
16,2759.8445199497583
17,2759.8445199474113
18,2759.84451992905
19,2759.8990047590896
20,2759.8990047450843
