Run,Cost
1,2757.801336096971
2,2757.8013360713794
3,2757.746851243904
4,2757.801336069315
5,2757.746851287913
6,2757.8013360893924
7,2757.7468512723503
8,2757.7468512137707
9,2757.8013361003204
10,2757.8013360831096
11,2757.746851266453
12,2757.7468512222713
13,2757.801336119891
14,2757.7468512519895
15,2757.7468512401047
16,2757.746851276729
17,2757.746851245494
18,2757.8013360734794
19,2757.7468512532687
20,2757.7468512502637
