Run,Cost
1,7262.693717713635
2,7262.945718708671
3,7262.693717733617
4,7262.693717719613
5,7262.693717694502
6,7262.693717604445
7,7262.693717677262
8,7262.6937177127675
9,7262.693717673229
10,7262.945718660129
11,7262.693717789859
12,7262.693717702035
13,7262.693717707127
14,7262.693717666235
15,7262.693717707546
16,7262.945718708214
17,7262.693717671389
18,7262.945718633903
19,7262.6937176014935
20,7262.693717645526
