Run,Cost
1,7280.066250176599
2,7280.066250231841
3,7280.06625020795
4,7280.066250169895
5,7280.066250222651
6,7280.06625012573
7,7280.066250188999
8,7280.066250209934
9,7280.066250152038
10,7280.066250167344
11,7280.066250155132
12,7280.066250192376
13,7280.066250160755
14,7280.066250206221
15,7280.066250211139
16,7280.066250104936
17,7280.066250198518
18,7280.066250109606
19,7280.066250167514
20,7280.06625010686
