Run,Cost
1,2277.6263853579603
2,2277.6263853503206
3,2277.6263853446308
4,2277.626385329965
5,2277.6263853527516
6,2277.6263853536625
7,2277.6263853265723
8,2277.626385319152
9,2277.6263853291803
10,2277.626385356794
11,2277.626385335947
12,2277.62638532457
13,2277.6263853141895
14,2277.6263853330242
15,2277.626385348123
16,2277.626385383306
17,2277.626385366015
18,2277.626385358555
19,2277.6263853530245
20,2277.626385335401
