Run,Cost
1,2276.2511700402806
2,2276.2511699844185
3,2276.251170020205
4,2276.251169966576
5,2276.251170040948
6,2276.2511700507434
7,2276.2511700148275
8,2276.2511700162077
9,2276.2511700244754
10,2276.251170017003
11,2276.251169991672
12,2276.2511700310833
13,2276.2511700393834
14,2276.251170075026
15,2276.2511700198174
16,2276.2511700397886
17,2276.2511700389264
18,2276.25117000342
19,2276.251170046033
20,2276.2511700381556
