Run,Cost
1,6571.655499699022
2,6571.655499664501
3,6571.655499629215
4,6571.655499579031
5,6571.655499608456
6,6571.655499603116
7,6571.655499625163
8,6571.655499603933
9,6571.655499652953
10,6571.655499667922
11,6571.65549961059
12,6571.655499581057
13,6571.6554996299155
14,6571.655499585026
15,6571.655499640525
16,6571.6554996210225
17,6571.655499619054
18,6571.65549959273
19,6571.655499656186
20,6571.655499588904
