Run,Cost
1,6572.27910713526
2,6572.279107151972
3,6572.279107149995
4,6572.279107199332
5,6572.279107154109
6,6572.27910717274
7,6572.279107168753
8,6572.279107163962
9,6572.27910719185
10,6572.27910716974
11,6572.27910716586
12,6572.279107160669
13,6572.279107170667
14,6572.279107171546
15,6572.279107156611
16,6572.279107131757
17,6572.279107163113
18,6572.279107220874
19,6572.279107148834
20,6572.279107205033
