Run,Cost
1,7922.416774180548
2,7922.416774109691
3,7922.416774128179
4,7922.416774181214
5,7922.416774106191
6,7922.416774093827
7,7922.416774173135
8,7922.416774171163
9,7922.4167741383435
10,7922.416774051752
11,7922.416774132372
12,7922.416774114537
13,7922.416774127801
14,7922.416774119902
15,7922.416774100761
16,7922.416774164756
17,7922.416774123273
18,7922.416774092997
19,7922.416774114913
20,7922.416774069393
