Run,Cost
1,7935.355800698896
2,7935.355800670819
3,7935.355800588757
4,7935.355800622773
5,7935.355800659546
6,7935.355800602286
7,7935.355800648035
8,7935.355800663424
9,7935.355800680388
10,7935.355800630926
11,7935.355800624956
12,7935.355800541093
13,7935.355800627861
14,7935.355800580509
15,7935.355800605536
16,7935.355800630339
17,7935.355800620767
18,7935.355800663556
19,7935.35580057429
20,7935.355800574195
