Run,Cost
1,3203.520201541362
2,3203.52020155322
3,3203.5202015672194
4,3203.5202016054586
5,3203.5202015657956
6,3203.5202015596483
7,3203.5202015527507
8,3203.5202015561067
9,3203.520201522727
10,3203.5202015451014
11,3203.5202015422524
12,3203.520201548411
13,3203.5202015778123
14,3203.5202015603877
15,3203.5202015372365
16,3203.520201610281
17,3203.520201557261
18,3203.5202015842947
19,3203.520201574223
20,3203.5202016108788
