Run,Cost
1,3195.3090382786713
2,3195.309038321167
3,3195.309038291987
4,3195.3090383195677
5,3195.309038361143
6,3195.3090383273957
7,3195.3090383456642
8,3195.3090383338917
9,3195.309038311409
10,3195.309038327682
11,3195.309038307543
12,3195.309038341552
13,3195.3090383092913
14,3195.309038331137
15,3195.309038319094
16,3195.309038342177
17,3195.30903832801
18,3195.3090382867763
19,3195.3090382932237
20,3195.3090383388244
