Run,Cost
1,1627.8303390891642
2,1627.8303391185507
3,1627.8303391027057
4,1627.8303391328575
5,1627.830339102909
6,1627.8303391057389
7,1627.8303391241043
8,1627.830339123256
9,1627.8303391135134
10,1627.830339105175
11,1627.8303391042423
12,1627.8303391015318
13,1627.8303391384986
14,1627.8303390914664
15,1627.8303391057425
16,1627.8303391194195
17,1627.8303391232766
18,1627.830339107832
19,1627.8303391399922
20,1627.8303391119139
