Run,Cost
1,1628.7610070995645
2,1628.761007111833
3,1628.7610071260426
4,1628.7610070994845
5,1628.7610071083263
6,1628.7610071021452
7,1628.7610071178126
8,1628.7610071095926
9,1628.7610071212068
10,1628.7610071224776
11,1628.7610070957558
12,1628.761007123528
13,1628.7610071093454
14,1628.7610071109298
15,1628.761007126102
16,1628.7610071208062
17,1628.761007117924
18,1628.7610071532818
19,1628.7610071140268
20,1628.7610071232289
