Run,Cost
1,6012.3325822509505
2,6011.775048889474
3,6012.332582225924
4,6011.775048901088
5,6011.775048856531
6,6011.7750488064885
7,6011.775048855433
8,6011.775048870219
9,6012.332582250149
10,6012.332582271703
11,6011.775048883555
12,6011.775048907416
13,6011.775048808823
14,6011.775048829928
15,6011.775048866449
16,6011.775048904189
17,6012.332582270604
18,6012.332582336942
19,6012.3325823310715
20,6011.775048876817
