Run,Cost
1,6020.700958664241
2,6020.7009586619315
3,6020.700958660632
4,6020.70095866936
5,6020.700958694797
6,6020.700958677087
7,6021.201389433985
8,6021.2013894259635
9,6020.700958627935
10,6020.700958635288
11,6021.201389396181
12,6020.700958688024
13,6020.700958631202
14,6021.201389345404
15,6020.700958684763
16,6021.201389348543
17,6021.201389362027
18,6020.70095860221
19,6021.201389356773
20,6020.700958650787
