Run,Cost
1,5226.545114038215
2,5226.545113949478
3,5226.545113998284
4,5227.120161130097
5,5227.120161159747
6,5226.545114047582
7,5227.120161126071
8,5227.120161204557
9,5227.120161180103
10,5226.545114060409
11,5226.545113990992
12,5226.545114024688
13,5227.120161216757
14,5227.120161183819
15,5227.120161158301
16,5227.120161146239
17,5226.545113998357
18,5226.545113996318
19,5226.545114015099
20,5226.545114026773
