Run,Cost
1,1804.447075168977
2,1804.4470751694914
3,1804.447075169155
4,1804.4470751800861
5,1804.4470751413644
6,1804.447075113828
7,1804.447075127034
8,1804.4470751672916
9,1804.4470751752071
10,1804.44707515967
11,1804.4470751427818
12,1804.4470751665378
13,1804.4470751495423
14,1804.447075143796
15,1804.4470751864544
16,1804.447075134547
17,1804.4470751379597
18,1804.447075149221
19,1804.447075143247
20,1804.4470751783913
