Run,Cost
1,5235.62632226926
2,5236.201369438382
3,5236.201369368984
4,5235.626322240691
5,5235.6263222455145
6,5235.626322197725
7,5236.201369456976
8,5235.626322287761
9,5236.20136933933
10,5235.6263222732805
11,5236.201369419137
12,5236.2013693985455
13,5236.2013693478375
14,5236.201369443589
15,5235.626322261232
16,5235.626322238124
17,5235.626322233667
18,5235.626322282461
19,5236.201369388626
20,5235.626322209739
