Run,Cost
1,1804.3237364096253
2,1804.3237364647196
3,1804.3237364785182
4,1804.3237364422255
5,1804.3237364490046
6,1804.3237364663814
7,1804.3237364625927
8,1804.3237364624092
9,1804.323736446157
10,1804.3237364662916
11,1804.323736487247
12,1804.3237364406027
13,1804.3237364664117
14,1804.3237364397921
15,1804.3237364408837
16,1804.3237364700433
17,1804.3237364557956
18,1804.3237364649517
19,1804.3237364609045
20,1804.3237364641936
