Run,Cost
1,2011.1767192648333
2,2011.1767192838283
3,2011.1767192612294
4,2011.1767192941898
5,2011.1767192932207
6,2011.1767192889513
7,2011.176719279633
8,2011.1767192539733
9,2011.1767192899092
10,2011.176719282612
11,2011.1767192952832
12,2011.1767192818752
13,2011.1767192715295
14,2011.1767192811274
15,2011.1767193267867
16,2011.1767192853856
17,2011.1767192719446
18,2011.176719276563
19,2011.1767193054102
20,2011.1767192818897
