Run,Cost
1,2010.6441211714766
2,2010.644121138772
3,2010.6441211895988
4,2010.644121158813
5,2010.6441211814936
6,2010.6441212036198
7,2010.64412118524
8,2010.644121178665
9,2010.6441211721624
10,2010.6441211691358
11,2010.644121188057
12,2010.644121179895
13,2010.644121183508
14,2010.6441211678618
15,2010.6441211533383
16,2010.6441211680274
17,2010.644121196192
18,2010.6441211770568
19,2010.644121162426
20,2010.6441211452898
