Run,Cost
1,3768.3736107857285
2,3768.3736107906457
3,3768.373610758921
4,3768.3736107308596
5,3768.373610811593
6,3768.3736107924
7,3768.373610813605
8,3768.373610765329
9,3768.373610822168
10,3768.3736107415834
11,3768.373610784472
12,3768.373610783148
13,3768.3736107614295
14,3768.3736107518653
15,3768.3736107588616
16,3768.373610808922
17,3768.373610778818
18,3768.373610777273
19,3768.373610761594
20,3768.3736107603286
