Run,Cost
1,3766.2277396786953
2,3766.227739660664
3,3766.2277396383847
4,3766.2277396602144
5,3766.227739646003
6,3766.227739641864
7,3766.2277396652325
8,3766.227739659372
9,3766.2277396505215
10,3766.227739646159
11,3766.227739673602
12,3766.2277396830805
13,3766.2277396492473
14,3766.2277396352943
15,3766.227739702557
16,3766.2277396443997
17,3766.227739606398
18,3766.2277396411628
19,3766.2277396924837
20,3766.2277396686227
