Run,Cost
1,6770.400421892963
2,6770.400421921648
3,6770.400421837695
4,6770.400421910372
5,6770.400421881072
6,6770.400421819364
7,6770.400421883174
8,6770.4004219729295
9,6770.400421837875
10,6770.40042186618
11,6770.400421915544
12,6770.4004218852315
13,6770.400421911454
14,6770.400421888901
15,6770.400421923993
16,6770.400421941946
17,6770.400421897407
18,6770.400421909767
19,6770.400421950818
20,6770.40042189551
