Run,Cost
1,6763.405269442337
2,6762.718405395451
3,6762.718405338126
4,6762.718405342511
5,6763.40526934544
6,6763.405269401885
7,6762.718405311193
8,6762.718405336054
9,6763.405269371887
10,6762.718405320168
11,6762.718405369312
12,6762.718405345802
13,6762.718405402268
14,6763.405269385848
15,6762.718405361774
16,6762.718405336807
17,6763.405269423944
18,6763.405269391259
19,6762.718405307666
20,6762.718405368587
