Run,Cost
1,12682.048973371622
2,12682.048973350993
3,12682.048973341114
4,12682.048973317449
5,12682.04897338004
6,12682.04897325495
7,12682.048973321744
8,12682.048973309384
9,12682.048973315395
10,12682.048973400399
11,12682.048973306604
12,12682.048973376073
13,12682.048973332332
14,12682.048973368486
15,12682.048973399025
16,12682.04897336472
17,12682.048973388059
18,12682.048973175992
19,12682.048973357189
20,12682.048973276136
