Run,Cost
1,12685.103675492437
2,12685.103675526443
3,12685.103675498445
4,12685.103675525144
5,12685.10367562151
6,12685.10367552114
7,12685.103675498125
8,12685.103675504144
9,12685.103675497156
10,12685.103675556442
11,12685.103675577599
12,12685.103675552633
13,12685.10367555883
14,12685.1036756659
15,12685.103675534798
16,12685.103675606004
17,12685.103675583343
18,12685.103675571298
19,12685.103675571412
20,12685.103675525923
