Run,Cost
1,5130.903863280131
2,5130.903863315906
3,5130.903863361183
4,5130.903863359395
5,5130.903863336607
6,5130.90386339423
7,5130.903863376829
8,5130.9038633507525
9,5130.903863374263
10,5130.903863320779
11,5130.903863317929
12,5130.903863319274
13,5130.903863364316
14,5130.903863370506
15,5130.903863348557
16,5130.903863369651
17,5130.903863357734
18,5130.903863383224
19,5130.903863366724
20,5130.9038633439
