Run,Cost
1,5136.9210904364545
2,5136.921090449432
3,5136.921090394673
4,5136.921090424539
5,5136.921090409287
6,5136.921090376743
7,5136.921090397957
8,5136.921090420546
9,5136.921090413702
10,5136.921090418863
11,5136.921090446687
12,5136.921090374257
13,5136.9210904440715
14,5136.92109043656
15,5136.921090362996
16,5136.92109042887
17,5136.921090387988
18,5136.921090384382
19,5136.92109042575
20,5136.9210904784
