Run,Cost
1,3143.2988226555667
2,3143.29882262086
3,3143.2988226391203
4,3143.2988226060907
5,3143.298822625427
6,3143.298822652556
7,3143.2988226588964
8,3143.298822623131
9,3143.2988226562293
10,3143.29882264228
11,3143.2988226525717
12,3143.2988226200987
13,3143.298822684127
14,3143.298822642534
15,3143.2988226212997
16,3143.298822644412
17,3143.2988226424836
18,3143.2988226392195
19,3143.2988226719167
20,3143.2988226793796
