Run,Cost
1,3147.9456984901585
2,3144.084421184257
3,3144.0844211552762
4,3147.807247533353
5,3147.8072474785145
6,3144.2228721776305
7,3144.084421212647
8,3147.8072475328636
9,3147.8072475251965
10,3144.222872192397
11,3144.2228721655338
12,3147.8072475389513
13,3147.9456984803537
14,3144.084421202578
15,3144.2228721339798
16,3144.2228721688016
17,3147.945698454678
18,3147.807247562897
19,3147.94569851093
20,3144.084421212985
