Run,Cost
1,3385.55087644736
2,3385.032649366074
3,3385.550876422465
4,3385.5508763733974
5,3385.0326493517587
6,3385.032649366395
7,3385.550876434396
8,3385.0326493709345
9,3385.5508763685234
10,3385.550876404189
11,3385.0326493122175
12,3385.032649333934
13,3385.0326493435664
14,3385.032649299273
15,3385.0326493082844
16,3385.550876418725
17,3385.0326493616044
18,3385.0326493590505
19,3385.5508764223996
20,3385.0326493620187
