Run,Cost
1,3388.142728250457
2,3388.1427282877926
3,3388.142728271329
4,3388.1427282388086
5,3388.142728259748
6,3388.142728219513
7,3388.1427282207887
8,3388.1427282795726
9,3388.142728260287
10,3388.142728228373
11,3388.1427282317595
12,3388.142728295755
13,3388.142728254779
14,3388.1427282247373
15,3388.1427282356885
16,3388.1427282700274
17,3388.1427281931847
18,3388.1427282503364
19,3388.142728212803
20,3388.142728234187
