Run,Cost
1,1497.2807491032345
2,1497.2807490894113
3,1497.2807491188648
4,1497.2807491324454
5,1497.2807491050455
6,1497.2807491061485
7,1497.2807491204455
8,1497.2807491034503
9,1497.2807490994262
10,1497.2807491481183
11,1497.2807490916741
12,1497.2807491197145
13,1497.2807491318986
14,1497.2807491326548
15,1497.2807491077099
16,1497.2807491207388
17,1497.280749147577
18,1497.2807491241808
19,1497.2807490980704
20,1497.2807491398623
