Run,Cost
1,1893.8438647317291
2,1893.843864744061
3,1893.8438647581672
4,1893.8438647865617
5,1893.8438647426567
6,1893.8438647725955
7,1893.8438647461317
8,1893.843864719724
9,1893.8438647571809
10,1893.8438647271662
11,1893.8438647203814
12,1893.8438647697567
13,1893.8438647203157
14,1893.8438647231953
15,1893.8438647267062
16,1893.8438647354556
17,1893.8438647615071
18,1893.8438647339585
19,1893.8438647566643
20,1893.8438647542514
