Run,Cost
1,1893.3329926865265
2,1893.3329926809145
3,1893.3329926695485
4,1893.3329926754773
5,1893.3329926513588
6,1893.332992593522
7,1893.3329926698002
8,1893.3329926653885
9,1893.332992697651
10,1893.3329926681436
11,1893.332992665104
12,1893.3329926757601
13,1893.3329926572194
14,1893.3329926684198
15,1893.3329926842134
16,1893.3329926814856
17,1893.3329926687572
18,1893.3329926892616
19,1893.3329926500805
20,1893.332992683451
