Run,Cost
1,2301.470145480038
2,2301.470145524083
3,2301.470145496015
4,2301.4701455112713
5,2301.470145486598
6,2301.4701454775186
7,2301.470145484916
8,2301.470145527932
9,2301.47014549017
10,2301.470145472965
11,2301.4701455456334
12,2301.4701455037975
13,2301.470145507962
14,2301.470145528555
15,2301.470145533375
16,2301.470145512389
17,2301.4701454984206
18,2301.4701455177888
19,2301.470145559849
20,2301.4701455468753
