Run,Cost
1,2301.470145498995
2,2301.4701455028394
3,2301.47014549015
4,2301.4701455083978
5,2301.470145505051
6,2301.4701455181016
7,2301.4701455217296
8,2301.4701455018603
9,2301.470145519349
10,2301.4701454962747
11,2301.470145517814
12,2301.4701454791843
13,2301.4701454931956
14,2301.470145528257
15,2301.4701455015315
16,2301.470145538692
17,2301.4701454988003
18,2301.470145524461
19,2301.470145517118
20,2301.4701455293857
