Run,Cost
1,6640.8416468313735
2,6640.8416468760615
3,6640.841646857664
4,6640.841646762521
5,6640.841646827444
6,6640.841646820513
7,6640.84164685097
8,6640.841646845717
9,6640.841646905285
10,6640.84164678322
11,6640.841646818733
12,6640.841646792235
13,6640.841646779239
14,6640.841646800118
15,6640.841646823912
16,6640.841646860338
17,6640.841646800522
18,6640.841646845729
19,6640.841646845477
20,6640.841646804874
