Run,Cost
1,8597.204132169429
2,8597.204132069503
3,8597.204132086716
4,8597.20413210764
5,8597.204132192252
6,8597.204132167877
7,8597.204132193872
8,8597.20413220277
9,8597.204132162213
10,8597.204132110415
11,8597.20413213731
12,8597.204132185949
13,8597.20413208912
14,8597.20413215704
15,8597.204132155402
16,8597.204132234436
17,8597.204132156097
18,8597.204132126
19,8597.204132180632
20,8597.204132162315
