Run,Cost
1,8589.470519220748
2,8587.740148250019
3,8587.740148168825
4,8587.740148140525
5,8587.74014812786
6,8589.470519205193
7,8589.470519216493
8,8589.470519109012
9,8589.470519258724
10,8589.47051924434
11,8589.470519141423
12,8587.740148191047
13,8587.74014823815
14,8589.470519187249
15,8587.740148257013
16,8587.74014812169
17,8587.740148174604
18,8589.470519178134
19,8587.740148170908
20,8587.740148180776
