Run,Cost
1,6622.361962726737
2,6622.361962798672
3,6622.361962769808
4,6622.361962748896
5,6622.361962750257
6,6622.361962789234
7,6622.361962772242
8,6622.361962746942
9,6622.361962710358
10,6622.361962790446
11,6622.36196272336
12,6622.361962771656
13,6622.361962735916
14,6622.361962747603
15,6622.361962675448
16,6622.361962730247
17,6622.361962767834
18,6622.361962700916
19,6622.361962720075
20,6622.361962754863
