Run,Cost
1,5067.195051933667
2,5067.195051973919
3,5067.195051902992
4,5067.195051962967
5,5067.1950519156235
6,5067.195051870062
7,5067.195051919259
8,5067.195051963141
9,5067.195051951182
10,5067.195051939829
11,5067.195051929692
12,5067.195051897099
13,5067.1950519068405
14,5067.195051924749
15,5067.195051960273
16,5067.1950519046095
17,5067.195051912757
18,5067.195051904715
19,5067.195051926325
20,5067.195051911678
