Run,Cost
1,5069.406752653999
2,5069.406752680827
3,5069.406752651805
4,5069.406752589921
5,5069.406752677931
6,5069.406752601018
7,5069.406752672622
8,5069.406752656669
9,5069.406752659319
10,5069.40675264397
11,5069.406752716748
12,5069.406752677079
13,5069.4067526423405
14,5069.406752643912
15,5069.4067526336985
16,5069.406752631958
17,5069.406752741874
18,5069.406752687259
19,5069.406752628691
20,5069.406752679037
