Run,Cost
1,335.4262023216087
2,335.42620231485984
3,335.4262023186215
4,335.4262023056649
5,335.4262023026393
6,335.42620230229056
7,335.42620231137516
8,335.4262023239848
9,335.4262023199796
10,335.426202318215
11,335.42620232290415
12,335.4262023102786
13,335.4262023106789
14,335.42620231605366
15,335.42620231280563
16,335.42620230775583
17,335.4262023196127
18,335.4262023108816
19,335.4262023129929
20,335.42620233656714
