Run,Cost
1,335.426202325437
2,335.4262023206058
3,335.42620230612954
4,335.42620232395086
5,335.42620231185117
6,335.42620230660873
7,335.42620232281166
8,335.426202324853
9,335.4262023156912
10,335.42620230848695
11,335.42620231042713
12,335.4262023185681
13,335.42620232507863
14,335.4262023096209
15,335.4262023276349
16,335.4262023253708
17,335.4262023294744
18,335.4262023126806
19,335.4262023254677
20,335.4262023039917
