Run,Cost
1,7833.441538828378
2,7833.4415387766885
3,7831.4679494990005
4,7833.222773587165
5,7832.978576188852
6,7833.441538805449
7,7831.467949525142
8,7833.441538824373
9,7830.786221704584
10,7831.249184313494
11,7833.441538741404
12,7831.249184406806
13,7833.222773570316
14,7833.441538847634
15,7833.441538799871
16,7833.222773670584
17,7830.786221679565
18,7833.441538808081
19,7833.222773635647
20,7832.978576236505
