Run,Cost
1,7836.864528040021
2,7836.864528076815
3,7836.864528096775
4,7836.864527959506
5,7836.864528051027
6,7836.864528044993
7,7836.86452801792
8,7836.8645281328945
9,7836.864528130623
10,7836.8645281002555
11,7836.864528104617
12,7836.864528068845
13,7836.864528131501
14,7836.864528047148
15,7836.864528052276
16,7836.864528027794
17,7836.864528039658
18,7836.864528075643
19,7836.864528031481
20,7836.864528045417
