Run,Cost
1,6613.052450132551
2,6613.052450227596
3,6613.052450230399
4,6613.052450180077
5,6613.05245022776
6,6613.052450141642
7,6613.052450126292
8,6613.052450164499
9,6613.052450205805
10,6613.052450220183
11,6613.052450184578
12,6613.052450280094
13,6613.052450191189
14,6613.052450167249
15,6613.052450259911
16,6613.052450198448
17,6613.052450161016
18,6613.052450163979
19,6613.052450188305
20,6613.05245020247
