Run,Cost
1,3355.3919371513493
2,3354.019583900365
3,3354.019583925056
4,3354.0195839331523
5,3355.3919371700345
6,3354.0195839110834
7,3355.391937170455
8,3354.0195839682456
9,3354.0195839210323
10,3355.3919371546262
11,3355.391937166231
12,3355.39193712705
13,3355.391937172852
14,3355.391937168046
15,3354.0195839044077
16,3354.0195839243625
17,3355.3919371583756
18,3354.019583967853
19,3354.0195838801046
20,3354.0195839056555
