Run,Cost
1,3355.3043870523393
2,3355.30438706237
3,3355.3043870220135
4,3355.304386992184
5,3355.304387024257
6,3355.304387014789
7,3355.3043870328033
8,3355.3043870569995
9,3355.304387039875
10,3355.304387058138
11,3355.304387037071
12,3355.3043870405245
13,3355.3043870275515
14,3355.3043870486554
15,3355.3043870269807
16,3355.304387047843
17,3355.3043870537317
18,3355.304387019831
19,3355.3043870400893
20,3355.3043870441657
