Run,Cost
1,1877.2704914586716
2,1877.2704914484984
3,1877.270491431531
4,1877.2704914407643
5,1877.2704914586361
6,1877.2704914780634
7,1877.2704914282292
8,1877.2704914736764
9,1877.2704914606545
10,1877.2704914091805
11,1877.2704914485387
12,1877.2704914377377
13,1877.270491466908
14,1877.2704914192961
15,1877.270491434248
16,1877.2704914431754
17,1877.2704914544856
18,1877.270491463208
19,1877.2704914799253
20,1877.2704914688222
