Run,Cost
1,9405.203128996074
2,9405.203128929494
3,9405.203128933119
4,9405.203128887524
5,9405.203128896872
6,9405.203128918913
7,9405.203128972076
8,9405.203128964815
9,9405.203128928242
10,9405.203128907833
11,9405.20312893718
12,9405.203128931234
13,9405.203128964735
14,9405.203128944919
15,9405.203128933152
16,9405.203128938982
17,9405.203128986781
18,9405.203128945073
19,9405.203128959278
20,9405.203128951634
