Run,Cost
1,8902.867743120965
2,8902.094822304181
3,8904.923371698442
4,8902.506453081764
5,8904.150450912084
6,8902.506453170003
7,8904.923371721097
8,8902.867743027633
9,8902.867743069954
10,8904.150451022962
11,8904.562081659755
12,8904.150450935353
13,8904.562081693326
14,8902.094822347306
15,8901.733532322398
16,8902.094822272791
17,8902.867742993241
18,8903.78916101386
19,8904.923371664916
20,8902.867743035145
