Run,Cost
1,5985.265058437401
2,5986.026193443275
3,5986.0261934153805
4,5985.265058484063
5,5985.265058466061
6,5985.2650584151115
7,5986.02619340422
8,5985.265058465854
9,5985.265058478726
10,5985.265058416573
11,5985.2650584889325
12,5985.265058509214
13,5985.265058447264
14,5986.026193455468
15,5986.026193362935
16,5986.026193418782
17,5985.2650584690855
18,5986.026193402949
19,5986.02619338425
20,5986.0261934447835
