Run,Cost
1,5988.138728841846
2,5988.138728890635
3,5988.138728862666
4,5988.138728882729
5,5988.138728890227
6,5988.13872885896
7,5988.138728928317
8,5988.138728853397
9,5988.1387288427495
10,5988.1387288903525
11,5988.138728870903
12,5988.138728884095
13,5988.138728861149
14,5988.1387288603255
15,5988.138728933604
16,5988.138728876154
17,5988.138728859662
18,5988.138728809864
19,5988.138728879101
20,5988.138728885688
