Run,Cost
1,4197.26424342283
2,4197.2642433902465
3,4197.264243401334
4,4197.264243410125
5,4197.264243424677
6,4197.26424337389
7,4197.26424332399
8,4197.26424339331
9,4197.264243393987
10,4197.264243382078
11,4197.264243448734
12,4197.264243409956
13,4197.264243380954
14,4197.264243387256
15,4197.264243423066
16,4197.264243373941
17,4197.264243463049
18,4197.26424338523
19,4197.26424342465
20,4197.264243409494
