Run,Cost
1,4195.018890635911
2,4195.018890649903
3,4195.018890674256
4,4195.01889061472
5,4195.018890619289
6,4195.018890704862
7,4195.018890655248
8,4195.018890610592
9,4195.018890681028
10,4195.018890661062
11,4195.018890595321
12,4195.018890677706
13,4195.018890665895
14,4195.018890700476
15,4195.01889061379
16,4195.018890632801
17,4195.0188906220255
18,4195.018890668033
19,4195.018890641539
20,4195.018890711581
