Run,Cost
1,3335.5973662282886
2,3335.597366307073
3,3335.597366317554
4,3335.597366271406
5,3335.5973662803085
6,3335.597366301094
7,3335.597366253039
8,3335.597366269792
9,3335.5973662817337
10,3335.5973663237382
11,3335.5973662881656
12,3335.5973663315945
13,3335.597366270972
14,3335.5973662804895
15,3335.597366294357
16,3335.597366285416
17,3335.5973662750052
18,3335.597366312079
19,3335.597366276119
20,3335.597366290126
