Run,Cost
1,3341.503149211487
2,3341.5031492337753
3,3341.5031492599364
4,3341.5031492251587
5,3341.5031492363987
6,3341.50314923996
7,3341.5031491937298
8,3341.503149191509
9,3341.5031492123653
10,3341.5031492189373
11,3341.5031491892814
12,3341.5031492312546
13,3341.503149197348
14,3341.503149212075
15,3341.5031491776117
16,3341.503149188903
17,3341.503149196452
18,3341.5031492703924
19,3341.5031492342887
20,3341.5031492254134
