Run,Cost
1,13156.518760882616
2,13156.518760866724
3,13156.51876097819
4,13156.518760880786
5,13156.518760907165
6,13156.51876092834
7,13156.51876091606
8,13156.518760905186
9,13156.51876092476
10,13156.518760975645
11,13156.518760932602
12,13156.518760894513
13,13156.518760969067
14,13156.518760910043
15,13156.518760845762
16,13156.51876096496
17,13156.51876087203
18,13156.518760920613
19,13156.51876092235
20,13156.518760957188
