Run,Cost
1,13118.895552873957
2,13118.89555290896
3,13118.895552928307
4,13118.895552863894
5,13118.895552883147
6,13118.895552873979
7,13118.895552920203
8,13118.895552930457
9,13118.895552796961
10,13118.895552950446
11,13118.89555292588
12,13118.89555287398
13,13118.895552914148
14,13118.89555295946
15,13118.895552924569
16,13118.895552849923
17,13118.895552897055
18,13118.89555293605
19,13118.895552873018
20,13118.895552951388
