Run,Cost
1,4619.533349416249
2,4619.533349432755
3,4619.533349429176
4,4619.533349447201
5,4619.533349438359
6,4619.533349430447
7,4619.533349344449
8,4619.533349431811
9,4619.533349460251
10,4619.533349402041
11,4619.533349444808
12,4619.533349473344
13,4619.533349427044
14,4619.533349433235
15,4619.533349436794
16,4619.533349427542
17,4619.533349431315
18,4619.533349400976
19,4619.533349385095
20,4619.533349449866
