Run,Cost
1,4614.695762228899
2,4614.695762243019
3,4614.695762254929
4,4612.977266340609
5,4614.695762226025
6,4614.695762234866
7,4614.6957621895735
8,4614.695762266726
9,4614.695762254837
10,4614.6957622719365
11,4612.977266344301
12,4614.695762269684
13,4614.695762261342
14,4612.977266348472
15,4614.69576223347
16,4614.6957622629325
17,4612.977266308151
18,4614.695762263031
19,4614.695762301268
20,4612.977266317879
