Run,Cost
1,824.7597200599092
2,824.7597200876907
3,824.7597200760467
4,824.759720043743
5,824.7597200883715
6,824.7597200528973
7,824.7597200536432
8,824.7597200592439
9,824.7597200731266
10,824.7597200729051
11,824.7597200740713
12,824.7597200604782
13,824.7597200553312
14,824.7597200553831
15,824.7597200516211
16,824.7597200753407
17,824.7597200850565
18,824.7597200800576
19,824.7597200515743
20,824.7597200717951
