Run,Cost
1,825.8509446954563
2,825.8509446829644
3,825.8509446691387
4,825.8509446849605
5,825.8509446715011
6,825.8509446885852
7,825.8509446855742
8,825.8509446802245
9,825.8509446830632
10,825.8509446914857
11,825.8509446879535
12,825.850944673242
13,825.8509446763425
14,825.8509447086345
15,825.8509446713529
16,825.8509446661185
17,825.8509446776148
18,825.8509446831121
19,825.8509447118241
20,825.8509446925547
