Run,Cost
1,4586.111148078335
2,4586.111148074694
3,4586.111148024067
4,4586.111148068684
5,4586.111148114901
6,4586.111148067638
7,4586.11114806636
8,4586.111148056247
9,4586.111148037483
10,4586.111148084036
11,4586.11114807862
12,4586.111148045437
13,4586.111148051984
14,4586.111148041392
15,4586.111148065379
16,4586.111148109054
17,4586.111148089038
18,4586.111148100292
19,4586.111148070044
20,4586.111148067402
