Run,Cost
1,878.3159826601195
2,878.3159826803384
3,878.3159826723162
4,878.3159826929609
5,878.3159826708885
6,878.3159826602138
7,878.3159826774269
8,878.3159826535133
9,878.3159826519194
10,878.3159826619175
11,878.3159826884279
12,878.3159826820379
13,878.3159826783889
14,878.3159826680426
15,878.3159826733536
16,878.3159826872339
17,878.3159826645451
18,878.3159826555026
19,878.3159826818918
20,878.3159826682954
