Run,Cost
1,876.8798803648309
2,876.8798803505423
3,876.8798803455211
4,876.8798803624765
5,876.8798803871601
6,876.8798803725185
7,876.8798803786431
8,876.8798803496164
9,876.8798803661813
10,876.8798803406103
11,876.8798803761276
12,876.8798803471052
13,876.8798803571577
14,876.8798803914947
15,876.8798803439794
16,876.879880360878
17,876.8798803641585
18,876.8798803730655
19,876.8798803497123
20,876.8798803606771
