Run,Cost
1,4629.298010063072
2,4629.298010056285
3,4629.298010059671
4,4629.298010084965
5,4629.29801006489
6,4629.298010051573
7,4629.298009987322
8,4629.298010003283
9,4629.298009985412
10,4629.2980099996685
11,4629.298010057822
12,4629.298010048818
13,4629.298010014868
14,4629.29801007469
15,4629.298009996507
16,4629.298010016613
17,4629.298010046711
18,4629.29801006474
19,4629.29801006615
20,4629.298010005279
