Run,Cost
1,4621.826558364699
2,4621.826558323309
3,4621.826558357118
4,4621.826558362292
5,4621.826558310545
6,4621.8265583488
7,4621.826558371311
8,4621.826558426187
9,4621.826558411479
10,4621.82655831389
11,4621.8265583555085
12,4621.826558372727
13,4621.826558358962
14,4621.826558371414
15,4621.826558387939
16,4621.826558378989
17,4621.8265583209995
18,4621.826558337673
19,4621.8265583821685
20,4621.826558362589
