Run,Cost
1,9741.284154736972
2,9741.284154732753
3,9741.284154757835
4,9741.284154672587
5,9741.284154716468
6,9741.284154739813
7,9741.284154670899
8,9741.284154663346
9,9741.284154737801
10,9741.387959674325
11,9741.284154733261
12,9741.38795973208
13,9741.284154745223
14,9741.284154791847
15,9741.284154736586
16,9741.284154672616
17,9741.284154733587
18,9741.387959697257
19,9741.284154696605
20,9741.284154710185
