Run,Cost
1,9743.06474906132
2,9743.064749050392
3,9743.064749014304
4,9743.064748974783
5,9743.064749044386
6,9743.064749011715
7,9743.064749008512
8,9743.064748981005
9,9743.064748985602
10,9743.06474900088
11,9743.064749008945
12,9743.06474902786
13,9743.064748965699
14,9743.064749086929
15,9743.064749090368
16,9743.06474905455
17,9743.064749066887
18,9743.064749033294
19,9743.064749047311
20,9743.064749013998
