Run,Cost
1,6686.275402259721
2,6686.4286179435585
3,6686.428618019562
4,6686.428617895569
5,6686.428617937447
6,6686.275402200028
7,6686.428617962874
8,6686.428617985276
9,6686.275402248375
10,6686.275402315566
11,6686.428618007944
12,6686.428618018962
13,6686.275402280224
14,6686.275402204474
15,6686.428617934516
16,6686.275402278452
17,6686.428617919113
18,6686.275402311158
19,6686.275402201094
20,6686.275402214847
