Run,Cost
1,6677.29987087457
2,6677.299870764116
3,6677.429766993393
4,6677.429766924798
5,6677.2998708925825
6,6677.429766941871
7,6677.429766946579
8,6677.299870828147
9,6677.4297669616735
10,6677.299870766333
11,6677.4297668858835
12,6677.42976684967
13,6677.429766910298
14,6677.429766952189
15,6677.429766957455
16,6677.299870807782
17,6677.429766933355
18,6677.429766919586
19,6677.299870830511
20,6677.299870801253
