Run,Cost
1,4932.949726799927
2,4932.9497268634095
3,4932.949726876408
4,4932.949726825179
5,4932.949726854817
6,4932.949726834962
7,4932.9497268413
8,4932.949726856931
9,4932.949726895121
10,4932.94972687983
11,4932.949726869527
12,4932.9497268443
13,4932.949726875841
14,4932.949726874516
15,4932.949726860849
16,4932.949726878537
17,4932.949726835219
18,4932.949726936636
19,4932.949726784769
20,4932.949726901693
