Run,Cost
1,4933.979826831473
2,4933.979826859151
3,4933.979826850228
4,4933.979826825433
5,4933.979826794638
6,4933.979826876952
7,4933.979826820516
8,4933.979826892825
9,4933.979826834179
10,4933.979826868745
11,4933.979826830147
12,4933.979826829183
13,4933.979826869738
14,4933.97982681511
15,4933.979826849704
16,4933.979826843997
17,4933.979826889612
18,4933.979826858051
19,4933.979826871707
20,4933.979826823593
