Run,Cost
1,8423.720391306844
2,8423.720391371962
3,8423.720391389497
4,8423.72039138752
5,8423.720391345882
6,8423.72039132311
7,8423.720391338962
8,8423.72039131522
9,8423.720391384559
10,8423.720391305824
11,8423.720391400864
12,8423.720391357107
13,8423.720391331548
14,8423.72039133653
15,8423.720391323808
16,8423.72039133532
17,8423.720391343297
18,8423.720391390445
19,8423.720391407187
20,8423.720391403032
