Run,Cost
1,8423.582697928241
2,8423.582697844218
3,8423.582697888492
4,8423.582697842048
5,8423.582697872691
6,8423.58269785671
7,8423.582697859343
8,8423.582697827338
9,8423.582697838177
10,8423.582697835398
11,8423.58269788279
12,8423.582697838672
13,8423.58269783471
14,8423.58269790668
15,8423.582697877648
16,8423.582697912718
17,8423.58269790511
18,8423.582697882237
19,8423.582697848968
20,8423.582697897242
