Run,Cost
1,7197.998056250809
2,7197.9980562350465
3,7197.6313929479875
4,7197.99805626064
5,7197.998056306404
6,7197.631393016856
7,7197.998056257469
8,7197.631392949542
9,7197.998056223593
10,7197.6313929284215
11,7197.998056271669
12,7197.631392961297
13,7197.631392967026
14,7197.998056287176
15,7197.9980563229
16,7197.631392981109
17,7197.631392905741
18,7197.998056316581
19,7197.998056285244
20,7197.6313929803455
