Run,Cost
1,7207.894949515498
2,7208.261612873334
3,7207.894949532034
4,7207.8949496078185
5,7207.894949513969
6,7207.894949515393
7,7208.261612845085
8,7208.261612868068
9,7207.894949533274
10,7207.894949586112
11,7208.2616128322625
12,7207.894949500359
13,7208.2616128323525
14,7207.894949544514
15,7208.261612882143
16,7208.261612866246
17,7208.26161284077
18,7208.26161287274
19,7207.894949564871
20,7207.894949501423
