Run,Cost
1,5432.526622367856
2,5432.526622387331
3,5432.526622404697
4,5432.5266224184925
5,5432.526622357814
6,5432.526622403609
7,5432.52662235904
8,5432.526622390843
9,5432.526622381167
10,5432.526622386143
11,5432.526622443933
12,5432.526622393424
13,5432.526622397936
14,5432.526622362453
15,5432.526622395739
16,5432.526622395369
17,5432.52662238744
18,5432.526622417454
19,5432.526622384354
20,5432.526622402711
