Run,Cost
1,5429.013719081872
2,5429.013719065882
3,5429.013719005623
4,5429.01371907738
5,5429.01371905085
6,5429.013719101118
7,5429.0137190944515
8,5429.013719076463
9,5429.013719100516
10,5429.013719042273
11,5429.013719089398
12,5429.01371906567
13,5429.013719066036
14,5429.013719079432
15,5429.013719054816
16,5429.01371913532
17,5429.013719082106
18,5429.0137190479945
19,5429.013719108643
20,5429.013719068178
