Run,Cost
1,8698.845269098114
2,8698.845269072948
3,8698.845269079147
4,8698.84526909766
5,8698.845269050853
6,8698.845269097552
7,8698.845269064339
8,8698.845269016043
9,8698.845269121004
10,8698.845269114412
11,8698.845269130217
12,8698.845269081166
13,8698.845269077166
14,8698.845269186162
15,8698.845269049523
16,8698.845268993371
17,8698.845269130474
18,8698.84526903914
19,8698.845269060059
20,8698.845269051872
