Run,Cost
1,8713.817244668058
2,8713.817244619875
3,8713.817244648795
4,8713.817244675582
5,8713.817244600737
6,8713.817244627024
7,8713.817244667269
8,8713.817244684182
9,8713.817244554739
10,8713.8172446593
11,8713.817244674612
12,8713.81724464872
13,8713.817244652038
14,8713.817244671141
15,8713.817244619191
16,8713.817244707901
17,8713.817244646303
18,8713.817244675234
19,8713.81724468134
20,8713.817244694046
