Run,Cost
1,7674.185556657022
2,7674.185556671896
3,7676.505639431963
4,7674.185556589833
5,7676.505639489022
6,7674.185556665174
7,7676.5056393962495
8,7676.50563951972
9,7676.505639447531
10,7674.185556610285
11,7676.505639427545
12,7676.505639398059
13,7676.505639484713
14,7674.185556633673
15,7676.505639449364
16,7674.185556611518
17,7674.18555662843
18,7674.185556586298
19,7674.185556627027
20,7676.5056394989215
