Run,Cost
1,7684.697771021605
2,7684.697771006963
3,7684.697770982778
4,7684.697771019987
5,7684.697771072333
6,7684.69777110228
7,7684.697771052782
8,7684.69777103019
9,7684.69777102326
10,7684.69777099084
11,7684.697771001938
12,7684.697770906426
13,7684.697770994525
14,7684.697770990325
15,7684.697770943674
16,7684.69777090383
17,7684.6977710212
18,7684.697770992113
19,7684.697771023245
20,7684.69777103595
