Run,Cost
1,5559.490728821737
2,5559.490728819726
3,5559.490728782973
4,5559.490728888515
5,5559.490728833215
6,5559.490728755862
7,5559.490728858274
8,5559.490728787198
9,5559.490728827085
10,5559.490728811623
11,5559.4907287760625
12,5559.4907288350705
13,5559.4907288033855
14,5559.490728778683
15,5559.490728836822
16,5559.490728797753
17,5559.490728786374
18,5559.490728840339
19,5559.490728794838
20,5559.49072881555
