Run,Cost
1,5555.578159606414
2,5555.578159566826
3,5555.578159592689
4,5555.31980022591
5,5555.578159523358
6,5555.319800292324
7,5555.578159586414
8,5555.3198002765785
9,5555.319800332584
10,5555.319800301761
11,5555.578159577074
12,5555.578159542731
13,5555.5781595759845
14,5555.319800239134
15,5555.31980027242
16,5555.319800327375
17,5555.319800310017
18,5555.57815955501
19,5555.578159524886
20,5555.319800347696
