Run,Cost
1,3951.85957834972
2,3951.85957835087
3,3951.859578378489
4,3951.859578343051
5,3951.859578345499
6,3951.859578362244
7,3951.8595783464284
8,3951.8595783461137
9,3951.859578374655
10,3951.859578302318
11,3951.859578342427
12,3951.859578342407
13,3951.8595783479263
14,3951.859578344722
15,3951.8595783167366
16,3951.8595783222027
17,3951.8595783478067
18,3951.8595783188593
19,3951.859578316517
20,3951.8595783522305
