Run,Cost
1,3951.9476313452165
2,3951.9476313599266
3,3951.9476313487535
4,3951.9476313634605
5,3951.947631339964
6,3951.94763133219
7,3951.947631383027
8,3951.9476313349164
9,3951.94763133113
10,3951.9476313348173
11,3951.9476313537725
12,3951.9476313652303
13,3951.9476312705037
14,3951.947631304481
15,3951.947631371764
16,3951.9476313507735
17,3951.947631320137
18,3951.9476313312634
19,3951.947631332323
20,3951.9476313598575
