Run,Cost
1,4808.34396568591
2,4808.343965707391
3,4808.34396563982
4,4808.343965673998
5,4808.34396568851
6,4808.343965683884
7,4808.343965707541
8,4808.343965698659
9,4808.343965683749
10,4808.34396568334
11,4808.343965699401
12,4808.343965685517
13,4808.343965710175
14,4808.343965666952
15,4808.343965669289
16,4808.343965687274
17,4808.34396569081
18,4808.343965644969
19,4808.343965668905
20,4808.343965704779
