Run,Cost
1,4805.139681920702
2,4805.139681895816
3,4805.139681932683
4,4805.139681876507
5,4805.139681912698
6,4805.139681856505
7,4805.139681933419
8,4805.139681842626
9,4805.139681929701
10,4805.139681905662
11,4805.139681860531
12,4805.139681910832
13,4805.139681890962
14,4805.139681863267
15,4805.139681897314
16,4805.139681915999
17,4805.139681893647
18,4805.139681934686
19,4805.139681908494
20,4805.139681922387
