Run,Cost
1,6224.84266873107
2,6224.842668745269
3,6224.842668724952
4,6224.842668731897
5,6224.84266869367
6,6224.842668773752
7,6224.842668735692
8,6224.842668795813
9,6224.842668737119
10,6224.842668675004
11,6224.842668736508
12,6224.842668710518
13,6224.842668766368
14,6224.8426688224445
15,6224.8426687330475
16,6224.8426687278225
17,6224.842668699456
18,6224.84266873592
19,6224.84266880193
20,6224.842668751715
