Run,Cost
1,6230.276237388158
2,6230.27623744197
3,6230.276237451305
4,6230.27623744881
5,6230.276237464396
6,6230.276237409187
7,6230.27623742575
8,6230.276237385229
9,6230.276237371443
10,6230.276237456309
11,6230.276237419266
12,6230.276237478634
13,6230.2762374448575
14,6230.276237453537
15,6230.276237495501
16,6230.276237407697
17,6230.276237454433
18,6230.276237384458
19,6230.276237438927
20,6230.276237448505
