Run,Cost
1,3063.0620576411256
2,3063.0620576877836
3,3063.062057643702
4,3063.0620576686733
5,3063.0620576348992
6,3063.0620576348915
7,3063.062057695578
8,3063.062057601342
9,3063.062057679236
10,3063.0620576411548
11,3063.0620576767765
12,3063.0620576283322
13,3063.0620576846563
14,3063.06205764348
15,3063.0620576401125
16,3063.0620576340684
17,3063.0620576343144
18,3063.0620576582573
19,3063.062057613657
20,3063.0620576533606
