Run,Cost
1,3055.986607965094
2,3055.9866080085244
3,3055.98660798609
4,3055.9866079613885
5,3055.9866080208126
6,3055.986607945389
7,3055.9866079097314
8,3055.9866079444005
9,3055.98660792802
10,3055.9866079329554
11,3055.9866079932594
12,3055.9866079440135
13,3055.986607963312
14,3055.986607992765
15,3055.9866079805215
16,3055.986607969713
17,3055.9866079894846
18,3055.986607926147
19,3055.986607978736
20,3055.9866079670383
