Run,Cost
1,15539.373670156794
2,15539.373670200557
3,15539.373670288902
4,15539.373670146248
5,15539.373670290914
6,15539.373670345285
7,15539.373670206185
8,15539.373670172521
9,15539.373670269026
10,15539.37367022248
11,15539.373670297524
12,15539.373670207513
13,15539.373670216879
14,15539.373670283714
15,15539.373670301553
16,15539.37367024707
17,15539.373670204766
18,15539.373670237857
19,15539.373670261382
20,15539.373670262128
