Run,Cost
1,7257.061405359802
2,7257.341918940516
3,7257.061405353802
4,7257.061405350712
5,7257.34191897548
6,7257.341919020648
7,7257.341918911294
8,7257.341919025619
9,7257.0614053227655
10,7257.061405275987
11,7257.341918984268
12,7257.3419189614915
13,7255.978597345718
14,7257.341918939748
15,7257.061405306045
16,7257.3419189623255
17,7257.34191895416
18,7257.061405378539
19,7257.061405386296
20,7257.341918981194
