Run,Cost
1,7258.7354546992065
2,7258.454940991826
3,7258.454940956123
4,7258.735454669078
5,7258.735454662314
6,7258.735454612466
7,7258.7354546792485
8,7258.735454702512
9,7258.735454681681
10,7258.4549409907095
11,7258.735454666483
12,7258.454940985534
13,7258.454941015033
14,7258.454940991188
15,7258.735454658488
16,7258.735454634468
17,7258.735454655549
18,7258.4549409697065
19,7258.4549409784395
20,7258.454940999585
