Run,Cost
1,5960.144790937723
2,5960.1447909041035
3,5960.144790934408
4,5960.144790940351
5,5960.14479092824
6,5960.14479093266
7,5960.144790937711
8,5960.144790937078
9,5960.144790951024
10,5960.144790894897
11,5960.1447908834525
12,5960.144790901335
13,5960.144790895845
14,5960.144790914829
15,5960.144790917681
16,5960.144790964186
17,5960.144790942101
18,5960.1447909003655
19,5960.144790912026
20,5960.144790914431
