Run,Cost
1,5946.689131208028
2,5946.6891312131565
3,5946.689131260983
4,5946.689131294301
5,5946.689131230425
6,5946.689131221622
7,5946.689131215501
8,5946.68913125538
9,5946.6891312578455
10,5946.6891312481
11,5946.689131274055
12,5946.689131311908
13,5946.689131261525
14,5946.689131242471
15,5946.6891311488935
16,5946.689131208578
17,5946.689131280093
18,5946.689131238787
19,5946.6891312042635
20,5946.689131256888
