Run,Cost
1,4557.591856023836
2,4557.591856081149
3,4557.591855991333
4,4557.591856046866
5,4557.59185601953
6,4557.591856038756
7,4557.591856014091
8,4557.591856070854
9,4557.5918561292265
10,4557.591856049509
11,4557.591856066468
12,4557.591856042796
13,4557.591856025423
14,4557.591856066429
15,4557.591856042993
16,4557.591856020152
17,4557.591856019423
18,4557.591856006733
19,4557.59185602618
20,4557.591856047272
