Run,Cost
1,4557.233419841645
2,4557.750442626458
3,4557.233419752458
4,4557.233419800701
5,4557.233419803281
6,4557.233419819955
7,4557.750442658053
8,4557.750442670391
9,4557.750442663376
10,4557.750442642334
11,4557.233419738703
12,4557.2334198148
13,4557.233419796214
14,4557.750442691178
15,4557.750442682012
16,4557.233419792207
17,4557.750442727313
18,4557.233419764191
19,4557.7504427342965
20,4557.233419837725
