Run,Cost
1,4802.01550728506
2,4802.0155072726275
3,4802.01550720757
4,4802.015507234764
5,4802.015507266464
6,4802.015507210652
7,4802.0155072315
8,4802.015507258797
9,4802.015507272918
10,4802.015507293638
11,4802.0155072359385
12,4802.015507256627
13,4802.015507259658
14,4802.015507242717
15,4802.0155071684285
16,4802.015507250491
17,4802.015507285766
18,4802.015507212825
19,4802.0155072447105
20,4802.015507265666
