Run,Cost
1,4796.1632873273375
2,4796.163287295558
3,4796.163287351597
4,4796.163287343649
5,4796.163287421709
6,4796.16328734679
7,4796.163287340849
8,4796.163287412536
9,4796.163287387578
10,4796.163287401169
11,4796.163287366952
12,4796.163287324299
13,4796.163287388363
14,4796.163287359039
15,4796.163287386547
16,4796.163287350805
17,4796.1632873315375
18,4796.163287359898
19,4796.1632873754215
20,4796.1632873405015
