Run,Cost
1,3147.515075191288
2,3147.5150752274812
3,3147.515075256498
4,3147.5150752719587
5,3147.5150752124514
6,3147.5150752270347
7,3147.515075235734
8,3147.51507523945
9,3147.5150752225277
10,3147.515075222609
11,3147.515075242839
12,3147.515075208595
13,3147.5150752165123
14,3147.5150752416066
15,3147.5150752148716
16,3147.5150752330173
17,3147.5150752282752
18,3147.515075235309
19,3147.5150752098225
20,3147.515075256242
