Run,Cost
1,3143.355988096054
2,3143.35598808977
3,3143.3559881209862
4,3143.355988141739
5,3143.3559881054884
6,3143.3559881044926
7,3143.3559880926
8,3143.355988111012
9,3143.3559880926796
10,3143.355988083083
11,3143.3559881194274
12,3143.355988127515
13,3143.355988099591
14,3143.355988123045
15,3143.3559881064257
16,3143.355988115727
17,3143.355988095682
18,3143.3559881283986
19,3143.355988105037
20,3143.3559880810076
