Run,Cost
1,6931.262825647942
2,6932.489086799065
3,6932.489086765904
4,6931.987984504929
5,6931.262825599985
6,6931.262825565226
7,6931.987984481589
8,6931.763927873657
9,6932.489086827873
10,6931.763927836785
11,6931.763927937661
12,6931.26282561802
13,6931.987984500042
14,6931.763927912786
15,6931.262825642658
16,6931.262825597552
17,6931.76392785329
18,6932.489086744462
19,6932.4890866932665
20,6932.48908680154
