Run,Cost
1,2529.773796032448
2,2529.7737960358504
3,2529.7737960549716
4,2529.7737960336967
5,2529.7737960155505
6,2529.7737960798477
7,2529.773796030053
8,2529.7737960732206
9,2529.773796045637
10,2529.7737960234763
11,2529.773796030887
12,2529.7737960445306
13,2529.7737960391114
14,2529.7737960107056
15,2529.7737960679196
16,2529.7737959846977
17,2529.773796069608
18,2529.773796032487
19,2529.7737960286718
20,2529.7737960612744
