Run,Cost
1,5012.984788264984
2,5012.984788273092
3,5012.9847881842525
4,5012.984788248181
5,5012.9847882378635
6,5012.984788228829
7,5012.984788248349
8,5012.984788254337
9,5012.984788297152
10,5012.984788255115
11,5012.984788233788
12,5012.984788234666
13,5012.984788218706
14,5012.984788285382
15,5012.984788259412
16,5012.984788217999
17,5012.984788227323
18,5012.984788266235
19,5012.984788286451
20,5012.984788274888
