Run,Cost
1,5012.8369262005535
2,5012.836926268284
3,5012.83692620655
4,5012.836926240428
5,5012.836926226845
6,5012.836926210898
7,5012.8369262879405
8,5012.836926289972
9,5012.83692621602
10,5012.836926208401
11,5012.836926261938
12,5012.836926194038
13,5012.8369261987755
14,5012.836926264901
15,5012.836926254759
16,5012.836926235681
17,5012.836926209213
18,5012.836926183279
19,5012.836926224898
20,5012.836926227025
