Run,Cost
1,6797.899693641803
2,6797.899693705784
3,6797.899693707097
4,6797.899693746967
5,6797.899693665872
6,6797.8996936637905
7,6797.89969371761
8,6797.899693659239
9,6797.89969374806
10,6797.899693696207
11,6797.89969376614
12,6797.899693648791
13,6797.899693692033
14,6797.899693663834
15,6797.899693688408
16,6797.899693751478
17,6797.899693683699
18,6797.899693677793
19,6797.899693687579
20,6797.8996935877785
