Run,Cost
1,6822.955236665587
2,6823.809053734131
3,6822.955236706077
4,6823.809053798521
5,6823.809053772363
6,6823.8090537200005
7,6823.809053690324
8,6822.95523665247
9,6822.955236625636
10,6823.809053794574
11,6822.9552366742255
12,6823.8090537634625
13,6822.955236709403
14,6823.8090537382395
15,6822.955236677073
16,6823.80905377382
17,6823.809053738221
18,6823.8090536113705
19,6822.955236662243
20,6823.809053671849
