Run,Cost
1,2398.496468508045
2,2398.4964685501836
3,2398.4964685457207
4,2398.496468546808
5,2398.4964685525106
6,2398.496468536797
7,2398.4964685600653
8,2398.4964685874784
9,2398.4964685503865
10,2398.49646857111
11,2398.4964685303844
12,2398.4964685736504
13,2398.496468523927
14,2398.496468554624
15,2398.496468556078
16,2398.4964685345094
17,2398.496468533007
18,2398.496468602535
19,2398.4964685701407
20,2398.4964685577274
