Run,Cost
1,2398.58899618514
2,2398.588996180206
3,2398.5889961900084
4,2398.588996203071
5,2398.5889962207584
6,2398.5889961848325
7,2398.5889962161245
8,2398.5889962201986
9,2398.5889962060564
10,2398.588996218895
11,2398.5889962385486
12,2398.588996197038
13,2398.588996142942
14,2398.588996217738
15,2398.5889962083625
16,2398.5889962174424
17,2398.588996187073
18,2398.5889961745233
19,2398.5889961673247
20,2398.5889961908824
