Run,Cost
1,9469.017207029494
2,9469.017207076695
3,9469.017207062134
4,9469.0172070567
5,9469.017207031025
6,9469.017207082656
7,9469.017207073553
8,9469.017207040095
9,9469.017207116181
10,9469.017207030573
11,9469.01720708017
12,9469.017207064333
13,9469.01720713922
14,9469.017207033352
15,9469.01720709946
16,9469.01720709242
17,9469.017207075753
18,9469.017207060548
19,9469.017207136223
20,9469.01720713115
