Run,Cost
1,4967.532698520715
2,4967.532698490914
3,4967.532698463056
4,4967.532698494814
5,4967.532698515666
6,4967.53269848915
7,4967.532698436765
8,4967.532698493536
9,4967.532698507664
10,4967.532698418261
11,4967.532698494195
12,4967.532698518888
13,4967.532698508844
14,4967.532698414324
15,4967.532698496188
16,4967.5326984815465
17,4967.53269847851
18,4967.532698458897
19,4967.532698466063
20,4967.532698501185
