Run,Cost
1,6273.707011237875
2,6273.707011223051
3,6273.7070112177435
4,6273.707011213713
5,6273.7070112196325
6,6273.707011240047
7,6273.70701124004
8,6273.707011206861
9,6273.707011214433
10,6273.7070111644125
11,6273.707011221595
12,6273.707011230797
13,6273.707011257775
14,6273.707011229168
15,6273.707011283054
16,6273.707011179719
17,6273.707011227114
18,6273.707011210927
19,6273.707011216382
20,6273.707011289075
