Run,Cost
1,4972.445235290031
2,4972.445235268218
3,4972.445235260605
4,4972.445235300435
5,4972.445235308374
6,4972.445235306887
7,4972.445235300022
8,4972.445235345923
9,4972.445235287797
10,4972.445235274505
11,4972.44523521515
12,4972.4452352879
13,4972.445235312139
14,4972.445235311144
15,4972.445235335118
16,4972.445235282462
17,4972.445235269151
18,4972.44523529162
19,4972.445235252884
20,4972.445235310817
