Run,Cost
1,9473.303138989659
2,9471.153795023634
3,9473.303138844634
4,9472.392580850885
5,9472.392580855869
6,9473.303138914107
7,9472.064353095773
8,9471.153795077726
9,9473.303139016689
10,9471.153795054908
11,9472.392580788064
12,9471.153795080865
13,9472.064353061945
14,9471.153794996433
15,9472.392580789412
16,9471.15379502559
17,9472.392580826898
18,9472.392580784897
19,9472.064353099298
20,9473.303138879006
