Run,Cost
1,6283.704037342598
2,6283.704037384934
3,6283.704037299901
4,6283.704037368201
5,6283.704037379697
6,6283.704037311044
7,6283.704037368815
8,6283.704037310835
9,6283.704037471588
10,6283.7040373762775
11,6283.704037357276
12,6283.704037297367
13,6283.70403734302
14,6283.704037344206
15,6283.7040374197595
16,6283.704037337626
17,6283.704037322456
18,6283.704037338444
19,6283.704037341126
20,6283.7040373699065
