Run,Cost
1,4510.430472647653
2,4510.430472679503
3,4507.056574627093
4,4507.056574643356
5,4509.17556314702
6,4509.175563183082
7,4510.43047262415
8,4509.175563156552
9,4509.175563116999
10,4510.430472614612
11,4507.056574581951
12,4507.056574594751
13,4510.430472637904
14,4509.175563255954
15,4505.8016651030075
16,4505.801665084974
17,4509.175563165399
18,4505.80166515305
19,4505.801665120248
20,4510.430472681289
