Run,Cost
1,4507.069918952448
2,4507.06991890804
3,4507.069918989795
4,4507.069918883578
5,4507.069918950781
6,4507.069918967161
7,4507.069918960917
8,4507.069919010317
9,4507.069918951177
10,4507.069918928106
11,4507.069918980136
12,4507.069918914583
13,4507.069918891812
14,4507.069918963551
15,4507.069918957003
16,4507.06991894566
17,4507.069918958667
18,4507.069918989009
19,4507.069918926034
20,4507.069918991849
