Run,Cost
1,3283.9569363013243
2,3283.9569363084734
3,3283.956936273086
4,3283.9569362638163
5,3283.9569362779766
6,3283.956936323829
7,3283.9569362758816
8,3283.956936291873
9,3283.9569363417636
10,3283.95693632213
11,3283.9569363078635
12,3283.956936261464
13,3283.956936251468
14,3283.956936229957
15,3283.956936253744
16,3283.9569362744705
17,3283.9569362563366
18,3283.9569362895054
19,3283.9569362537923
20,3283.9569363178084
