Run,Cost
1,3273.060089981104
2,3273.0600899843935
3,3272.522618464195
4,3272.3422865618263
5,3272.5226184947323
6,3273.06008999109
7,3271.804815052343
8,3273.060089975102
9,3272.522618454556
10,3273.06009000695
11,3271.8048150906106
12,3273.060089940938
13,3273.0600899667693
14,3271.8048150325913
15,3272.3422865791445
16,3272.5226185256934
17,3272.5226184794333
18,3273.060090000883
19,3273.0600899701008
20,3272.342286523551
