Run,Cost
1,5225.46419831734
2,5225.464198296204
3,5225.464198325048
4,5225.464198361547
5,5225.464198275656
6,5225.464198307382
7,5225.46419829677
8,5225.464198256679
9,5225.464198318863
10,5225.464198373155
11,5225.464198316838
12,5225.464198292628
13,5225.464198297326
14,5225.464198343466
15,5225.46419829398
16,5225.464198319133
17,5225.4641982937555
18,5225.464198327672
19,5225.4641982970925
20,5225.464198303957
