Run,Cost
1,5223.624117307887
2,5223.6241172915215
3,5223.624117262886
4,5223.624117258145
5,5223.624117295831
6,5223.624117234317
7,5223.624117286882
8,5223.624117274445
9,5223.624117313812
10,5223.624117319018
11,5223.624117250161
12,5223.624117281845
13,5223.62411729143
14,5223.6241172909695
15,5223.624117279102
16,5223.624117222413
17,5223.624117255687
18,5223.6241172473365
19,5223.62411728431
20,5223.624117279166
