Run,Cost
1,6128.007491511051
2,6128.0074915453815
3,6128.0074915188425
4,6128.007491551825
5,6128.007491498709
6,6128.007491568298
7,6128.007491572976
8,6128.007491590123
9,6128.007491568696
10,6128.007491511344
11,6128.007491545286
12,6128.007491499905
13,6128.0074916001795
14,6128.00749150047
15,6128.007491523829
16,6128.007491590519
17,6128.007491576534
18,6128.007491536111
19,6128.007491435987
20,6128.007491505658
