Run,Cost
1,2400.198460614308
2,2400.198460624467
3,2400.1984606115575
4,2399.672393680971
5,2400.1984605758234
6,2400.198460597495
7,2399.672393669851
8,2400.1984606283404
9,2400.1984605965563
10,2399.6723936547714
11,2399.672393694614
12,2399.6723937246697
13,2400.198460638271
14,2399.6723936327608
15,2399.6723936822937
16,2400.198460640657
17,2399.6723936920725
18,2400.1984606239384
19,2399.6723936543676
20,2400.198460599298
