Run,Cost
1,2389.2013544217534
2,2389.2013544363704
3,2389.201354393817
4,2389.201354403213
5,2389.201354432615
6,2389.2013544433016
7,2389.2013544065517
8,2389.201354425238
9,2389.2013544325887
10,2389.201354438217
11,2389.2013544292176
12,2389.201354420698
13,2389.201354421122
14,2389.2013543844464
15,2389.201354414512
16,2389.2013544181095
17,2389.201354429919
18,2389.2013544022625
19,2389.20135445451
20,2389.201354411396
