Run,Cost
1,7344.602631482503
2,7344.6026314600085
3,7344.6026313717
4,7344.602631451384
5,7340.927565969687
6,7340.927565993356
7,7340.927565971239
8,7344.602631482601
9,7344.602631454694
10,7344.602631481096
11,7340.927566099402
12,7340.927566062256
13,7340.927566069354
14,7340.9275659913665
15,7344.602631468423
16,7340.927566101368
17,7340.927566090662
18,7344.602631433803
19,7340.92756603178
20,7344.602631444685
