Run,Cost
1,7330.492636660983
2,7330.49263671552
3,7330.492636632999
4,7330.49263666701
5,7330.492636692378
6,7330.492636708614
7,7330.492636669333
8,7330.492636710396
9,7330.4926366603295
10,7330.492636628144
11,7330.492636626241
12,7330.492636726925
13,7330.4926366641685
14,7330.492636712683
15,7330.4926367556645
16,7330.492636680846
17,7330.492636744713
18,7330.4926366671125
19,7330.49263669227
20,7330.492636704012
