Run,Cost
1,6218.107957641106
2,6218.1079575989215
3,6218.107957547216
4,6218.107957640386
5,6218.107957623115
6,6218.107957601843
7,6218.107957604356
8,6218.107957583181
9,6218.107957639031
10,6218.107957671735
11,6218.107957567488
12,6218.107957619163
13,6218.10795761544
14,6218.10795763262
15,6218.107957566626
16,6218.107957622263
17,6218.107957657004
18,6218.107957595733
19,6218.107957641046
20,6218.107957557407
