Run,Cost
1,6219.085941568944
2,6219.085941589843
3,6219.085941529753
4,6219.085941598438
5,6219.085941519076
6,6219.085941577911
7,6219.085941603812
8,6219.085941580787
9,6219.085941593397
10,6219.085941567401
11,6219.085941554273
12,6219.085941501939
13,6219.085941534551
14,6219.085941583432
15,6219.08594152525
16,6219.085941568617
17,6219.085941524052
18,6219.085941540717
19,6219.085941509491
20,6219.085941516252
