Run,Cost
1,2047.6980294227778
2,2047.698029419777
3,2047.6980294525636
4,2047.698029407
5,2047.6980293787956
6,2047.6980294381901
7,2047.698029405667
8,2047.6980294055954
9,2047.6980294378773
10,2047.6980294044674
11,2047.698029427579
12,2047.6980294337916
13,2047.698029456805
14,2047.6980294704251
15,2047.6980294433588
16,2047.698029417979
17,2047.6980294027228
18,2047.6980293889499
19,2047.6980294224645
20,2047.698029446353
