Run,Cost
1,2045.2109318453836
2,2045.2109318198632
3,2045.2109318271232
4,2045.2109318183086
5,2045.2109318173436
6,2045.2109318412504
7,2045.2109318535902
8,2045.2109318458388
9,2045.2109318340893
10,2045.2109318389428
11,2045.210931826342
12,2045.2109318297414
13,2045.2109318509622
14,2045.2109318336923
15,2045.210931826113
16,2045.2109318327334
17,2045.2109318424664
18,2045.2109318148239
19,2045.2109318538637
20,2045.2109318660637
