Run,Cost
1,1884.758651574769
2,1884.7586515745668
3,1884.7586516266908
4,1884.758651584799
5,1884.7586515941011
6,1884.758651583419
7,1884.758651598322
8,1884.7586515937141
9,1884.7586516031688
10,1884.7586516039369
11,1884.758651573453
12,1884.7586516105891
13,1884.758651607
14,1884.7586516134863
15,1884.7586515600185
16,1884.7586515917835
17,1884.7586515751673
18,1884.7586515984515
19,1884.758651605476
20,1884.7586515869873
