Run,Cost
1,1888.775609129348
2,1888.7756091574556
3,1888.775609135064
4,1888.7756091327162
5,1888.7756091645113
6,1888.7756091561398
7,1888.775609163492
8,1888.7756091631263
9,1888.775609153828
10,1888.7756091446101
11,1888.7756091624412
12,1888.7756091611805
13,1888.7756091412775
14,1888.7756091105186
15,1888.7756091239712
16,1888.7756091427966
17,1888.775609139533
18,1888.775609117074
19,1888.7756091096583
20,1888.7756090918845
