Run,Cost
1,4829.902021277384
2,4829.902021259793
3,4829.902021223794
4,4829.9020212776395
5,4829.902021313896
6,4829.902021297235
7,4829.902021278191
8,4829.902021242604
9,4829.902021241442
10,4829.902021237705
11,4829.902021329135
12,4829.902021249953
13,4829.902021295083
14,4829.902021272042
15,4829.902021274677
16,4829.902021353915
17,4829.902021320005
18,4829.902021274608
19,4829.902021290268
20,4829.902021277749
