Run,Cost
1,4830.706529551771
2,4830.70652950472
3,4830.706529528141
4,4830.706529572134
5,4830.7065295604625
6,4830.706529527959
7,4830.706529482054
8,4830.7065295853145
9,4830.706529494368
10,4830.706529585635
11,4830.7065295251095
12,4830.706529563249
13,4830.70652955047
14,4830.706529523449
15,4830.706529551612
16,4830.706529606146
17,4830.706529511355
18,4830.706529496404
19,4830.706529504939
20,4830.706529502812
