Run,Cost
1,3676.376662306368
2,3676.376662315521
3,3676.459833242779
4,3676.376662320239
5,3676.459833218574
6,3676.4598331956804
7,3676.4598332525507
8,3676.376662248347
9,3676.3766623010597
10,3676.459833189523
11,3676.376662277711
12,3676.4598331434336
13,3676.3766623021224
14,3676.376662322478
15,3676.4598331595175
16,3676.459833188565
17,3676.459833201261
18,3676.459833204381
19,3676.4598331660695
20,3676.3766622777966
