Run,Cost
1,3681.709809659437
2,3681.7098097089483
3,3681.70980969515
4,3681.7098097324933
5,3681.709809720541
6,3681.7098096433942
7,3681.709809711616
8,3681.7098097235075
9,3681.7098096999225
10,3681.709809707786
11,3681.709809683798
12,3681.7098096764194
13,3681.7098097187186
14,3681.7098097053995
15,3681.7098096924365
16,3681.7098096847926
17,3681.709809772658
18,3681.7098096616983
19,3681.709809704901
20,3681.709809705297
