Run,Cost
1,6262.099332225467
2,6262.099332247445
3,6262.099332207417
4,6262.099332291455
5,6262.099332249062
6,6262.099332264877
7,6262.099332332131
8,6262.099332240743
9,6262.099332358324
10,6262.099332204303
11,6262.09933232364
12,6262.099332245746
13,6262.099332224463
14,6262.099332210585
15,6262.09933231063
16,6262.099332293915
17,6262.099332330527
18,6262.099332261005
19,6262.099332240174
20,6262.099332231128
