Run,Cost
1,6508.251578325303
2,6508.251578260285
3,6508.251578258384
4,6507.694693802195
5,6508.2515783052295
6,6508.251578290928
7,6507.694693786779
8,6507.694693805036
9,6508.251578337529
10,6507.694693868762
11,6508.251578283505
12,6508.251578300881
13,6507.694693806193
14,6508.251578277963
15,6508.251578318876
16,6507.694693823403
17,6508.251578247351
18,6507.694693787406
19,6508.251578280707
20,6507.694693816142
