Run,Cost
1,6262.588092867004
2,6262.588092815963
3,6262.588092859876
4,6263.138115033945
5,6263.3071112969965
6,6262.893848963889
7,6263.455232332999
8,6262.745727855962
9,6262.31664362643
10,6262.757088988617
11,6263.286236106668
12,6263.307111282297
13,6262.588092826933
14,6262.588092851668
15,6263.307111299877
16,6262.893848979697
17,6262.588092871318
18,6262.893849003011
19,6262.026709462125
20,6263.307111301646
