Run,Cost
1,6506.913570788921
2,6504.89004681835
3,6504.890046842664
4,6506.913570787613
5,6506.913570746653
6,6506.913570832126
7,6504.890046876363
8,6504.890046879445
9,6506.913570824661
10,6504.890046839235
11,6506.913570912061
12,6504.890046779357
13,6506.913570822989
14,6506.9135707785135
15,6504.890046803002
16,6504.8900467941685
17,6506.913570875967
18,6506.913570821387
19,6504.890046834928
20,6504.890046890478
