Run,Cost
1,7467.083543322449
2,7465.976166883669
3,7467.083543348453
4,7467.083543347908
5,7467.083543373443
6,7468.572628827935
7,7467.083543340435
8,7465.976166829187
9,7468.572628782118
10,7465.976166920554
11,7468.572628799887
12,7465.976166945999
13,7467.08354332476
14,7467.08354332944
15,7467.465252345428
16,7467.083543349447
17,7467.465252374217
18,7468.5726288114165
19,7468.572628815903
20,7467.083543288337
