Run,Cost
1,7442.485640515269
2,7442.485640542491
3,7442.485640519576
4,7442.485640612317
5,7442.485640529137
6,7442.485640486011
7,7442.485640573108
8,7442.485640557318
9,7442.485640491875
10,7442.485640500471
11,7442.485640497071
12,7442.485640569297
13,7442.4856405252385
14,7442.485640508433
15,7442.485640566619
16,7442.48564050667
17,7442.48564050566
18,7442.485640475392
19,7442.485640497768
20,7442.485640516879
