Run,Cost
1,3996.0748130496554
2,3995.465985247426
3,3995.465985236502
4,3995.465985227747
5,3995.4659851891315
6,3996.074813121064
7,3995.4659852313953
8,3995.465985276831
9,3995.4659852536483
10,3996.0748130660354
11,3995.465985173327
12,3996.0748130886186
13,3996.074813067804
14,3996.074813054369
15,3996.0748131083965
16,3995.465985246016
17,3996.0748130893107
18,3996.07481305412
19,3995.4659852099862
20,3996.07481309272
