Run,Cost
1,3996.68845345482
2,3996.6884534757496
3,3995.56990784535
4,3994.2206704795003
5,3995.339216157375
6,3995.3392161495126
7,3995.569907799727
8,3995.3392162089185
9,3996.688453496453
10,3995.569907866497
11,3995.5699078415914
12,3996.6884534522756
13,3994.220670476233
14,3994.220670445331
15,3996.6884535061517
16,3995.339216101511
17,3995.569907802528
18,3994.2206704637993
19,3995.569907771243
20,3996.6884534689566
