Run,Cost
1,4502.777236892684
2,4502.77723698904
3,4502.7772369756
4,4502.777236915837
5,4502.777236876076
6,4502.777236934038
7,4502.777236916539
8,4502.777236930432
9,4502.777236952314
10,4502.777236969701
11,4502.777236940827
12,4502.777236912148
13,4502.777236925937
14,4502.777236950929
15,4502.777236911209
16,4502.777236937795
17,4502.777236938104
18,4502.777236919426
19,4502.777236957191
20,4502.7772369255
