Run,Cost
1,4509.428255542427
2,4509.428255617911
3,4507.897698109189
4,4507.897698049005
5,4509.428255555631
6,4507.897698097132
7,4509.428255568841
8,4509.428255598021
9,4509.428255543283
10,4509.428255621278
11,4509.428255562184
12,4509.428255588206
13,4507.897698081008
14,4507.897698113565
15,4507.897698057828
16,4507.897698088809
17,4509.428255603509
18,4507.89769809148
19,4509.428255580184
20,4507.897697994136
