Run,Cost
1,3417.3894820055007
2,3417.389482011223
3,3417.3894820208
4,3417.389482003725
5,3417.389482015206
6,3417.389481997697
7,3417.38948203789
8,3417.3894819812876
9,3417.3894820068117
10,3417.389482036393
11,3417.389482028472
12,3417.3894819781926
13,3417.3894819743496
14,3417.389482065508
15,3417.389482042494
16,3417.389481993382
17,3417.3894820361106
18,3417.3894820037194
19,3417.3894820226915
20,3417.389481973924
