Run,Cost
1,3411.283698524684
2,3411.283698476073
3,3411.283698484567
4,3411.2836985048225
5,3411.2836984675264
6,3411.283698483857
7,3411.283698515197
8,3411.283698535596
9,3411.2836985009185
10,3411.2836985017543
11,3411.28369851911
12,3411.2836984456794
13,3411.2836985075915
14,3411.283698491067
15,3411.283698469584
16,3411.2836984830883
17,3411.2836985103504
18,3411.283698489042
19,3411.2836984849396
20,3411.283698454651
