Run,Cost
1,4025.8721013246504
2,4025.9237172450453
3,4025.923717241699
4,4025.872101386508
5,4025.872101307628
6,4025.8721013125382
7,4025.8721012698693
8,4025.92371725428
9,4025.8721013205068
10,4025.8721012717265
11,4025.8721013377367
12,4025.872101293366
13,4025.872101296997
14,4025.9237172949724
15,4025.9237172679054
16,4025.923717324047
17,4025.9237173053307
18,4025.9237173129277
19,4025.8721013173013
20,4025.8721013195136
