Run,Cost
1,4033.974410362099
2,4033.9227944745294
3,4033.9227944838103
4,4033.922794452072
5,4033.974410445156
6,4033.922794330753
7,4033.922794402447
8,4033.9744104069373
9,4033.9744104544393
10,4033.9227944103854
11,4033.9744103953417
12,4033.974410371201
13,4033.9227944177323
14,4033.9227944735185
15,4033.922794395282
16,4033.9744103822986
17,4033.9227945014304
18,4033.922794464448
19,4033.9227944431545
20,4033.9227944280533
