Run,Cost
1,9975.305196378886
2,9975.305196493968
3,9975.305196467709
4,9975.305196425465
5,9975.305196438927
6,9975.305196511525
7,9975.305196510632
8,9975.30519645629
9,9975.3051965388
10,9975.30519646745
11,9975.305196405085
12,9975.305196479585
13,9975.305196414227
14,9975.30519654871
15,9975.305196451547
16,9975.305196449091
17,9975.305196468651
18,9975.305196513782
19,9975.305196418698
20,9975.305196456242
