Run,Cost
1,9980.03097354607
2,9980.030973556819
3,9980.03097360546
4,9980.030973578898
5,9980.03097347963
6,9980.030973532235
7,9979.852776961587
8,9980.030973571571
9,9980.030973580859
10,9979.852776964839
11,9979.852777021473
12,9980.030973454219
13,9980.030973571236
14,9980.030973566194
15,9979.852776869793
16,9979.852776940035
17,9980.03097354477
18,9980.03097350804
19,9980.030973575393
20,9979.852777002183
