Run,Cost
1,1894.886246664692
2,1894.886246678592
3,1894.8862466717424
4,1894.886246682914
5,1894.886246664564
6,1894.88624666783
7,1894.886246695551
8,1894.8862466885626
9,1894.8862466720834
10,1894.886246718103
11,1894.8862466991072
12,1894.886246684329
13,1894.8862467014678
14,1894.886246658094
15,1894.8862467047772
16,1894.8862467241647
17,1894.8862466814162
18,1894.8862466815792
19,1894.8862466662772
20,1894.8862466620074
