Run,Cost
1,1898.3467778261804
2,1898.3467778616696
3,1898.3467778219451
4,1898.3467778353456
5,1898.3467778490237
6,1898.346777865502
7,1898.3467778529878
8,1898.346777821042
9,1898.3467778518827
10,1898.346777852507
11,1898.34677784843
12,1898.3467778271233
13,1898.3467778229224
14,1898.3467778000966
15,1898.3467778157412
16,1898.3467778588317
17,1898.3467778680306
18,1898.346777822949
19,1898.346777841907
20,1898.3467778449988
