Run,Cost
1,5064.780107987874
2,5064.780108034758
3,5064.780108045702
4,5064.780108077299
5,5064.780107975216
6,5064.780108035073
7,5064.7801080102
8,5064.780108031839
9,5064.78010806407
10,5064.780107968959
11,5064.780108035809
12,5064.780108022108
13,5064.7801079961255
14,5064.780108028589
15,5064.7801080047
16,5064.780108044218
17,5064.780108026629
18,5064.78010801167
19,5064.7801080491
20,5064.780107991981
