Run,Cost
1,5059.83431519923
2,5059.834315137303
3,5059.834315198759
4,5059.834315206336
5,5059.834315238489
6,5059.834315173631
7,5059.834315218934
8,5059.834315198973
9,5059.8343151801
10,5059.834315150044
11,5059.834315194574
12,5059.83431519889
13,5059.834315188691
14,5059.8343151900535
15,5059.834315141025
16,5059.834315206363
17,5059.834315156546
18,5059.834315195273
19,5059.834315159008
20,5059.834315230921
