Run,Cost
1,10961.11428846429
2,10961.114288467463
3,10961.114288384653
4,10961.114288448432
5,10961.114288463668
6,10961.114288549841
7,10961.114288466868
8,10961.114288438745
9,10961.114288454319
10,10961.114288365208
11,10961.114288469944
12,10961.114288459405
13,10961.114288487795
14,10961.114288462
15,10961.114288463412
16,10961.114288510995
17,10961.11428846773
18,10961.114288447825
19,10961.114288496101
20,10961.114288419367
