Run,Cost
1,7404.303540331216
2,7404.303540340334
3,7404.268245569349
4,7404.303540328174
5,7404.268245598797
6,7404.3035403665535
7,7404.303540358075
8,7404.303540377268
9,7404.2682455378845
10,7404.303540375005
11,7404.303540233239
12,7404.26824552382
13,7404.303540351383
14,7404.268245527361
15,7404.268245575125
16,7404.268245610499
17,7404.268245600154
18,7404.268245545457
19,7404.303540356681
20,7404.268245623331
