Run,Cost
1,10973.980065644993
2,10973.980065556852
3,10973.98006561586
4,10973.98006551999
5,10973.980065628504
6,10973.980065462685
7,10973.980065564596
8,10973.980065549413
9,10973.980065605067
10,10973.980065636311
11,10973.980065501552
12,10973.980065557871
13,10973.980065518232
14,10974.957994924276
15,10973.98006555893
16,10973.980065546864
17,10973.980065552196
18,10974.957994855813
19,10973.980065527358
20,10974.957994868952
