Run,Cost
1,7409.219091434971
2,7409.2190914785815
3,7404.71931162574
4,7405.070568329933
5,7404.719311647098
6,7405.070568289034
7,7409.219091414097
8,7409.219091430417
9,7409.219091404042
10,7409.219091455681
11,7405.070568287919
12,7409.570348034363
13,7409.219091538294
14,7405.070568254224
15,7409.570348081049
16,7404.719311687729
17,7409.570348039151
18,7409.570348126898
19,7409.570348036234
20,7409.570348093022
