Run,Cost
1,4240.925489301084
2,4240.925489313285
3,4240.925489286169
4,4240.9254893156685
5,4240.925489296993
6,4240.925489336577
7,4240.925489296141
8,4240.925489304966
9,4240.925489328903
10,4240.925489300552
11,4240.925489324784
12,4240.925489341206
13,4240.925489289463
14,4240.925489308877
15,4240.925489320287
16,4240.925489335204
17,4240.925489304205
18,4240.925489290599
19,4240.925489282918
20,4240.92548924841
