Run,Cost
1,4246.014830567404
2,4246.014830515515
3,4246.01483058656
4,4246.014830578294
5,4246.014830545585
6,4246.01483051744
7,4246.014830547244
8,4246.0148305561515
9,4246.014830549203
10,4246.014830560378
11,4246.014830550535
12,4246.014830558872
13,4246.014830550338
14,4246.0148305981
15,4245.7330610296995
16,4246.014830519435
17,4246.014830527
18,4246.014830581565
19,4246.014830581966
20,4246.01483054318
