Run,Cost
1,1512.8465687907637
2,1512.846568744208
3,1512.8465687806674
4,1512.8465688002234
5,1512.8465687668604
6,1512.8465687833693
7,1512.8465687949779
8,1512.8465687560358
9,1512.846568760461
10,1512.8465688009842
11,1512.8465687728183
12,1512.8465687384567
13,1512.8465687696548
14,1512.8465687601583
15,1512.8465687634055
16,1512.846568778429
17,1512.846568758234
18,1512.8465687764763
19,1512.846568747356
20,1512.8465687713049
