Run,Cost
1,1521.6507417490127
2,1521.348326701225
3,1521.6507417452126
4,1521.796772782522
5,1521.796772772765
6,1521.2022956783737
7,1521.6507417534349
8,1521.3483267101722
9,1521.7967727922792
10,1521.2022956927128
11,1521.348326712941
12,1521.65074173951
13,1521.7967727848727
14,1521.6507417407663
15,1521.796772745165
16,1521.202295690262
17,1521.202295691908
18,1521.3483266937778
19,1521.6507417414728
20,1521.2022956524763
