Run,Cost
1,5027.480272129827
2,5027.909243451469
3,5027.909243391003
4,5027.480272067565
5,5027.480272118968
6,5027.480272067201
7,5027.480272116251
8,5027.909243419262
9,5027.909243425602
10,5027.9092434448685
11,5027.909243397222
12,5027.480272062719
13,5027.480272050939
14,5027.909243390438
15,5027.909243362675
16,5027.480272047292
17,5027.9092433746855
18,5027.48027206067
19,5027.909243369514
20,5027.909243417341
