Run,Cost
1,5023.957895762289
2,5023.957895763776
3,5023.957895850524
4,5023.957895717355
5,5023.957895812718
6,5023.9578957592585
7,5023.957895849163
8,5023.957895757502
9,5023.957895792035
10,5023.957895830567
11,5023.9578957649655
12,5023.957895749313
13,5023.957895749912
14,5023.957895761172
15,5023.95789579608
16,5023.957895760199
17,5023.957895775718
18,5023.95789571048
19,5023.957895789108
20,5023.957895741165
