Run,Cost
1,686.4312149211721
2,686.4312149030319
3,686.4312149326682
4,686.4312149010246
5,686.4312149242031
6,686.4312149247327
7,686.4312149286515
8,686.4312149337989
9,686.4312149467681
10,686.4312149337991
11,686.4312149134432
12,686.4312149211402
13,686.4312148934933
14,686.4312149033258
15,686.4312149219542
16,686.4312149008339
17,686.4312149363021
18,686.431214911479
19,686.4312149349776
20,686.4312149295386
