Run,Cost
1,686.4312149154454
2,686.4312149098653
3,686.4312149096377
4,686.4312149352792
5,686.4312149138615
6,686.4312149298049
7,686.4312149180685
8,686.4312149012683
9,686.4312149381719
10,686.4312149387534
11,686.43121492221
12,686.4312149287952
13,686.4312149115848
14,686.4312149214566
15,686.4312149041251
16,686.431214920088
17,686.4312149086114
18,686.4312149190591
19,686.431214938036
20,686.4312149240108
