Run,Cost
1,4647.1895627884605
2,4647.189562808115
3,4648.929322709062
4,4647.189562803603
5,4647.189562840326
6,4647.189562841384
7,4647.189562820918
8,4647.189562777566
9,4647.189562807065
10,4647.189562791272
11,4647.189562820526
12,4648.929322673489
13,4648.929322664699
14,4647.1895628331695
15,4647.189562812853
16,4647.189562843688
17,4648.929322677373
18,4647.189562814248
19,4648.929322676133
20,4648.929322668147
