Run,Cost
1,4649.111019614138
2,4649.111019613145
3,4649.111019622348
4,4649.111019637658
5,4649.11101960932
6,4649.111019601504
7,4649.111019636229
8,4649.111019587144
9,4649.111019638568
10,4649.111019623998
11,4649.111019619065
12,4649.111019626632
13,4649.111019652984
14,4649.111019622569
15,4649.111019592371
16,4649.111019656527
17,4649.111019662175
18,4649.111019628852
19,4649.111019611919
20,4649.111019615376
