Run,Cost
1,7248.001734587585
2,7248.001734576901
3,7242.601392978517
4,7248.00173456775
5,7242.601392997648
6,7248.001734573213
7,7242.601393001776
8,7242.6013929677265
9,7248.00173459973
10,7248.001734579535
11,7242.601392991881
12,7248.001734602603
13,7248.001734591439
14,7242.601393013955
15,7242.601392998067
16,7248.001734570897
17,7248.001734552064
18,7242.601393009826
19,7248.001734627552
20,7248.001734544013
