Run,Cost
1,7235.310608768806
2,7235.3106088867125
3,7235.310608830971
4,7235.310608840677
5,7235.310608850459
6,7235.310608803596
7,7235.310608788844
8,7235.310608839314
9,7235.310608777415
10,7235.310608845138
11,7235.310608807709
12,7235.310608842995
13,7235.3106087810165
14,7235.310608783994
15,7235.310608854743
16,7235.310608830008
17,7235.310608830104
18,7235.310608864835
19,7235.310608895434
20,7235.310608833123
