Run,Cost
1,1884.1288896132678
2,1884.1288896440813
3,1890.3336425531916
4,1886.1279083723628
5,1886.1279083255083
6,1890.3336425719133
7,1890.3336425296498
8,1884.12888965118
9,1886.1279083547033
10,1886.1279083331663
11,1888.3346238689337
12,1890.3336425626303
13,1884.1288896399142
14,1888.3346238421768
15,1886.1279083157795
16,1888.334623871727
17,1890.3336425497043
18,1884.1288896754559
19,1888.3346238486024
20,1890.3336425663226
