Run,Cost
1,2886.074849894807
2,2886.074849928581
3,2886.0748498815155
4,2886.0748498739317
5,2886.0748498671164
6,2886.0748498897524
7,2886.0748499024626
8,2886.074849897149
9,2886.0748498539333
10,2886.0748498494263
11,2886.0748498995886
12,2886.074849864432
13,2886.074849892008
14,2886.0748498733724
15,2886.0748498605635
16,2886.0748499142014
17,2886.0748499044803
18,2886.0748498547296
19,2886.0748498803905
20,2886.07484988673
