Run,Cost
1,2888.1119519967388
2,2888.11195200627
3,2888.1119519530034
4,2888.1119519814756
5,2888.111951948176
6,2888.111951975172
7,2888.111951947729
8,2888.1119519637914
9,2888.1119519768586
10,2888.111951947896
11,2888.111951945806
12,2888.1119519443228
13,2888.111951917662
14,2888.1119519849826
15,2888.1119519822005
16,2888.1119519641716
17,2888.111951985867
18,2888.1119519787812
19,2888.1119519830977
20,2888.111951967959
