Run,Cost
1,5044.641261032575
2,5044.641261014213
3,5045.477191208779
4,5044.641260981144
5,5044.6412610692105
6,5044.641261073118
7,5044.641261034273
8,5045.477191193855
9,5045.477191147121
10,5044.641261011945
11,5045.477191122999
12,5045.47719115483
13,5044.641261058356
14,5044.641261097865
15,5045.477191188435
16,5044.641261074162
17,5044.641261057417
18,5045.477191207016
19,5045.47719113446
20,5045.477191158691
