Run,Cost
1,5040.806476175228
2,5040.80647607648
3,5040.8064761475625
4,5040.806476076351
5,5040.806476071914
6,5040.8064761227915
7,5040.806476093987
8,5040.806476093175
9,5040.806476124275
10,5040.80647610733
11,5040.806476092766
12,5040.806476104952
13,5040.806476152808
14,5040.806476132557
15,5040.806476074193
16,5040.806476156651
17,5040.80647605778
18,5040.806476129982
19,5040.806476110454
20,5040.806476138712
