Run,Cost
1,2907.58701992195
2,2907.5870199288793
3,2907.5870199149995
4,2907.5870199515616
5,2907.5870199374544
6,2907.5870199183437
7,2907.587019925359
8,2907.5870198912985
9,2907.587019908313
10,2907.58701994633
11,2907.5870199472693
12,2907.5870199484975
13,2907.5870199467054
14,2907.5870199527694
15,2907.587019957599
16,2907.5870199343517
17,2907.587019939667
18,2907.587019940034
19,2907.5870199378587
20,2907.587019945133
