Run,Cost
1,2905.225103788288
2,2905.2251038088634
3,2905.225103821329
4,2905.225103815147
5,2905.225103825588
6,2905.225103825573
7,2905.2251038559407
8,2905.2251038081754
9,2905.225103829994
10,2905.225103808786
11,2905.2251038051295
12,2905.2251038156446
13,2905.225103818488
14,2905.2251037923106
15,2905.225103810262
16,2905.225103804727
17,2905.2251038232334
18,2905.225103859391
19,2905.2251038595236
20,2905.225103826908
