Run,Cost
1,2757.7468512712135
2,2757.7468512519845
3,2757.801336057628
4,2757.801336076408
5,2757.801336088185
6,2757.7468512866194
7,2757.746851192391
8,2757.7468512496753
9,2757.746851282972
10,2757.746851243921
11,2757.8013360861587
12,2757.8013361050034
13,2757.8013360766918
14,2757.8013360622394
15,2757.7468512209825
16,2757.801336044848
17,2757.8013360985356
18,2757.8013360264586
19,2757.746851282914
20,2757.8013360680343
