Run,Cost
1,2752.433606652931
2,2752.379121825404
3,2752.379121878714
4,2752.4336066800897
5,2752.4336066914075
6,2752.433606681299
7,2752.4336067030076
8,2752.4336066416977
9,2752.433606692206
10,2752.379121828004
11,2752.3791218367646
12,2752.4336066734986
13,2752.4336066416463
14,2752.4336066499773
15,2752.4336067262316
16,2752.37912187149
17,2752.4336066712426
18,2752.4336066534815
19,2752.3791218857896
20,2752.433606676659
