Run,Cost
1,7262.693717681759
2,7262.945718751606
3,7262.945718695964
4,7262.945718584904
5,7262.945718611433
6,7262.693717651607
7,7262.693717643486
8,7262.6937177270265
9,7262.693717715265
10,7262.693717620936
11,7262.9457186958625
12,7262.693717658244
13,7262.94571871731
14,7262.94571865225
15,7262.945718706986
16,7262.693717700403
17,7262.945718574833
18,7262.9457186809495
19,7262.945718709122
20,7262.693717712596
