Run,Cost
1,7266.549364562967
2,7266.549364559438
3,7266.549364515752
4,7266.549364463296
5,7266.549364548317
6,7266.549364509294
7,7266.54936460614
8,7266.549364506575
9,7266.549364483884
10,7266.549364549735
11,7266.549364561913
12,7266.54936451806
13,7266.549364561248
14,7266.549364559899
15,7266.549364560124
16,7266.549364492446
17,7266.549364555124
18,7266.549364543811
19,7266.549364561046
20,7266.549364519225
