Run,Cost
1,2276.251170004051
2,2276.251170040307
3,2276.251170052973
4,2276.2511700577943
5,2276.251169989735
6,2276.2511700051537
7,2276.251169973367
8,2276.251170059859
9,2276.251169979921
10,2276.251170023616
11,2276.2511700323275
12,2276.251170051542
13,2276.251170014082
14,2276.2511700147206
15,2276.2511699955944
16,2276.25117003446
17,2276.2511700243704
18,2276.251170030964
19,2276.251170050662
20,2276.25117000386
