Run,Cost
1,2273.0301551030957
2,2273.0301551279754
3,2273.0301551494135
4,2273.0301551169314
5,2273.0301550845256
6,2273.0301551258626
7,2273.0301551356088
8,2273.0301551778753
9,2273.0301551330936
10,2273.030155142901
11,2273.030155121951
12,2273.030155077952
13,2273.03015512574
14,2273.0301551296393
15,2273.030155166912
16,2273.030155133757
17,2273.0301551091825
18,2273.0301551601706
19,2273.0301551259436
20,2273.0301550956965
