Run,Cost
1,6571.655499637097
2,6571.655499640572
3,6571.655499609604
4,6571.655499649116
5,6571.655499623808
6,6571.655499670287
7,6571.65549960042
8,6571.655499680236
9,6571.655499633181
10,6571.655499603943
11,6571.655499620132
12,6571.655499561821
13,6571.655499602319
14,6571.655499666268
15,6571.655499576724
16,6571.655499639911
17,6571.6554996491395
18,6571.655499618314
19,6571.655499619123
20,6571.655499645551
