Run,Cost
1,6564.9009737802035
2,6564.9009737774295
3,6564.900973791273
4,6564.90097381898
5,6564.900973833228
6,6564.900973811198
7,6564.900973735502
8,6564.900973732609
9,6564.900973805622
10,6564.900973751414
11,6564.900973728516
12,6564.90097377323
13,6564.900973750638
14,6564.90097375983
15,6564.900973768653
16,6564.900973819976
17,6564.900973768035
18,6564.900973789289
19,6564.900973732875
20,6564.900973764833
