Run,Cost
1,7907.231315298056
2,7907.231315362357
3,7907.231315390697
4,7907.231315402893
5,7907.2313154309595
6,7907.231315397407
7,7907.231315389617
8,7907.231315343835
9,7907.231315381312
10,7907.231315478229
11,7907.231315404009
12,7907.231315377524
13,7907.2313153507
14,7907.231315378133
15,7907.231315391843
16,7907.231315400286
17,7907.231315334746
18,7907.231315412571
19,7907.231315388456
20,7907.231315383706
