Run,Cost
1,7922.416774070361
2,7922.416774138333
3,7922.416774148186
4,7922.416774139285
5,7922.416774138064
6,7922.416774140447
7,7922.416774147963
8,7922.416774135487
9,7922.416774108252
10,7922.416774159645
11,7922.416774154294
12,7922.416774244335
13,7922.416774132769
14,7922.4167741383235
15,7922.416774185001
16,7922.416774026534
17,7922.416774179769
18,7922.416774139963
19,7922.416774129737
20,7922.416774179386
