Run,Cost
1,3201.8294292871674
2,3201.8294293031904
3,3201.8294292601695
4,3201.8294293265503
5,3201.829429318666
6,3201.8294293022846
7,3201.829429328253
8,3201.829429324883
9,3201.829429293556
10,3201.8294292863225
11,3201.829429266699
12,3201.8294292808478
13,3201.8294293371755
14,3201.829429347351
15,3201.829429296484
16,3201.829429295644
17,3201.829429327377
18,3201.829429275075
19,3201.829429365904
20,3201.8294293208965
