Run,Cost
1,3195.309038331388
2,3195.3090383119647
3,3195.3090382839073
4,3195.309038293258
5,3195.3090383192725
6,3195.3090383261097
7,3195.3090383498743
8,3195.3090383035565
9,3195.309038338509
10,3195.3090383107774
11,3195.3090383237077
12,3195.3090382674955
13,3195.3090383378926
14,3195.309038319766
15,3195.309038310657
16,3195.3090382785977
17,3195.3090383266754
18,3195.309038378406
19,3195.3090383447634
20,3195.309038368112
