Run,Cost
1,6011.775048852999
2,6011.77504886878
3,6012.332582292631
4,6012.332582257337
5,6012.332582265309
6,6011.775048853412
7,6011.775048872082
8,6012.332582247325
9,6012.332582250343
10,6011.775048871177
11,6012.332582250322
12,6012.3325822221
13,6012.332582277535
14,6011.775048857265
15,6012.332582257284
16,6011.775048846488
17,6012.332582229185
18,6012.332582188497
19,6012.332582265765
20,6011.775048879647
