Run,Cost
1,1627.8303391324098
2,1627.8303391211875
3,1627.8303391227053
4,1627.8303391166328
5,1627.830339126698
6,1627.830339136976
7,1627.8303390831838
8,1627.830339129799
9,1627.830339144852
10,1627.8303391373545
11,1627.8303391218356
12,1627.8303391363077
13,1627.8303391228485
14,1627.8303391139186
15,1627.8303390977437
16,1627.8303391413097
17,1627.8303391185511
18,1627.8303391581665
19,1627.8303391198501
20,1627.830339158825
