Run,Cost
1,6009.326068494664
2,6009.326068452543
3,6009.326068482031
4,6009.326068454043
5,6009.326068439901
6,6009.326068475227
7,6009.326068454174
8,6009.326068452103
9,6009.326068476387
10,6009.326068553898
11,6009.326068455256
12,6009.3260684773395
13,6009.32606842921
14,6009.3260684918805
15,6009.326068502163
16,6009.32606846884
17,6009.326068470601
18,6009.32606846488
19,6009.326068442114
20,6009.326068446996
