Run,Cost
1,1627.8063856558672
2,1627.8063856808903
3,1627.8063856420993
4,1627.8063856266938
5,1627.8063856386457
6,1627.8063856509473
7,1627.8063856259657
8,1627.8063856634883
9,1627.8063856472031
10,1627.8063856281415
11,1627.8063856537858
12,1627.8063856398778
13,1627.8063856174813
14,1627.8063856277306
15,1627.8063856416638
16,1627.8063856340748
17,1627.8063856283425
18,1627.8063856535337
19,1627.8063856253675
20,1627.806385646728
