Run,Cost
1,5226.54511404437
2,5227.120161169033
3,5227.120161186248
4,5227.1201611702045
5,5227.120161119063
6,5227.120161127515
7,5227.120161116886
8,5226.545114018701
9,5227.1201611447805
10,5227.12016118879
11,5227.120161221171
12,5227.120161170698
13,5227.120161099113
14,5226.545114105467
15,5227.12016114586
16,5226.545114085272
17,5226.545114043283
18,5226.545114070189
19,5227.120161197673
20,5226.545114037383
