Run,Cost
1,5226.179284502823
2,5226.844428418796
3,5226.179284484442
4,5226.179284582071
5,5226.17928453638
6,5226.844428428481
7,5226.844428402742
8,5226.179284525485
9,5226.844428545711
10,5226.844428444296
11,5226.179284520983
12,5226.8444284661755
13,5226.844428433354
14,5226.844428487972
15,5226.844428446618
16,5226.179284524346
17,5226.844428448984
18,5226.179284488735
19,5226.844428460429
20,5226.844428427731
