Run,Cost
1,1804.3899091470953
2,1804.3899091402143
3,1804.3899091282804
4,1804.3899091318563
5,1804.3899091365538
6,1804.3899091492049
7,1804.3899091134324
8,1804.3899090917962
9,1804.389909107578
10,1804.3899091639769
11,1804.3899091055034
12,1804.3899091239728
13,1804.3899091311666
14,1804.389909152582
15,1804.3899091595015
16,1804.389909104139
17,1804.389909113431
18,1804.389909109379
19,1804.389909119418
20,1804.3899091452308
