Run,Cost
1,2010.644121172335
2,2010.6441211756628
3,2010.6441211928136
4,2010.6441211880333
5,2010.6441211691645
6,2010.6441211614933
7,2010.644121183235
8,2010.644121194093
9,2010.6441211631336
10,2010.644121180782
11,2010.644121176206
12,2010.6441211568756
13,2010.644121188228
14,2010.6441211750237
15,2010.644121218754
16,2010.6441211613303
17,2010.6441211827475
18,2010.644121177205
19,2010.6441211772983
20,2010.6441212010368
