Run,Cost
1,2010.7590664908696
2,2010.7590664895793
3,2010.759066487793
4,2010.7590664567836
5,2010.7590665195323
6,2010.7590664924605
7,2010.7590664586621
8,2010.7590664669985
9,2010.7590665017326
10,2010.7590664680367
11,2010.7590664884397
12,2010.7590664941117
13,2010.7590664984714
14,2010.7590664907816
15,2010.759066506268
16,2010.7590665055723
17,2010.75906645304
18,2010.7590665151677
19,2010.7590664580619
20,2010.7590665000282
