Run,Cost
1,3768.3736107585405
2,3768.3736107450763
3,3768.373610792011
4,3768.3736107926707
5,3768.3736107931
6,3768.373610793051
7,3768.373610819978
8,3768.373610766458
9,3768.373610784962
10,3768.3736107990967
11,3768.3736108004505
12,3768.3736107750287
13,3768.3736107988625
14,3768.3736107808286
15,3768.3736107701393
16,3768.373610752595
17,3768.373610773018
18,3768.3736108271405
19,3768.3736107705945
20,3768.3736107653904
