Run,Cost
1,3755.056492324403
2,3755.0564922931762
3,3755.0564922729195
4,3755.056492289562
5,3755.056492318102
6,3755.0564923238744
7,3755.0564922882018
8,3755.05649228572
9,3755.056492278836
10,3755.056492298418
11,3755.0564922840144
12,3755.0564922945814
13,3755.056492260408
14,3755.056492286417
15,3755.0564923180327
16,3755.056492274342
17,3755.0564922752387
18,3755.056492286134
19,3755.0564923088577
20,3755.056492301479
