Run,Cost
1,6764.923693889253
2,6764.923693926512
3,6764.923693965586
4,6764.923693935014
5,6764.9236939706325
6,6764.923693902179
7,6764.923693914479
8,6764.923693874057
9,6764.923693916604
10,6764.923693970422
11,6764.923693897091
12,6764.923693919873
13,6764.923693964522
14,6764.923693936579
15,6764.923693891657
16,6764.923694003719
17,6764.9236939266075
18,6764.923693930353
19,6764.923693978172
20,6764.923693937702
