Run,Cost
1,6762.718405309692
2,6762.718405377707
3,6763.405269399017
4,6762.718405329911
5,6763.4052694027305
6,6762.718405383636
7,6762.718405389065
8,6763.405269438626
9,6763.405269387461
10,6763.405269395738
11,6763.405269431122
12,6762.71840536157
13,6762.718405395931
14,6763.405269350006
15,6763.405269353724
16,6763.405269410833
17,6763.405269358689
18,6762.718405374745
19,6763.405269377772
20,6762.718405324343
