Run,Cost
1,12682.048973226827
2,12682.048973415933
3,12682.048973352805
4,12682.048973346367
5,12682.048973258567
6,12682.048973313147
7,12682.04897333745
8,12682.048973308816
9,12682.048973416064
10,12682.048973328465
11,12682.0489732363
12,12682.048973257743
13,12682.048973415143
14,12682.048973374593
15,12682.048973319315
16,12682.048973260533
17,12682.048973369754
18,12682.048973297946
19,12682.048973306939
20,12682.04897349002
