Run,Cost
1,5130.308510693197
2,5130.30851072145
3,5130.308510731305
4,5130.308510719202
5,5130.308510704245
6,5130.308510760863
7,5130.308510717729
8,5130.308510699634
9,5130.308510745652
10,5130.308510663364
11,5130.308510726189
12,5130.308510764375
13,5130.308510723165
14,5130.308510721767
15,5130.308510743262
16,5130.308510753614
17,5130.30851072431
18,5130.308510716651
19,5130.308510725168
20,5130.308510720931
