Run,Cost
1,5130.903863364896
2,5130.903863365178
3,5130.903863330238
4,5130.903863331901
5,5130.90386336652
6,5130.903863359135
7,5130.903863382769
8,5130.903863368245
9,5130.903863326347
10,5130.903863377693
11,5130.903863331279
12,5130.903863403227
13,5130.903863334241
14,5130.90386340012
15,5130.903863367265
16,5130.903863354848
17,5130.903863370966
18,5130.903863336545
19,5130.90386337934
20,5130.903863371817
