Run,Cost
1,3132.668848590872
2,3132.6688485931295
3,3132.6688485625505
4,3132.6688485512127
5,3132.6688485720374
6,3132.6688485784966
7,3132.6688485870886
8,3132.6688485817504
9,3132.6688485559202
10,3132.6688485751038
11,3132.668848596492
12,3132.6688485690634
13,3132.668848576045
14,3132.6688485847044
15,3132.668848586728
16,3132.668848579485
17,3132.6688485379614
18,3132.668848544364
19,3132.6688485441737
20,3132.6688485407085
