Run,Cost
1,3385.5508764226197
2,3385.5508764312003
3,3385.5508764294214
4,3385.032649346787
5,3385.5508763932967
6,3385.5508764109486
7,3385.0326492900404
8,3385.550876432528
9,3385.0326493595385
10,3385.0326493717353
11,3385.5508764339174
12,3385.032649329628
13,3385.5508764150604
14,3385.0326493580874
15,3385.550876367273
16,3385.0326493739344
17,3385.550876393378
18,3385.0326493929465
19,3385.5508764300803
20,3385.550876405583
