Run,Cost
1,3381.3012319683166
2,3381.301231945053
3,3381.3012319585514
4,3381.3012319347304
5,3381.3012319401323
6,3381.3012319386607
7,3381.301231976954
8,3381.301231945682
9,3381.301231946029
10,3381.30123194984
11,3381.3012319493255
12,3381.3012319281374
13,3381.3012319472296
14,3381.301231980814
15,3381.301231921855
16,3381.3012319723916
17,3381.301231933563
18,3381.3012319409713
19,3381.3012319281625
20,3381.3012319507134
