Run,Cost
1,3144.2228721744696
2,3147.8072475494987
3,3144.2228721683173
4,3144.0844211821036
5,3147.9456984660583
6,3144.222872157833
7,3144.2228721500737
8,3144.084421178462
9,3144.222872132805
10,3147.807247512577
11,3144.2228721527813
12,3147.945698475073
13,3144.084421219407
14,3144.084421189429
15,3147.807247557989
16,3144.2228721125684
17,3144.0844211882168
18,3144.2228721550932
19,3147.9456984800927
20,3144.0844212042753
