Run,Cost
1,1495.995285527933
2,1495.9952855586937
3,1495.995285555678
4,1495.9952855538331
5,1495.9952855516913
6,1495.9952855333204
7,1495.9952855342542
8,1495.9952855265021
9,1495.9952855287324
10,1495.9952855440658
11,1495.9952855367892
12,1495.9952855233332
13,1495.9952855416993
14,1495.995285543669
15,1495.995285570228
16,1495.99528554907
17,1495.9952855555775
18,1495.9952855513973
19,1495.9952855515335
20,1495.9952855671024
