Run,Cost
1,1496.4137757086373
2,1496.4137757274984
3,1496.413775722381
4,1496.4137757053875
5,1496.4137757348376
6,1496.4137757252013
7,1496.4137756774253
8,1496.4137757172305
9,1496.413775737704
10,1496.4137757016676
11,1496.413775740863
12,1496.4137757389828
13,1496.4137757003791
14,1496.4137757085912
15,1496.413775690709
16,1496.4137757426477
17,1496.4137756989178
18,1496.4137757395017
19,1496.4137757317164
20,1496.413775710496
