Run,Cost
1,1893.3329926676158
2,1893.3329926148579
3,1893.332992687845
4,1893.3329926740287
5,1893.3329926667489
6,1893.3329926674319
7,1893.3329926801416
8,1893.3329926637145
9,1893.3329926501472
10,1893.3329926624012
11,1893.332992695154
12,1893.3329926628783
13,1893.3329926564572
14,1893.3329926775577
15,1893.3329926594922
16,1893.332992641582
17,1893.3329926417646
18,1893.3329926616393
19,1893.3329926643569
20,1893.3329926583194
