Run,Cost
1,1892.667944521786
2,1892.6679444933484
3,1892.6679445087616
4,1892.6679445354646
5,1892.667944515469
6,1892.66794451909
7,1892.6679445061561
8,1892.6679445202765
9,1892.667944505199
10,1892.6679445064233
11,1892.6679444957754
12,1892.6679445233099
13,1892.6679445073464
14,1892.6679445102695
15,1892.6679445511913
16,1892.6679445234154
17,1892.6679445157922
18,1892.667944493131
19,1892.667944512472
20,1892.6679444919964
