Run,Cost
1,2301.4194368271274
2,2301.419436837684
3,2301.419436866901
4,2301.419436819262
5,2301.4194368298663
6,2301.4194368436324
7,2301.419436843154
8,2301.4194368082362
9,2301.4194368343747
10,2301.4194368474978
11,2301.4194368321273
12,2301.419436790494
13,2301.4194368389435
14,2301.4194368248777
15,2301.41943682924
16,2301.4194368516996
17,2301.4194368312556
18,2301.4194368396097
19,2301.4194368347053
20,2301.419436822443
