Run,Cost
1,2301.470145505222
2,2301.47014551401
3,2301.4701455291315
4,2301.470145521238
5,2301.4701455197933
6,2301.4701455141894
7,2301.470145480215
8,2301.4701455052505
9,2301.470145559859
10,2301.4701454703527
11,2301.47014548264
12,2301.470145500544
13,2301.4701454920314
14,2301.470145512737
15,2301.470145512133
16,2301.470145513954
17,2301.4701455208606
18,2301.470145543112
19,2301.4701454964525
20,2301.470145520571
