Run,Cost
1,8587.74014822343
2,8587.740148250054
3,8587.740148186205
4,8587.740148197221
5,8589.470519155771
6,8589.470519151622
7,8589.47051926089
8,8587.740148240715
9,8589.470519276152
10,8587.740148183464
11,8589.470519235787
12,8587.740148151785
13,8587.74014820221
14,8587.740148156552
15,8589.470519221131
16,8587.74014822198
17,8587.74014819751
18,8587.740148217033
19,8589.470519262459
20,8589.470519179538
