Run,Cost
1,6634.982344274404
2,6634.9823442466495
3,6634.982344255083
4,6634.98234421487
5,6634.982344225556
6,6634.982344230918
7,6634.98234424378
8,6634.982344253236
9,6634.982344221872
10,6634.982344278349
11,6634.982344213026
12,6634.98234423247
13,6634.982344225762
14,6634.982344232514
15,6634.982344255479
16,6634.98234422419
17,6634.982344288021
18,6634.982344243369
19,6634.982344209276
20,6634.98234421174
