Run,Cost
1,8590.462872158667
2,8590.462872100714
3,8590.462872221797
4,8590.462872189299
5,8590.462872106214
6,8590.462872201744
7,8590.462872128348
8,8590.46287215005
9,8590.462872148059
10,8590.46287215618
11,8590.462872193935
12,8590.462872194432
13,8590.46287223343
14,8590.462872192491
15,8590.462872182437
16,8590.462872155746
17,8590.462872137536
18,8590.462872227225
19,8590.462872192873
20,8590.462872078366
