Run,Cost
1,5063.1471260890075
2,5063.14712604139
3,5063.147126114433
4,5063.147126031435
5,5063.14712604641
6,5063.14712607743
7,5063.1471260886
8,5063.147126036713
9,5063.1471260485405
10,5063.147126041606
11,5063.147126054125
12,5063.147125989295
13,5063.147126003761
14,5063.147126103269
15,5063.14712603893
16,5063.147126024479
17,5063.147126044996
18,5063.147126102764
19,5063.147126061207
20,5063.1471260725
