Run,Cost
1,5067.195051901268
2,5067.195051969136
3,5067.195051929411
4,5067.195051908235
5,5067.195051946078
6,5067.19505195239
7,5067.195051982031
8,5067.195051919588
9,5067.195051861907
10,5067.195051889181
11,5067.195051920149
12,5067.19505192321
13,5067.195051912813
14,5067.195051878689
15,5067.195051917984
16,5067.1950519296915
17,5067.195051970596
18,5067.195051926801
19,5067.195051877265
20,5067.195051904757
