Run,Cost
1,335.42620231579593
2,335.4262023127979
3,335.4262023060224
4,335.42620230822655
5,335.4262023272845
6,335.42620230361945
7,335.4262023104404
8,335.42620230772246
9,335.4262023177865
10,335.4262023091574
11,335.42620231449104
12,335.4262023155362
13,335.4262023095758
14,335.4262023076937
15,335.4262023007903
16,335.4262023173216
17,335.4262023122775
18,335.42620233228956
19,335.4262023192392
20,335.426202306426
