Run,Cost
1,335.42620231675676
2,335.42620230719797
3,335.42620230133457
4,335.42620231529133
5,335.42620230850645
6,335.42620232162625
7,335.42620231298366
8,335.42620231967646
9,335.4262023205504
10,335.4262023262215
11,335.4262023193983
12,335.42620231564996
13,335.42620230877014
14,335.4262023258346
15,335.42620231204984
16,335.42620231957466
17,335.42620231376276
18,335.426202325213
19,335.426202318681
20,335.42620232328534
