Run,Cost
1,7835.517613851379
2,7835.51761378294
3,7835.517613816301
4,7835.517613805954
5,7835.517613808683
6,7835.51761375232
7,7835.517613749285
8,7835.517613833509
9,7835.517613901198
10,7835.517613832713
11,7835.517613777088
12,7835.517613836357
13,7835.517613741919
14,7835.517613802347
15,7835.517613826969
16,7835.517613790746
17,7835.517613795349
18,7835.517613768006
19,7835.517613725985
20,7835.517613767469
