Run,Cost
1,7833.222773603808
2,7833.22277356313
3,7831.467949545819
4,7831.467949603518
5,7831.467949598828
6,7830.786221755727
7,7833.222773527584
8,7833.441538768591
9,7833.441538861849
10,7833.441538817859
11,7832.75981107513
12,7830.786221752725
13,7832.978576261293
14,7831.249184328786
15,7833.222773583537
16,7831.249184356124
17,7833.441538828064
18,7831.249184250263
19,7833.441538844738
20,7830.78622178276
