Run,Cost
1,6616.4807951618905
2,6616.480795154127
3,6616.480795114228
4,6616.480795120194
5,6616.480795160363
6,6616.480795170939
7,6616.480795176164
8,6616.480795087979
9,6616.4807950634995
10,6616.480795144155
11,6616.480795169731
12,6616.480795143108
13,6616.48079517581
14,6616.480795189233
15,6616.48079511158
16,6616.480795120843
17,6616.480795108835
18,6616.480795128101
19,6616.480795187539
20,6616.480795096283
