Run,Cost
1,6613.0524501546115
2,6613.052450224772
3,6613.052450184451
4,6613.0524502132
5,6613.052450200589
6,6613.052450157505
7,6613.052450149084
8,6613.052450162618
9,6613.052450191235
10,6613.052450181956
11,6613.052450203582
12,6613.052450110606
13,6613.052450193327
14,6613.05245017627
15,6613.052450221306
16,6613.052450172764
17,6613.052450228746
18,6613.05245011293
19,6613.052450178939
20,6613.052450145257
