Run,Cost
1,3354.633366084744
2,3354.633366087585
3,3354.6333660893883
4,3354.6333660858004
5,3354.633366057408
6,3354.633366094404
7,3354.63336605299
8,3354.633366091522
9,3354.633366022996
10,3354.6333660830846
11,3354.6333660541354
12,3354.6333660431883
13,3354.633366064585
14,3354.63336609073
15,3354.6333661006784
16,3354.633366072019
17,3354.633366030827
18,3354.6333660768046
19,3354.6333660618116
20,3354.6333660676755
