Run,Cost
1,3355.3919371767406
2,3355.391937104776
3,3355.3919371588067
4,3355.391937173526
5,3355.39193714042
6,3355.3919371684347
7,3354.019583899505
8,3354.0195839089274
9,3355.391937162286
10,3355.391937152804
11,3354.0195839053326
12,3355.3919371240436
13,3355.3919371792012
14,3355.391937163161
15,3354.0195838744157
16,3355.391937138834
17,3355.391937114392
18,3355.391937098437
19,3355.3919371333736
20,3354.0195839326793
