Run,Cost
1,1876.3791837378278
2,1876.3791837425842
3,1876.3791837418742
4,1876.3791837152808
5,1876.3791837512917
6,1876.379183732117
7,1876.3791837351187
8,1876.3791837436663
9,1876.3791837391877
10,1876.3791836965631
11,1876.3791837461304
12,1876.3791837358929
13,1876.3791837155923
14,1876.3791837248145
15,1876.3791837258707
16,1876.379183738562
17,1876.37918374433
18,1876.3791837167905
19,1876.3791837012384
20,1876.3791837562146
