Run,Cost
1,9405.203128957382
2,9405.20312891959
3,9405.203128946803
4,9405.20312895895
5,9405.203128945182
6,9405.203128918183
7,9405.203128937597
8,9405.203128945737
9,9405.203128949957
10,9405.203128870711
11,9405.203128907586
12,9405.203128865998
13,9405.203128910087
14,9405.203128923116
15,9405.203128916444
16,9405.20312893895
17,9405.203128883812
18,9405.203128942308
19,9405.203128859952
20,9405.203128869232
