Run,Cost
1,9395.511695810486
2,9395.51169579098
3,9395.511695645026
4,9395.511695752431
5,9395.51169577103
6,9395.511695713361
7,9395.51169575652
8,9395.511695816755
9,9395.511695769457
10,9395.511695735122
11,9395.511695747191
12,9395.511695776531
13,9395.51169575471
14,9395.511695720721
15,9395.511695785512
16,9395.511695724781
17,9395.511695780582
18,9395.511695746753
19,9395.511695707854
20,9395.51169573409
