Run,Cost
1,8902.094822314395
2,8904.923371682145
3,8901.733532369335
4,8903.78916105582
5,8903.789160977849
6,8901.733532271015
7,8901.733532369464
8,8904.150451000034
9,8902.094822262125
10,8901.73353235696
11,8901.73353233989
12,8904.923371696183
13,8902.094822434736
14,8901.733532311697
15,8902.867743056857
16,8902.867743063525
17,8904.150450947975
18,8902.094822349416
19,8902.094822385969
20,8902.094822391933
