Run,Cost
1,8893.534552297178
2,8893.534552268593
3,8893.53455233939
4,8893.5345523033
5,8893.534552281004
6,8893.534552337573
7,8893.534552287769
8,8893.534552310433
9,8893.534552298775
10,8893.534552320403
11,8893.534552325653
12,8893.53455228604
13,8893.53455230972
14,8893.534552351852
15,8893.5345522771
16,8893.534552346278
17,8893.534552383297
18,8893.53455228307
19,8893.53455228527
20,8893.534552292516
