Run,Cost
1,5985.265058433287
2,5986.026193359515
3,5985.265058470513
4,5985.265058446967
5,5986.026193375959
6,5986.026193421719
7,5985.265058490134
8,5986.026193402176
9,5985.2650584047815
10,5986.026193367577
11,5986.026193453948
12,5985.265058435277
13,5985.2650584290295
14,5985.265058467041
15,5986.026193371726
16,5986.02619334902
17,5986.026193367455
18,5986.026193397415
19,5985.265058432514
20,5986.026193385112
