Run,Cost
1,5983.12143436451
2,5983.121434356502
3,5983.121434378599
4,5983.121434364845
5,5983.121434447167
6,5983.121434418643
7,5983.121434387954
8,5983.121434372476
9,5983.121434338353
10,5983.12143442128
11,5983.121434379327
12,5983.121434440389
13,5983.12143435035
14,5983.121434454341
15,5983.121434385865
16,5983.121434388766
17,5983.12143440777
18,5983.121434448044
19,5983.121434406417
20,5983.121434382767
