Run,Cost
1,4192.792533983816
2,4192.792533998808
3,4192.792534032566
4,4192.79253398715
5,4192.792534020087
6,4192.792534018998
7,4192.792533934306
8,4192.792534006481
9,4192.792534029591
10,4192.792533980906
11,4192.792534004947
12,4192.792534009479
13,4192.7925340556485
14,4192.792534026314
15,4192.792534026681
16,4192.792533972036
17,4192.792534014163
18,4192.79253401951
19,4192.792534001957
20,4192.792534061627
