Run,Cost
1,4195.018890644474
2,4195.018890669039
3,4195.018890671585
4,4195.0188906872245
5,4195.018890669744
6,4195.0188906700005
7,4195.018890705719
8,4195.018890646625
9,4195.018890696205
10,4195.018890641784
11,4195.018890675576
12,4195.018890689459
13,4195.0188906463645
14,4195.018890638043
15,4195.018890662584
16,4195.018890654435
17,4195.018890670327
18,4195.018890673273
19,4195.018890701817
20,4195.018890664662
