Run,Cost
1,3332.2086290228526
2,3332.2086290485836
3,3332.2086290124785
4,3332.2086290713432
5,3332.2086290063457
6,3332.208629042185
7,3332.2086290206958
8,3332.208629008641
9,3332.2086290321417
10,3332.2086290056354
11,3332.2086290083853
12,3332.208629045427
13,3332.2086289792182
14,3332.208629003226
15,3332.208629041763
16,3332.208629024958
17,3332.2086290132956
18,3332.20862900175
19,3332.208629022081
20,3332.208629027075
