Run,Cost
1,3335.5973662485503
2,3335.5973662761226
3,3335.597366293943
4,3335.597366245082
5,3335.5973662792812
6,3335.5973662895603
7,3335.5973662971205
8,3335.597366284498
9,3335.597366285681
10,3335.597366277887
11,3335.597366242269
12,3335.5973663076347
13,3335.5973662864208
14,3335.5973662837255
15,3335.5973662656393
16,3335.597366232233
17,3335.5973662979873
18,3335.597366282685
19,3335.5973662504716
20,3335.597366292231
