Run,Cost
1,13156.518760913275
2,13156.518760955782
3,13156.518760873907
4,13156.518760870176
5,13156.518760845558
6,13156.518760924795
7,13156.518760852467
8,13156.518760847353
9,13156.51876090077
10,13156.518760871408
11,13156.518760933683
12,13156.518760964265
13,13156.518760958359
14,13156.518760932866
15,13156.51876092452
16,13156.518760915871
17,13156.518760838178
18,13156.518760906903
19,13156.518760960358
20,13156.51876087631
