Run,Cost
1,13141.8391962654
2,13141.839196347333
3,13141.839196353825
4,13141.839196287312
5,13141.839196300045
6,13141.839196298331
7,13141.839196309804
8,13141.839196249291
9,13141.839196313473
10,13141.839196395324
11,13141.839196334256
12,13141.839196331715
13,13141.839196341745
14,13141.83919628221
15,13141.839196281513
16,13141.83919633185
17,13141.839196235185
18,13141.83919625782
19,13141.839196221224
20,13141.839196304858
