Run,Cost
1,4612.977266320457
2,4614.695762253552
3,4614.695762243511
4,4614.695762253209
5,4614.695762235602
6,4614.695762287499
7,4614.695762256156
8,4614.695762237984
9,4614.695762290044
10,4612.977266349588
11,4614.6957622622995
12,4614.695762260315
13,4612.977266317781
14,4614.695762254609
15,4614.695762289298
16,4614.695762182956
17,4612.9772663266385
18,4614.695762237529
19,4612.977266312544
20,4614.69576224357
