Run,Cost
1,4612.681895179052
2,4612.681895215457
3,4612.681895172168
4,4612.681895179289
5,4612.681895193104
6,4612.681895182614
7,4612.681895184661
8,4612.681895199583
9,4612.681895183581
10,4612.681895209896
11,4612.681895250119
12,4612.681895124856
13,4612.681895175433
14,4612.681895204731
15,4612.681895196364
16,4612.68189515574
17,4612.681895213052
18,4612.681895255736
19,4612.681895118309
20,4612.681895178349
