Run,Cost
1,824.7597200508303
2,824.7597200748484
3,824.7597200806141
4,824.759720062917
5,824.7597200536653
6,824.75972005524
7,824.7597200618319
8,824.7597200617098
9,824.7597200546252
10,824.7597200669538
11,824.7597200656052
12,824.7597200761688
13,824.7597200598327
14,824.7597200784807
15,824.7597200620162
16,824.7597200652935
17,824.7597200976703
18,824.7597200572374
19,824.7597200705528
20,824.759720051956
