Run,Cost
1,825.105097324039
2,825.1050973097433
3,825.1050973113879
4,825.1050973417658
5,825.1050973485125
6,825.1050973163257
7,825.1050972929309
8,825.1050973113342
9,825.1050973187304
10,825.1050973162513
11,825.1050973238841
12,825.1050972844445
13,825.1050973042657
14,825.1050973197061
15,825.1050973314352
16,825.1050973129619
17,825.1050973280743
18,825.1050973116398
19,825.1050973125316
20,825.1050973061385
