Run,Cost
1,878.3044272145788
2,878.3044272246966
3,878.3044272113837
4,878.3044272241582
5,878.3044272095032
6,878.3044272227943
7,878.3044272444131
8,878.3044272287425
9,878.3044272249272
10,878.3044272171314
11,878.3044272057369
12,878.3044272222538
13,878.3044272272639
14,878.3044272262694
15,878.3044272146408
16,878.3044272172314
17,878.3044272107868
18,878.3044272039277
19,878.3044272073997
20,878.3044272073743
