Run,Cost
1,876.8798803521734
2,876.8798803686059
3,876.8798803557452
4,876.8798803467398
5,876.8798803648112
6,876.8798803667407
7,876.8798803759561
8,876.8798803478807
9,876.8798803651936
10,876.879880335236
11,876.8798803677028
12,876.8798803659513
13,876.8798803501272
14,876.8798803419909
15,876.8798803564283
16,876.8798803660329
17,876.8798803764303
18,876.8798803738921
19,876.8798803649759
20,876.8798803728259
