Run,Cost
1,4629.298009982338
2,4629.298009960208
3,4629.298010015387
4,4629.298010038279
5,4629.298010111303
6,4629.2980100360855
7,4629.298010045553
8,4629.298010011489
9,4629.29801007957
10,4629.298010082186
11,4629.298010035024
12,4629.29800999217
13,4629.298010053264
14,4629.298010024932
15,4629.2980099951055
16,4629.298010115985
17,4629.298010071381
18,4629.298010049029
19,4629.298010003241
20,4629.298010034701
