Run,Cost
1,4623.563464323597
2,4623.563464323578
3,4623.563464335879
4,4623.5634643026215
5,4623.563464297221
6,4623.563464327216
7,4623.563464272069
8,4623.56346432312
9,4623.563464278515
10,4623.563464331516
11,4623.5634642641135
12,4623.563464306727
13,4623.563464267143
14,4623.563464235452
15,4623.563464299793
16,4623.563464284664
17,4623.563464292506
18,4623.563464372763
19,4623.563464272001
20,4623.563464253378
