Run,Cost
1,9726.793857497865
2,9726.793857624161
3,9726.79385755526
4,9726.79385761192
5,9726.793857589899
6,9726.793857608936
7,9726.793857611965
8,9726.793857607334
9,9726.793857568484
10,9726.793857566396
11,9726.793857546938
12,9726.793857624703
13,9726.793857582
14,9726.79385755667
15,9726.793857529228
16,9726.793857553781
17,9726.793857527835
18,9726.79385747299
19,9726.79385757475
20,9726.7938575795
