Run,Cost
1,9743.064749059917
2,9743.06474897663
3,9743.06474905598
4,9743.064749015088
5,9743.06474904998
6,9743.064749043404
7,9743.064749123661
8,9743.064749027384
9,9743.064748982855
10,9743.064748955614
11,9743.064749037068
12,9743.064749026378
13,9743.064749022526
14,9743.064749003996
15,9743.064748985274
16,9743.064749061432
17,9743.064748984569
18,9743.064749089766
19,9743.064749072137
20,9743.06474900536
