Run,Cost
1,6677.4297668637355
2,6677.429766971761
3,6677.429767057753
4,6677.299870871101
5,6677.429766959916
6,6677.429767007835
7,6677.299870837994
8,6677.429766944865
9,6677.299870738926
10,6677.299870741291
11,6677.299870774554
12,6677.4297669230045
13,6677.299870880234
14,6677.429766925684
15,6677.429766877669
16,6677.429766968182
17,6677.429766922163
18,6677.429766894292
19,6677.429767032135
20,6677.429766919998
