Run,Cost
1,6684.573502562513
2,6684.4202869435385
3,6684.573502648232
4,6684.573502597197
5,6684.42028688885
6,6684.57350267561
7,6684.420286920773
8,6684.420286844098
9,6684.573502670243
10,6684.573502600668
11,6684.420286942725
12,6684.420286977696
13,6684.420286955871
14,6684.420286890282
15,6684.573502610868
16,6684.573502596977
17,6684.573502588877
18,6684.420286960218
19,6684.573502557261
20,6684.573502607428
