Run,Cost
1,4932.949726871642
2,4932.949726959191
3,4932.949726895353
4,4932.949726855771
5,4932.9497268972455
6,4932.9497268406885
7,4932.949726877686
8,4932.949726828653
9,4932.949726831876
10,4932.949726837937
11,4932.949726870934
12,4932.949726838091
13,4932.949726850996
14,4932.949726883469
15,4932.94972683328
16,4932.949726846159
17,4932.949726880693
18,4932.949726913117
19,4932.949726847758
20,4932.9497268071245
