Run,Cost
1,4931.532945514577
2,4931.532945462239
3,4931.532945527218
4,4931.532945441711
5,4931.532945514542
6,4931.532945507773
7,4931.532945516384
8,4931.532945492186
9,4931.532945515251
10,4931.532945527179
11,4931.5329454801895
12,4931.532945526663
13,4931.53294553954
14,4931.532945510034
15,4931.5329455359
16,4931.532945484782
17,4931.532945499949
18,4931.5329454973735
19,4931.532945483169
20,4931.532945514565
