Run,Cost
1,8417.471188084635
2,8417.471188120624
3,8417.471188209654
4,8417.471188172864
5,8417.47118812934
6,8417.471188139149
7,8417.471188143092
8,8417.471188036585
9,8417.471188112617
10,8417.471188150581
11,8417.47118808837
12,8417.471188137191
13,8417.471188142483
14,8417.471188151289
15,8417.471188183885
16,8417.471188194304
17,8417.471188051457
18,8417.471188106956
19,8417.471188112026
20,8417.471188089328
