Run,Cost
1,8423.720391361783
2,8423.720391350202
3,8423.720391394183
4,8423.72039133224
5,8423.720391341203
6,8423.720391418457
7,8423.72039143275
8,8423.72039129695
9,8423.720391321836
10,8423.720391412347
11,8423.720391413157
12,8423.720391416464
13,8423.720391343462
14,8423.720391362649
15,8423.72039136935
16,8423.720391330802
17,8423.720391337543
18,8423.720391351642
19,8423.720391453642
20,8423.720391437342
