Run,Cost
1,7204.491319176697
2,7204.491319252306
3,7204.491319247206
4,7204.124655887002
5,7204.12465596566
6,7204.4913192517515
7,7204.491319248674
8,7204.124655950101
9,7204.124655938318
10,7204.124655898691
11,7204.491319240193
12,7204.49131925611
13,7204.491319245336
14,7204.49131925992
15,7204.124655920234
16,7204.124655884844
17,7204.4913192640415
18,7204.491319254846
19,7204.491319223238
20,7204.1246559263045
