Run,Cost
1,7197.998056283867
2,7197.998056293615
3,7197.63139296306
4,7197.631392925471
5,7197.9980563131585
6,7197.631392975062
7,7197.998056213265
8,7197.998056244073
9,7197.631392980377
10,7197.998056267523
11,7197.998056312244
12,7197.631392931273
13,7197.99805619079
14,7197.631392952935
15,7197.631392921248
16,7197.998056341778
17,7197.998056278001
18,7197.6313929514545
19,7197.998056281883
20,7197.631392985791
