Run,Cost
1,5432.421166191441
2,5432.421166148191
3,5432.421166147245
4,5432.421166162818
5,5432.421166158588
6,5432.421166189146
7,5432.421166213498
8,5432.421166187331
9,5432.42116618564
10,5432.421166189518
11,5432.421166197825
12,5432.421166179016
13,5432.421166167298
14,5432.421166169579
15,5432.421166175542
16,5432.421166189339
17,5432.421166148172
18,5432.421166146216
19,5432.4211661542795
20,5432.421166123749
