Run,Cost
1,5429.013719073852
2,5429.013718995486
3,5429.013719094544
4,5429.013719095866
5,5429.013719026621
6,5429.0137190321375
7,5429.013719126909
8,5429.013719066802
9,5429.0137190814885
10,5429.013719057669
11,5429.01371906619
12,5429.013719028503
13,5429.013719126208
14,5429.013719015249
15,5429.01371907548
16,5429.01371909909
17,5429.01371907227
18,5429.013719138652
19,5429.013719046286
20,5429.013719045129
