Run,Cost
1,8698.845269024205
2,8698.845269055146
3,8698.845269036123
4,8698.845269055619
5,8698.84526905589
6,8698.845268993122
7,8698.845269076652
8,8698.8452690904
9,8698.845269075131
10,8698.845269060768
11,8698.845269055017
12,8698.845269084028
13,8698.845269059615
14,8698.845269040137
15,8698.845269062094
16,8698.845269115602
17,8698.84526910333
18,8698.845269144529
19,8698.84526910517
20,8698.845269101384
