Run,Cost
1,7667.667395511699
2,7667.667395567279
3,7667.66739555341
4,7667.667395585179
5,7667.6673956037275
6,7667.667395551149
7,7667.667395493814
8,7667.667395534975
9,7667.667395571568
10,7667.667395514228
11,7667.667395522666
12,7667.667395610032
13,7667.667395565742
14,7667.667395549945
15,7667.667395524636
16,7667.667395658717
17,7667.667395535885
18,7667.667395530201
19,7667.66739555862
20,7667.667395531706
