Run,Cost
1,7674.185556609609
2,7676.505639481079
3,7676.505639485377
4,7676.505639466118
5,7674.185556667469
6,7676.505639369866
7,7674.185556600793
8,7674.185556638832
9,7676.505639468026
10,7674.185556632114
11,7674.185556625585
12,7676.505639446859
13,7674.185556562381
14,7676.505639418046
15,7674.1855567242965
16,7676.505639471788
17,7676.505639454096
18,7674.185556654203
19,7674.18555662558
20,7674.185556614235
