Run,Cost
1,5553.608584221832
2,5553.608584212192
3,5553.6085842070015
4,5553.60858421614
5,5553.608584243971
6,5553.608584265838
7,5553.608584240112
8,5553.608584220655
9,5553.608584244417
10,5553.608584158273
11,5553.608584247444
12,5553.608584200394
13,5553.6085842222
14,5553.608584204887
15,5553.608584240454
16,5553.608584216359
17,5553.608584214352
18,5553.608584216203
19,5553.60858421435
20,5553.608584231131
