Run,Cost
1,5555.319800332172
2,5555.578159551494
3,5555.319800266212
4,5555.319800278735
5,5555.578159598764
6,5555.578159551454
7,5555.578159614261
8,5555.319800335923
9,5555.319800327038
10,5555.57815953145
11,5555.578159541212
12,5555.31980031316
13,5555.578159591135
14,5555.319800265426
15,5555.319800319509
16,5555.319800318982
17,5555.319800321779
18,5555.578159566595
19,5555.319800246903
20,5555.319800287161
