Run,Cost
1,3951.9476313596597
2,3951.947631355366
3,3951.9476313407104
4,3951.947631356439
5,3951.9476312851807
6,3951.9476313220143
7,3951.947631340577
8,3951.947631355066
9,3951.9476313033824
10,3951.9476313421987
11,3951.947631324466
12,3951.947631350868
13,3951.9476313466407
14,3951.947631350919
15,3951.9476313385626
16,3951.947631358421
17,3951.9476313683663
18,3951.9476312964234
19,3951.9476313788286
20,3951.947631367897
