Run,Cost
1,3948.4531818658306
2,3948.4531817999723
3,3948.4531818474525
4,3948.4531818504747
5,3948.4531818464366
6,3948.4531818189403
7,3948.4531818458586
8,3948.4531817963025
9,3948.4531818591313
10,3948.4531818585133
11,3948.4531818733444
12,3948.4531818508044
13,3948.453181863571
14,3948.4531818105183
15,3948.453181796383
16,3948.4531818550972
17,3948.453181865675
18,3948.453181821338
19,3948.4531818544306
20,3948.4531818214086
