Run,Cost
1,4802.472117197838
2,4802.472117126499
3,4802.472117139429
4,4802.472117067452
5,4802.472117115061
6,4802.472117117317
7,4802.472117105313
8,4802.472117149912
9,4802.472117081542
10,4802.472117159922
11,4802.472117088609
12,4802.472117131379
13,4802.472117124603
14,4802.472117084553
15,4802.472117135018
16,4802.472117134288
17,4802.4721171358
18,4802.472117095055
19,4802.472117094678
20,4802.472117105599
