Run,Cost
1,4808.343965703972
2,4808.343965729861
3,4808.343965689076
4,4808.343965735238
5,4808.343965713474
6,4808.3439656830615
7,4808.343965646386
8,4808.34396578412
9,4808.3439657049385
10,4808.343965700307
11,4808.343965700844
12,4808.343965745424
13,4808.34396565792
14,4808.343965698512
15,4808.343965616534
16,4808.34396568804
17,4808.343965709786
18,4808.343965666615
19,4808.343965628259
20,4808.343965610562
