Run,Cost
1,6224.842668707044
2,6224.842668685306
3,6224.842668755031
4,6224.84266877927
5,6224.842668759602
6,6224.8426687399615
7,6224.842668700097
8,6224.8426687170495
9,6224.842668745888
10,6224.842668724849
11,6224.842668738965
12,6224.842668831187
13,6224.8426686511975
14,6224.842668737294
15,6224.842668778698
16,6224.842668687484
17,6224.8426687242845
18,6224.842668713122
19,6224.842668639885
20,6224.842668742531
