Run,Cost
1,3059.035166812142
2,3059.035166753346
3,3059.035166760786
4,3059.0351667889577
5,3059.0351667986024
6,3059.035166787559
7,3059.035166792561
8,3059.0351668050694
9,3059.035166806192
10,3059.0351667606606
11,3059.035166787435
12,3059.035166805249
13,3059.035166809232
14,3059.0351668202884
15,3059.035166788384
16,3059.035166796307
17,3059.0351667784475
18,3059.035166843385
19,3059.0351667741993
20,3059.0351668328044
