Run,Cost
1,15537.869904369798
2,15537.869904375042
3,15537.869904303268
4,15537.869904296069
5,15537.869904379886
6,15537.869904356114
7,15537.869904331093
8,15537.869904240011
9,15537.869904351215
10,15537.869904373063
11,15537.86990434368
12,15537.869904397876
13,15537.86990440127
14,15537.869904331852
15,15537.86990428598
16,15537.86990433553
17,15537.869904361094
18,15537.869904354677
19,15537.869904330213
20,15537.869904338066
