Run,Cost
1,15537.820009081657
2,15537.820009191228
3,15537.82000911711
4,15537.82000908721
5,15537.820009108222
6,15537.820009042789
7,15537.820009125338
8,15537.820009165065
9,15537.820009200079
10,15537.820009075373
11,15537.820009192155
12,15537.820009057505
13,15537.820009104767
14,15537.82000908769
15,15537.82000915539
16,15537.820009088256
17,15537.82000910633
18,15537.820009071602
19,15537.820009157138
20,15537.82000912592
