Run,Cost
1,7257.341918980425
2,7257.34191902071
3,7257.341919020672
4,7257.341918990774
5,7257.341918997815
6,7257.341918997164
7,7257.061405350812
8,7257.341918998608
9,7257.341918990438
10,7257.061405275008
11,7255.698083549887
12,7255.978597310182
13,7257.061405281653
14,7257.341918985547
15,7257.061405304286
16,7255.698083678782
17,7257.341919023206
18,7255.978597303431
19,7257.3419190343
20,7257.0614053184945
