Run,Cost
1,7249.930993081837
2,7249.9309931265425
3,7249.930993035563
4,7249.930993085876
5,7249.93099308326
6,7249.93099309506
7,7249.9309930921
8,7249.930993143097
9,7249.930993111166
10,7249.930993086583
11,7249.93099308031
12,7249.930993060428
13,7249.930993111751
14,7249.9309931201215
15,7249.9309931021735
16,7249.930993104147
17,7249.930993112575
18,7249.930993137474
19,7249.930993161272
20,7249.9309931124
