Run,Cost
1,5948.415415409715
2,5948.41541543479
3,5948.415415470263
4,5948.41541543788
5,5948.415415457681
6,5948.415415415078
7,5948.415415405663
8,5948.415415393419
9,5948.415415404555
10,5948.415415381165
11,5948.415415383743
12,5948.415415433751
13,5948.415415407021
14,5948.415415382605
15,5948.415415455105
16,5948.415415394007
17,5948.415415392849
18,5948.41541541741
19,5948.415415400681
20,5948.4154153798645
