Run,Cost
1,5946.689131260361
2,5946.689131194945
3,5946.689131264347
4,5946.68913119144
5,5946.689131214637
6,5946.689131245771
7,5946.6891312645175
8,5946.689131159787
9,5946.6891312453035
10,5946.689131207455
11,5946.689131257277
12,5946.689131193004
13,5946.689131198444
14,5946.689131215088
15,5946.689131266373
16,5946.689131269017
17,5946.689131213766
18,5946.689131258977
19,5946.689131245902
20,5946.689131173503
