Run,Cost
1,4557.750442701887
2,4557.233419836073
3,4557.2334198462395
4,4557.750442661648
5,4557.750442646902
6,4557.233419781659
7,4557.233419793559
8,4557.7504427199165
9,4557.750442727079
10,4557.75044266201
11,4557.233419801007
12,4557.233419788865
13,4557.750442697835
14,4557.750442705146
15,4557.233419841822
16,4557.233419783421
17,4557.2334197495475
18,4557.233419835124
19,4557.233419752902
20,4557.233419789694
