Run,Cost
1,4556.692377463025
2,4556.692377462124
3,4556.692377478617
4,4556.692377468518
5,4556.692377479227
6,4556.692377476125
7,4556.692377450018
8,4556.692377485311
9,4556.692377430145
10,4556.69237744662
11,4556.692377442598
12,4556.69237748266
13,4556.6923774483175
14,4556.692377486547
15,4556.69237746731
16,4556.692377456357
17,4556.6923774577235
18,4556.692377472161
19,4556.692377484797
20,4556.692377467436
