Run,Cost
1,4796.163287364827
2,4796.163287416583
3,4796.16328729585
4,4796.163287348856
5,4796.163287327067
6,4796.163287413407
7,4796.163287410446
8,4796.163287372158
9,4796.163287400498
10,4796.16328738159
11,4796.163287350958
12,4796.16328733555
13,4796.163287332142
14,4796.163287368558
15,4796.163287355149
16,4796.163287384234
17,4796.1632873418885
18,4796.163287379098
19,4796.163287367042
20,4796.163287335542
