Run,Cost
1,4789.874695706372
2,4789.874695692186
3,4789.874695700604
4,4789.874695717501
5,4789.874695709415
6,4789.87469570535
7,4789.874695724363
8,4789.874695716626
9,4789.874695754657
10,4789.8746957691155
11,4789.874695725105
12,4789.874695689654
13,4789.8746957373405
14,4789.874695728892
15,4789.874695660888
16,4789.874695724863
17,4789.874695746285
18,4789.874695765393
19,4789.874695714397
20,4789.874695752775
