Run,Cost
1,227993.32734649026
2,227993.32734625638
3,227993.32734643912
4,227993.32734655397
5,227993.32734647748
6,227993.32734648738
7,227993.32734639052
8,227993.3273458611
9,227993.32734609043
10,227993.3273463216
11,227993.3273462698
12,227993.3273462397
13,227993.32734624308
14,227993.327346257
15,227993.3273462219
16,227993.32734616566
17,227993.3273462537
18,227993.3273463787
19,227993.3273460983
20,227993.3273460495
