Run,Cost
1,280347.5609625252
2,280385.28769034066
3,280387.6554253675
4,280390.7941415223
5,280388.4264066347
6,280385.28769041965
7,280347.5609622992
8,280344.4222460793
9,280385.28769057203
10,280385.2876906146
11,280390.7941417082
12,280385.28769047424
13,280387.65542542154
14,280388.4264066491
15,280388.4264067877
16,280387.65542524075
17,280390.7941414089
18,280385.28769058484
19,280390.79414158274
20,280387.6554251084
