Run,Cost
1,284057.4720735229
2,284058.56240251235
3,284013.52966228896
4,283968.149524343
5,284012.4393334032
6,283966.0481916115
7,284057.47207369795
8,284058.5624027253
9,283968.149524631
10,284057.551398504
11,283966.0481916532
12,283967.0591955825
13,283967.13852047373
14,284057.5513984577
15,284013.5296626615
16,284013.45033730083
17,284014.5406665108
18,283967.0591955303
19,283966.0481917554
20,283967.0591955527
