Run,Cost
1,292613.73431174667
2,292613.73431184946
3,292613.7343116153
4,292613.73431150056
5,292613.73431140964
6,292613.7343116329
7,292613.7343116384
8,292613.7343116655
9,292613.7343113484
10,292613.73431152187
11,292613.7343116273
12,292613.73431158176
13,292613.7343112005
14,292613.7343116439
15,292613.73431186087
16,292613.7343118459
17,292613.73431168374
18,292613.7343116674
19,292613.73431157245
20,292613.7343114674
