Run,Cost
1,229098.9413148976
2,229098.9413146939
3,229100.21699733363
4,229100.1153943797
5,229098.83971189836
6,229098.9353842274
7,229098.8397118598
8,229100.21106701548
9,229098.8397118101
10,229100.11539446583
11,229100.12132474306
12,229100.2169973028
13,229098.9413151018
14,229098.93538434326
15,229098.84564228266
16,229098.93538436867
17,229098.83971169058
18,229100.1153943995
19,229098.84564257157
20,229098.8397120675
