Run,Cost
1,294462.57557293423
2,294462.57557265216
3,294462.5755727262
4,294462.57557299186
5,294462.5755728061
6,294462.575572952
7,294462.5755730244
8,294462.5755726423
9,294462.5755728215
10,294462.5755728563
11,294462.5755725492
12,294462.5755728993
13,294462.5755724794
14,294462.57557301014
15,294462.5755728959
16,294462.57557259465
17,294462.57557300245
18,294462.5755729289
19,294462.575572781
20,294462.5755730082
