Run,Cost
1,284228.2471879329
2,284228.24718773674
3,284228.24718792504
4,284228.24718764256
5,284228.2471877689
6,284228.247187664
7,284228.2471880161
8,284228.2471876881
9,284228.24718778295
10,284228.2471877212
11,284228.24718791107
12,284228.2471877533
13,284228.24718792795
14,284228.2471877815
15,284228.24718779186
16,284228.2471877302
17,284228.24718777766
18,284228.2471881121
19,284228.24718788575
20,284228.2471880065
