Run,Cost
1,280629.47348421224
2,280629.47348460066
3,280629.47348466865
4,280629.4734847434
5,280629.4734845489
6,280629.47348459397
7,280629.4734848505
8,280629.47348423436
9,280629.47348472325
10,280629.4734847421
11,280629.4734846774
12,280629.47348459065
13,280629.47348433605
14,280629.4734846605
15,280629.4734843154
16,280629.47348449373
17,280629.47348434385
18,280629.47348454094
19,280629.47348438384
20,280629.4734845408
