Run,Cost
1,282420.6520873543
2,282409.7854065768
3,282423.07297988277
4,282425.17587392876
5,282406.97166838584
6,282423.0729797389
7,282422.29317913944
8,282402.6572672672
9,282423.07297988934
10,282415.06642141164
11,282396.10498776566
12,282415.08899390243
13,282423.53478192183
14,282420.65208721056
15,282421.3232753365
16,282406.97166823625
17,282423.53478154296
18,282422.7549813326
19,282422.2931792188
20,282404.08897341613
