Run,Cost
1,228460.19941013173
2,228464.06087680458
3,228460.19941009753
4,228464.0608770455
5,228464.56163212087
6,228460.70016491035
7,228460.70016496282
8,228464.0608766736
9,228460.19941016813
10,228460.06717711798
11,228463.42788908287
12,228464.56163186606
13,228460.06717718873
14,228460.06717718652
15,228460.19941015352
16,228460.19941030422
17,228463.42788935945
18,228463.42788905225
19,228460.19940995672
20,228464.56163167136
