Run,Cost
1,16828.97163752026
2,16828.971637538256
3,16828.971637481067
4,16828.97163744391
5,16828.971637462633
6,16828.97163745919
7,16828.97163746487
8,16828.971637519815
9,16828.97163749189
10,16828.971637519382
11,16828.971637491955
12,16828.97163751453
13,16828.971637551516
14,16828.971637457442
15,16828.97163741188
16,16828.971637511968
17,16828.971637466475
18,16828.971637473063
19,16828.9716374942
20,16828.97163743604
