Run,Cost
1,4624.213825827957
2,4624.213825811875
3,4624.213825803148
4,4624.2138257969345
5,4624.213825818694
6,4624.213825842768
7,4624.213825879671
8,4624.213825833277
9,4624.2138258259365
10,4624.213825809528
11,4624.213825849621
12,4624.213825807436
13,4624.213825794033
14,4624.21382583217
15,4624.21382580004
16,4624.213825812407
17,4624.213825848116
18,4624.213825853614
19,4624.213825794378
20,4624.213825806963
