Run,Cost
1,5990.062792872737
2,5990.062792937754
3,5990.0627929163775
4,5990.062792893214
5,5990.062792887138
6,5990.062792863395
7,5990.062792882019
8,5990.062792897187
9,5990.062792905506
10,5990.062792957909
11,5990.06279291052
12,5990.0627929156735
13,5990.0627929350385
14,5990.062792935831
15,5990.06279292147
16,5990.062792952267
17,5990.062792887242
18,5990.062792830097
19,5990.062792917114
20,5990.062792923495
