Run,Cost
1,10840.760442011593
2,10840.760441932403
3,10840.760442049488
4,10840.760441970759
5,10840.76044205118
6,10840.7604420228
7,10840.760442039287
8,10840.76044204535
9,10840.760442024499
10,10840.760441974637
11,10840.760442048126
12,10840.760442036544
13,10840.760441985352
14,10840.760442067594
15,10840.760442081217
16,10840.76044201681
17,10840.760441973642
18,10840.760441984556
19,10840.760442056711
20,10840.760442037075
