Run,Cost
1,5777.216063029239
2,5777.216063012914
3,5777.21606307203
4,5777.216063078152
5,5777.216063032484
6,5777.216063040391
7,5777.216063019274
8,5777.216063038872
9,5777.216063020386
10,5777.216062993154
11,5777.216063004955
12,5777.216062988296
13,5777.216063017705
14,5777.216063013825
15,5777.216063046384
16,5777.2160630010785
17,5777.216063015382
18,5777.216063015111
19,5777.2160629810905
20,5777.216063042308
