Run,Cost
1,12693.973026042237
2,12693.97302603857
3,12693.973026046751
4,12693.973026018928
5,12693.97302608428
6,12693.973026003683
7,12693.973026076595
8,12693.973025972677
9,12693.97302606647
10,12693.973026038904
11,12693.973026030677
12,12693.973026041827
13,12693.97302606849
14,12693.973026037685
15,12693.973026073849
16,12693.973026023868
17,12693.973026068248
18,12693.973026020276
19,12693.973026048212
20,12693.973026018653
