Run,Cost
1,4629.784932838874
2,4629.784932869443
3,4629.784932838637
4,4629.784932801322
5,4629.784932878575
6,4629.784932865153
7,4629.784932811457
8,4629.784932846211
9,4629.784932852575
10,4629.784932874911
11,4629.7849328460015
12,4629.78493284406
13,4629.78493285296
14,4629.784932847816
15,4629.7849328427465
16,4629.7849328555585
17,4629.784932812774
18,4629.784932870244
19,4629.784932882327
20,4629.784932832713
