Run,Cost
1,10827.380328640906
2,10827.380328627112
3,10827.380328637848
4,10827.3803286357
5,10827.3803286699
6,10827.380328678226
7,10827.380328662472
8,10827.38032868414
9,10827.38032867244
10,10827.380328638392
11,10827.380328657295
12,10827.38032868529
13,10827.38032861289
14,10827.380328643727
15,10827.380328696192
16,10827.380328616739
17,10827.380328661617
18,10827.380328676267
19,10827.380328654954
20,10827.380328637755
