Run,Cost
1,4090.864641455234
2,4090.864641488502
3,4090.864641552187
4,4090.8646415122275
5,4090.864641518255
6,4090.8646415036974
7,4090.8646415122853
8,4090.8646415165244
9,4090.8646414924833
10,4090.8646415130265
11,4090.8646415354015
12,4090.8646415387448
13,4090.864641541228
14,4090.8646415458898
15,4090.864641503996
16,4090.8646415650032
17,4090.8646415667663
18,4090.8646415539165
19,4090.8646415390913
20,4090.8646414643686
