Run,Cost
1,5983.872102154424
2,5983.8721021341835
3,5983.872102146558
4,5983.872102129798
5,5983.87210215637
6,5983.872102146817
7,5983.872102134106
8,5983.872102097194
9,5983.8721021327165
10,5983.872102122335
11,5983.872102160001
12,5983.8721021237325
13,5983.872102108629
14,5983.872102165047
15,5983.8721021829615
16,5983.872102102772
17,5983.872102105624
18,5983.872102149808
19,5983.872102076299
20,5983.872102141196
