Run,Cost
1,5775.194094095132
2,5775.194094093858
3,5775.194094030946
4,5775.194094077794
5,5775.194094083231
6,5775.194094044705
7,5775.194094100725
8,5775.194094065137
9,5775.194094061308
10,5775.19409411063
11,5775.194094067305
12,5775.194094103122
13,5775.19409404867
14,5775.19409409062
15,5775.1940940821005
16,5775.194094016594
17,5775.194094047995
18,5775.1940941339135
19,5775.19409406883
20,5775.194094058651
