Run,Cost
1,12692.768710315482
2,12692.76871037607
3,12692.768710422399
4,12692.76871037049
5,12692.768710355844
6,12692.768710351796
7,12692.76871035332
8,12692.768710367514
9,12692.768710344297
10,12692.768710395323
11,12692.768710320339
12,12692.76871043859
13,12692.76871038799
14,12692.768710387647
15,12692.768710372833
16,12692.768710417657
17,12692.768710413151
18,12692.768710404624
19,12692.768710423543
20,12692.768710417442
