Run,Cost
1,132.00000000087243
2,120.99999999145582
3,132.00000000243267
4,120.99999999712067
5,119.00000000494425
6,119.99999999568843
7,120.99999998926316
8,120.00000001599179
9,120.99999998815352
10,118.00000001226564
11,120.00000000402288
12,118.99999999649603
13,120.00000001710733
14,119.00000001904147
15,120.0000000093706
16,132.00000001160632
17,120.00000000462487
18,132.0000000086805
19,120.00000000543919
20,121.00000000393284
