Run,Cost
1,248.9999999941262
2,250.00000000751237
3,250.0000000022752
4,251.00000003762148
5,254.00000000704424
6,253.99999999838147
7,249.99999998366272
8,254.00000001957832
9,254.0000000091817
10,248.0000000383815
11,249.9999999776215
12,250.00000001646558
13,253.99999999980108
14,254.00000001950136
15,250.0000000147285
16,253.99999999726674
17,252.0000000275239
18,252.0000000342794
19,254.0000000210653
20,250.9999999788501
