Run,Cost
1,69.00000001855754
2,71.00000001449949
3,70.99999999824007
4,69.00000000824834
5,67.99999999550445
6,67.0000000033309
7,69.00000000282311
8,70.00000000128887
9,68.00000000260808
10,69.99999999987368
11,69.00000000449018
12,66.99999999313252
13,70.00000000392485
14,72.00000000100579
15,72.00000000403722
16,69.00000000405484
17,72.00000000024187
18,70.0000000001318
19,69.00000000937517
20,67.00000000621296
