Run,Cost
1,92.00000001220731
2,80.9999999991547
3,85.0000000192309
4,78.00000002582473
5,95.00000000211404
6,83.00000002832803
7,76.00000002694533
8,86.00000002189907
9,80.00000001575918
10,77.00000002692028
11,89.00000001740362
12,87.00000000778503
13,80.00000001862139
14,84.00000002335997
15,80.00000001761214
16,90.00000001896204
17,84.00000001270375
18,88.00000001698496
19,90.00000002038112
20,87.00000002056828
