Run,Cost
1,253.99999999477322
2,254.00000000491076
3,254.00000000201197
4,254.00000003298848
5,253.99999999950236
6,253.9999999873424
7,254.00000001508073
8,254.00000000930504
9,254.0000000138182
10,254.0000000192199
11,254.0000000196752
12,253.99999999932524
13,254.00000000001
14,253.99999999570895
15,253.999999990785
16,254.00000000197875
17,254.000000013873
18,254.00000001223194
19,253.99999998398485
20,253.99999997715258
