Run,Cost
1,94.9999999990493
2,94.99999999749399
3,95.00000000559889
4,97.00000001198725
5,96.99999999288258
6,96.00000000384999
7,95.00000001256099
8,95.99999999469382
9,95.00000000960485
10,94.99999999460987
11,95.00000000145631
12,95.0000000053863
13,95.00000000082366
14,97.00000001034795
15,95.00000000982384
16,94.99999999111661
17,94.9999999895731
18,96.99999999656812
19,94.99999998917411
20,97.00000000261105
