Run,Cost
1,51.000000002490296
2,51.00000001180674
3,50.99999999501174
4,53.000000005725155
5,51.0000000078988
6,50.99999999506759
7,49.9999999981569
8,50.00000000337595
9,52.000000001546425
10,50.99999999933462
11,51.00000000043241
12,51.00000000218413
13,50.99999999628674
14,52.00000001055067
15,51.000000003686445
16,51.00000000066735
17,51.99999999972725
18,50.99999999139979
19,50.99999999412373
20,51.99999999504583
