Run,Cost
1,39.00000001780667
2,48.00000001162188
3,47.000000013169846
4,40.00000001672681
5,47.000000017877156
6,47.0000000109706
7,41.000000022637614
8,47.00000001916059
9,44.00000000924325
10,40.000000018599614
11,40.000000018328734
12,45.000000015190025
13,39.000000011488865
14,43.00000002106441
15,46.00000001377003
16,39.00000002309665
17,44.000000017026714
18,42.00000001934972
19,46.00000000816035
20,40.00000001994515
