Run,Cost
1,57.00000001675952
2,62.00000003107006
3,58.00000001615669
4,61.000000021869546
5,65.00000002106712
6,63.000000012418006
7,59.00000001298248
8,61.00000000894318
9,63.000000019414124
10,54.00000001132478
11,60.00000002239648
12,65.00000001158536
13,54.00000002692024
14,70.00000001496691
15,60.00000001883565
16,58.000000022598904
17,61.00000001710839
18,59.000000024372106
19,54.00000002193093
20,68.0000000143261
