Run,Cost
1,136.0000000074599
2,136.00000000990715
3,134.00000000462197
4,144.00000001460214
5,136.00000000959912
6,148.00000001294413
7,119.00000001537536
8,149.00000003141125
9,140.9999999979084
10,145.99999997959924
11,130.99999998636548
12,140.00000001894233
13,157.00000000008586
14,129.000000022459
15,141.00000001315087
16,133.00000000156632
17,132.00000000865435
18,134.0000000173442
19,141.00000001131224
20,131.0000000060874
