Run,Cost
1,86.00000001011705
2,86.99999999390832
3,86.00000000957338
4,84.00000002473435
5,91.00000000188984
6,82.99999999404737
7,90.0000000013228
8,87.00000000607496
9,87.00000001161409
10,90.00000001041899
11,87.99999999311
12,84.99999999695245
13,88.00000000501879
14,88.00000001037147
15,89.00000000592334
16,79.99999998690167
17,80.99999999851822
18,91.00000001324194
19,92.00000001285254
20,86.99999999748901
