Run,Cost
1,153.00000001469277
2,156.99999999522606
3,149.99999998785307
4,166.0000000182753
5,171.00000001608225
6,168.99999999844832
7,151.00000002761507
8,149.99999998745332
9,152.00000003316148
10,173.00000002621647
11,158.00000001756138
12,158.00000001753028
13,158.00000000771314
14,166.99999998811518
15,162.0000000226395
16,168.00000002013235
17,156.00000003311308
18,167.00000003135742
19,164.99999997957744
20,163.00000001696492
