Run,Cost
1,81.0000000210771
2,74.00000002557226
3,76.00000001296739
4,80.00000003078726
5,80.00000002373683
6,86.00000002147348
7,76.00000002958967
8,79.00000002844016
9,81.00000002345953
10,77.00000001982369
11,79.00000002713105
12,72.00000002013728
13,83.00000002952794
14,68.00000002807515
15,81.00000002814558
16,76.00000002953475
17,68.00000003096206
18,79.0000000290007
19,77.00000002604419
20,79.00000002016269
