Run,Cost
1,71.00000000168058
2,68.00000000893263
3,63.0000000051361
4,68.0000000034036
5,68.0000000088589
6,66.00000000065847
7,69.00000000655332
8,66.00000001069786
9,63.000000006360246
10,70.00000000988629
11,67.00000000280144
12,61.99999999239218
13,69.99999999611973
14,69.99999999655009
15,67.00000000378321
16,70.00000001425978
17,68.99999999502897
18,69.99999998450173
19,68.00000000375401
20,68.99999999793371
