Run,Cost
1,368.99999998700207
2,368.99999998705255
3,368.9999999970413
4,368.9999999860182
5,369.00000002787425
6,368.99999999978337
7,369.000000016352
8,369.00000000435693
9,369.0000000400314
10,369.0000000172394
11,368.9999999933013
12,369.0000000244189
13,368.99999998197154
14,368.999999975058
15,368.99999997089645
16,368.9999999803364
17,368.999999978942
18,369.0000000206749
19,368.9999999711224
20,369.0000000160912
