Run,Cost
1,368.9999999939569
2,369.0000000298731
3,369.0000000079967
4,368.99999996950555
5,368.99999999974614
6,369.0000000163815
7,369.000000010878
8,366.9999999852087
9,368.9999999967452
10,367.9999999731643
11,368.99999999346977
12,368.999999995652
13,368.9999999945857
14,368.99999999440774
15,368.9999999970057
16,366.9999999843231
17,368.9999999936826
18,369.0000000319217
19,369.00000001111795
20,369.00000002598796
