Run,Cost
1,130.000000013172
2,130.00000000878836
3,126.00000000315268
4,129.99999999151206
5,126.00000000636875
6,123.99999998042149
7,127.99999998753977
8,130.00000000406814
9,125.9999999897073
10,125.00000001270398
11,125.00000000597132
12,130.00000000657522
13,128.00000000112865
14,130.00000001499174
15,127.9999999921494
16,129.0000000164898
17,124.99999999786905
18,125.0000000017825
19,129.00000000533544
20,125.00000000895596
