Run,Cost
1,101.99999999914779
2,91.00000000524112
3,104.00000000437151
4,101.00000002070861
5,105.00000001471344
6,96.99999998925814
7,98.0000000027474
8,102.00000000565184
9,103.00000001478871
10,101.00000000319109
11,105.00000000759817
12,103.9999999854378
13,96.00000000595087
14,108.99999999404338
15,108.000000011156
16,98.9999999863856
17,105.00000000092528
18,101.00000001157709
19,106.00000001016926
20,102.99999999930687
