Run,Cost
1,97.0000000218829
2,95.00000003086802
3,96.0000000255958
4,94.0000000315082
5,89.00000003106564
6,104.00000003092556
7,105.00000003064505
8,98.00000001414794
9,94.00000003066175
10,101.00000003894876
11,96.00000002020683
12,100.00000001927071
13,89.00000002406628
14,106.0000000122526
15,92.000000027409
16,95.0000000199303
17,94.00000002241298
18,106.00000002868836
19,87.0000000294423
20,102.00000001966332
