Run,Cost
1,81.0000000010919
2,85.99999999893241
3,74.00000000671061
4,75.9999999950961
5,77.00000001145345
6,82.99999999922038
7,76.00000000132215
8,83.00000000231866
9,82.00000000208085
10,82.00000000195479
11,77.00000000092356
12,83.99999999535662
13,74.00000001736257
14,78.00000000924165
15,78.0000000096229
16,84.99999999369633
17,77.00000000754004
18,78.00000000290383
19,85.00000000161319
20,75.99999999922406
