Run,Cost
1,234.0000000080289
2,231.0000000035974
3,232.00000002613555
4,233.99999998891565
5,200.00000001138835
6,234.0000000293558
7,234.9999999898809
8,236.00000000469
9,240.00000000338446
10,235.99999995847887
11,199.99999998631807
12,238.00000003066086
13,235.0000000223195
14,234.00000000781233
15,242.0000000329988
16,212.99999997308717
17,199.99999999322196
18,230.0000000004712
19,234.0000000027897
20,239.99999999064147
