Run,Cost
1,70.00000002834882
2,69.00000002835222
3,72.00000003082307
4,70.00000003294184
5,63.00000001518515
6,62.00000003500967
7,76.00000002328329
8,73.00000002224361
9,69.00000002713027
10,70.00000002594882
11,71.00000002368206
12,73.00000001940944
13,61.000000030587394
14,76.00000001308595
15,76.00000002457622
16,68.00000002691603
17,73.00000001474406
18,56.000000031813684
19,66.000000027258
20,77.00000001626499
