Run,Cost
1,148.0000000024873
2,151.00000000888934
3,149.9999999882376
4,150.000000004494
5,150.00000000592857
6,153.99999999475884
7,148.00000001020516
8,147.00000000098242
9,156.00000000091967
10,160.00000002268462
11,158.00000000460406
12,151.00000002249624
13,144.9999999982917
14,149.00000000228283
15,150.00000001281515
16,151.99999997597567
17,145.0000000073134
18,151.9999999933109
19,157.00000002021915
20,153.00000000049636
