Run,Cost
1,489.9999999949552
2,489.9999999883889
3,489.9999999879214
4,490.99999993379976
5,491.0000000110859
6,490.9999999488041
7,490.99999996958877
8,491.00000002434285
9,489.99999994048585
10,491.00000000119286
11,490.9999999784479
12,491.00000003281247
13,490.9999999913068
14,490.0000000314928
15,491.00000001793944
16,489.99999997510054
17,491.00000003191
18,491.0000000493818
19,491.0000000227952
20,490.000000045421
