Run,Cost
1,124.0000000348288
2,137.00000000309737
3,147.0000000197558
4,134.0000000216621
5,135.00000001727543
6,125.00000000942022
7,140.00000000896253
8,142.00000000877046
9,128.00000002368674
10,128.00000001692894
11,136.00000003024576
12,139.00000002978416
13,142.0000000116222
14,141.00000001503074
15,140.00000001406121
16,132.00000003011093
17,131.00000004386914
18,142.0000000292514
19,145.00000001321996
20,135.00000002566
