Run,Cost
1,192.00000001002547
2,189.00000001233562
3,196.00000002869447
4,181.00000000718853
5,181.00000001315186
6,194.0000000097511
7,200.0000000139658
8,187.00000002081268
9,187.00000002479993
10,170.99999998830054
11,170.99999998274174
12,200.00000002098668
13,195.0000000037511
14,200.0000000201112
15,199.00000001579508
16,167.00000000333537
17,189.00000001193186
18,161.0000000037791
19,197.00000000421562
20,168.00000000597723
