Run,Cost
1,656.9999999991193
2,657.0000000142816
3,656.9999999850866
4,657.0000000487493
5,656.999999935384
6,656.999999977713
7,657.0000000267598
8,657.0000000558725
9,657.0000000013225
10,656.9999999663686
11,656.9999999339578
12,657.0000000651698
13,656.9999999864476
14,656.9999999774305
15,657.0000000240981
16,657.0000000183435
17,657.0000000262748
18,656.9999999588832
19,657.0000000117095
20,657.0000000172065
