Run,Cost
1,126.00000003530728
2,113.00000004545721
3,124.00000002021275
4,112.00000004085531
5,108.00000003426204
6,119.00000002745591
7,119.00000003825843
8,113.00000004266138
9,113.00000004761327
10,99.00000004514429
11,115.00000003111327
12,127.00000003832056
13,119.00000004068795
14,113.00000002156301
15,109.00000003981921
16,112.00000003706879
17,114.00000004802422
18,110.00000003994441
19,117.00000003245327
20,124.00000003296815
