Run,Cost
1,125.00000000454033
2,121.99999999037956
3,119.00000000614916
4,129.99999999628187
5,118.00000001907306
6,118.00000000064885
7,118.00000000524278
8,122.00000001233086
9,117.00000000272604
10,116.9999999820137
11,115.00000000047211
12,125.00000000496738
13,124.00000000639297
14,121.00000000095923
15,121.99999999484038
16,116.00000000013141
17,122.000000000459
18,117.00000001615655
19,125.99999999928306
20,117.99999999066766
