Run,Cost
1,265.0000000098062
2,257.00000000783257
3,274.0000000124456
4,266.0000000393489
5,267.99999998834096
6,261.99999999747024
7,275.0000000101439
8,252.9999999986468
9,275.0000000295817
10,267.00000002847173
11,267.99999999397875
12,264.0000000072372
13,264.0000000003554
14,251.9999999764818
15,255.00000000988624
16,264.00000003281536
17,267.9999999876005
18,268.00000001095253
19,274.9999999835421
20,267.00000004165526
