Run,Cost
1,71.00000003824354
2,85.00000002274354
3,84.00000003369958
4,79.00000003288395
5,77.00000003125702
6,75.00000003010953
7,80.00000004126873
8,84.00000001930356
9,82.00000003188298
10,75.00000003522183
11,86.00000002506388
12,75.00000004299194
13,76.00000002846585
14,80.0000000314226
15,79.00000003454726
16,86.0000000307637
17,84.00000002877937
18,83.00000003926017
19,86.0000000308392
20,78.0000000260517
