Run,Cost
1,271.00000001410905
2,278.0000000258906
3,252.00000003544886
4,256.0000000171044
5,286.00000002987684
6,278.99999997937704
7,272.00000000024687
8,277.99999999595275
9,265.0000000746602
10,247.00000003414948
11,263.99999999512227
12,263.00000002102377
13,253.00000001960592
14,278.00000001943806
15,264.99999999972664
16,268.0000000475285
17,249.00000001518225
18,273.0000000259416
19,264.00000001750647
20,270.99999997659296
