Run,Cost
1,162.00000003513654
2,171.00000002905293
3,183.0000000223432
4,153.00000003928776
5,157.0000000285491
6,150.0000000442709
7,167.00000005031956
8,176.00000002142687
9,190.0000000182728
10,154.0000000404646
11,166.0000000397647
12,165.00000003149603
13,172.00000002559398
14,171.0000000151329
15,165.00000003806034
16,174.0000000316408
17,160.00000004551688
18,175.00000002568336
19,182.0000000310505
20,164.00000001008604
